# Task debug log（已脱敏，可安全上传 GitHub）
# 单文件超过 10MB 自动滚动为 tiktok_debug.1.log / tiktok_debug.2.log
[YT-DLP]
path=C:\Users\Administrator\Desktop\下载\bin\yt-dlp.exe
version=2026.08.19

[ENVIRONMENT CHECK]
Python=OK (3.11.9)
FFmpeg=OK
NVENC=OK
Node.js=OK
yt-dlp=OK
yt-dlp版本=2026.08.19
Cookie=OK
Extension=OK
Proxy=SYSTEM
Chrome CDP=DISABLED

============================================================
[TASK START]
task_id=80C21E
platform=tiktok
url=https://www.tiktok.com/@jackjerry/video/7505139951973960990
start_time=2026-08-22 12:24:35
============================================================

[ENVIRONMENT]
python_version=3.11.9
os=Windows
yt_dlp_path=C:\Users\Administrator\Desktop\下载\bin\yt-dlp.exe
yt_dlp_version=2026.08.19
node_path=C:\Program Files\nodejs\node.EXE
ffmpeg_path=C:\Users\Administrator\Desktop\下载\ffmpeg\bin\ffmpeg.exe

[REQUEST]
task_id=80C21E
cookie=true
ua=true
referer=true
concurrency=8
cookie_exists=true
cookie_count=45
cookie_header=REDACTED
sessionid=absent
msToken=present
sid_tt=absent
ttwid=absent
tt_chain_token=absent
passport_csrf_token=absent

============================================================
[ATTEMPT]
task_id=80C21E
attempt=1
concurrency=8
============================================================

[ERROR]
task_id=80C21E
attempt=1
class=YTDLP
message=ERROR: [TikTok] 7505139951973960990: Unable to extract universal data for rehydration; please report this issue on  https://github.com/yt-dlp/yt-dlp/issues?q= , filling out the appropriate issue template. Confirm you are on the latest version using  yt-dlp -U

[YTDLP STDERR]
[TikTok] Extracting URL: https://www.tiktok.com/@jackjerry/video/7505139951973960990
[TikTok] 7505139951973960990: Downloading webpage
[TikTok] Solving JS challenge using native Python implementation
[TikTok] 7505139951973960990: Downloading webpage with challenge cookie
ERROR: [TikTok] 7505139951973960990: Unable to extract universal data for rehydration; please report this issue on  https://github.com/yt-dlp/yt-dlp/issues?q= , filling out the appropriate issue template. Confirm you are on the latest version using  yt-dlp -U

[REQUEST]
task_id=80C21E
cookie=true
ua=true
referer=true
concurrency=4
cookie_exists=true
cookie_count=80
cookie_header=REDACTED
sessionid=present
msToken=present
sid_tt=present
ttwid=present
tt_chain_token=present
passport_csrf_token=absent

============================================================
[ATTEMPT]
task_id=80C21E
attempt=2
concurrency=4
============================================================

============================================================
[TASK END]
task_id=80C21E
result=SUCCESS
attempts=2
elapsed=33.5s
final_error_class=YTDLP
============================================================

============================================================
[TASK START]
task_id=B6B79B
platform=youtube
url=https://www.youtube.com/shorts/X3P5aRdYURw
start_time=2026-08-22 12:25:24
============================================================

[ENVIRONMENT]
python_version=3.11.9
os=Windows
yt_dlp_path=C:\Users\Administrator\Desktop\下载\bin\yt-dlp.exe
yt_dlp_version=2026.08.19
node_path=C:\Program Files\nodejs\node.EXE
ffmpeg_path=C:\Users\Administrator\Desktop\下载\ffmpeg\bin\ffmpeg.exe

[REQUEST]
task_id=B6B79B
cookie=true
ua=true
referer=false
concurrency=NA
cookie_exists=true
cookie_count=80
cookie_header=REDACTED
sessionid=present
msToken=present
sid_tt=present
ttwid=present
tt_chain_token=present
passport_csrf_token=absent

============================================================
[ATTEMPT]
task_id=B6B79B
attempt=1
concurrency=NA
============================================================

============================================================
[TASK END]
task_id=B6B79B
result=SUCCESS
attempts=1
elapsed=31.0s
final_error_class=NA
============================================================

============================================================
[TASK START]
task_id=D6B408
platform=tiktok
url=https://www.tiktok.com/@mark.ohh7/video/7516353547793861931
start_time=2026-08-22 12:26:17
============================================================

[ENVIRONMENT]
python_version=3.11.9
os=Windows
yt_dlp_path=C:\Users\Administrator\Desktop\下载\bin\yt-dlp.exe
yt_dlp_version=2026.08.19
node_path=C:\Program Files\nodejs\node.EXE
ffmpeg_path=C:\Users\Administrator\Desktop\下载\ffmpeg\bin\ffmpeg.exe

[REQUEST]
task_id=D6B408
cookie=true
ua=true
referer=true
concurrency=8
cookie_exists=true
cookie_count=85
cookie_header=REDACTED
sessionid=present
msToken=present
sid_tt=present
ttwid=present
tt_chain_token=present
passport_csrf_token=absent

============================================================
[ATTEMPT]
task_id=D6B408
attempt=1
concurrency=8
============================================================

============================================================
[TASK END]
task_id=D6B408
result=SUCCESS
attempts=1
elapsed=21.8s
final_error_class=NA
============================================================

============================================================
[TASK START]
task_id=F5D072
platform=tiktok
url=https://www.tiktok.com/@markohh2.0/video/7556785340158201143
start_time=2026-08-22 12:26:53
============================================================

[ENVIRONMENT]
python_version=3.11.9
os=Windows
yt_dlp_path=C:\Users\Administrator\Desktop\下载\bin\yt-dlp.exe
yt_dlp_version=2026.08.19
node_path=C:\Program Files\nodejs\node.EXE
ffmpeg_path=C:\Users\Administrator\Desktop\下载\ffmpeg\bin\ffmpeg.exe

[REQUEST]
task_id=F5D072
cookie=true
ua=true
referer=true
concurrency=8
cookie_exists=true
cookie_count=86
cookie_header=REDACTED
sessionid=present
msToken=present
sid_tt=present
ttwid=present
tt_chain_token=present
passport_csrf_token=absent

============================================================
[ATTEMPT]
task_id=F5D072
attempt=1
concurrency=8
============================================================

============================================================
[TASK END]
task_id=F5D072
result=SUCCESS
attempts=1
elapsed=25.8s
final_error_class=NA
============================================================

============================================================
[TASK START]
task_id=4BEF39
platform=tiktok
url=https://www.tiktok.com/@gy.u/video/7488836428877679880
start_time=2026-08-22 12:27:34
============================================================

[ENVIRONMENT]
python_version=3.11.9
os=Windows
yt_dlp_path=C:\Users\Administrator\Desktop\下载\bin\yt-dlp.exe
yt_dlp_version=2026.08.19
node_path=C:\Program Files\nodejs\node.EXE
ffmpeg_path=C:\Users\Administrator\Desktop\下载\ffmpeg\bin\ffmpeg.exe

[REQUEST]
task_id=4BEF39
cookie=true
ua=true
referer=true
concurrency=8
cookie_exists=true
cookie_count=87
cookie_header=REDACTED
sessionid=present
msToken=present
sid_tt=present
ttwid=present
tt_chain_token=present
passport_csrf_token=absent

============================================================
[ATTEMPT]
task_id=4BEF39
attempt=1
concurrency=8
============================================================

[ERROR]
task_id=4BEF39
attempt=1
class=YTDLP
message=ERROR: [TikTok] 7488836428877679880: Unable to extract universal data for rehydration; please report this issue on  https://github.com/yt-dlp/yt-dlp/issues?q= , filling out the appropriate issue template. Confirm you are on the latest version using  yt-dlp -U

[YTDLP STDERR]
[TikTok] Extracting URL: https://www.tiktok.com/@gy.u/video/7488836428877679880
[TikTok] 7488836428877679880: Downloading webpage
[TikTok] Solving JS challenge using native Python implementation
[TikTok] 7488836428877679880: Downloading webpage with challenge cookie
ERROR: [TikTok] 7488836428877679880: Unable to extract universal data for rehydration; please report this issue on  https://github.com/yt-dlp/yt-dlp/issues?q= , filling out the appropriate issue template. Confirm you are on the latest version using  yt-dlp -U

[REQUEST]
task_id=4BEF39
cookie=true
ua=true
referer=true
concurrency=4
cookie_exists=true
cookie_count=80
cookie_header=REDACTED
sessionid=present
msToken=present
sid_tt=present
ttwid=present
tt_chain_token=present
passport_csrf_token=absent

============================================================
[ATTEMPT]
task_id=4BEF39
attempt=2
concurrency=4
============================================================

[ERROR]
task_id=4BEF39
attempt=2
class=YTDLP
message=ERROR: [TikTok] 7488836428877679880: Unable to download webpage: HTTP Error 403: Forbidden (caused by <HTTPError 403: Forbidden>)

[YTDLP STDERR]
[TikTok] Extracting URL: https://www.tiktok.com/@gy.u/video/7488836428877679880
[TikTok] 7488836428877679880: Downloading webpage
ERROR: [TikTok] 7488836428877679880: Unable to download webpage: HTTP Error 403: Forbidden (caused by <HTTPError 403: Forbidden>)

============================================================
[TASK END]
task_id=4BEF39
result=FAILED
attempts=2
elapsed=38.0s
final_error_class=YTDLP
============================================================

============================================================
[TASK START]
task_id=269F23
platform=tiktok
url=https://www.tiktok.com/@notitsmenicksmithy/video/7488108694538947870
start_time=2026-08-22 12:28:12
============================================================

[ENVIRONMENT]
python_version=3.11.9
os=Windows
yt_dlp_path=C:\Users\Administrator\Desktop\下载\bin\yt-dlp.exe
yt_dlp_version=2026.08.19
node_path=C:\Program Files\nodejs\node.EXE
ffmpeg_path=C:\Users\Administrator\Desktop\下载\ffmpeg\bin\ffmpeg.exe

[REQUEST]
task_id=269F23
cookie=true
ua=true
referer=true
concurrency=8
cookie_exists=true
cookie_count=80
cookie_header=REDACTED
sessionid=present
msToken=present
sid_tt=present
ttwid=present
tt_chain_token=present
passport_csrf_token=absent

============================================================
[ATTEMPT]
task_id=269F23
attempt=1
concurrency=8
============================================================

[ERROR]
task_id=269F23
attempt=1
class=YTDLP
message=ERROR: [TikTok] 7488108694538947870: Unable to extract universal data for rehydration; please report this issue on  https://github.com/yt-dlp/yt-dlp/issues?q= , filling out the appropriate issue template. Confirm you are on the latest version using  yt-dlp -U

[YTDLP STDERR]
[TikTok] Extracting URL: https://www.tiktok.com/@notitsmenicksmithy/video/7488108694538947870
[TikTok] 7488108694538947870: Downloading webpage
[TikTok] Solving JS challenge using native Python implementation
[TikTok] 7488108694538947870: Downloading webpage with challenge cookie
ERROR: [TikTok] 7488108694538947870: Unable to extract universal data for rehydration; please report this issue on  https://github.com/yt-dlp/yt-dlp/issues?q= , filling out the appropriate issue template. Confirm you are on the latest version using  yt-dlp -U

[REQUEST]
task_id=269F23
cookie=true
ua=true
referer=true
concurrency=4
cookie_exists=true
cookie_count=81
cookie_header=REDACTED
sessionid=present
msToken=present
sid_tt=present
ttwid=present
tt_chain_token=present
passport_csrf_token=absent

============================================================
[ATTEMPT]
task_id=269F23
attempt=2
concurrency=4
============================================================

[ERROR]
task_id=269F23
attempt=2
class=YTDLP
message=ERROR: [TikTok] 7488108694538947870: Unexpected response from webpage request; please report this issue on  https://github.com/yt-dlp/yt-dlp/issues?q= , filling out the appropriate issue template. Confirm you are on the latest version using  yt-dlp -U

[YTDLP STDERR]
[TikTok] Extracting URL: https://www.tiktok.com/@notitsmenicksmithy/video/7488108694538947870
[TikTok] 7488108694538947870: Downloading webpage
ERROR: [TikTok] 7488108694538947870: Unexpected response from webpage request; please report this issue on  https://github.com/yt-dlp/yt-dlp/issues?q= , filling out the appropriate issue template. Confirm you are on the latest version using  yt-dlp -U

============================================================
[TASK END]
task_id=269F23
result=FAILED
attempts=2
elapsed=26.7s
final_error_class=YTDLP
============================================================

============================================================
[TASK START]
task_id=75B9E9
platform=tiktok
url=https://www.tiktok.com/@mark.ohh7/video/7580527621587406135
start_time=2026-08-22 12:28:38
============================================================

[ENVIRONMENT]
python_version=3.11.9
os=Windows
yt_dlp_path=C:\Users\Administrator\Desktop\下载\bin\yt-dlp.exe
yt_dlp_version=2026.08.19
node_path=C:\Program Files\nodejs\node.EXE
ffmpeg_path=C:\Users\Administrator\Desktop\下载\ffmpeg\bin\ffmpeg.exe

[REQUEST]
task_id=75B9E9
cookie=true
ua=true
referer=true
concurrency=8
cookie_exists=true
cookie_count=81
cookie_header=REDACTED
sessionid=present
msToken=present
sid_tt=present
ttwid=present
tt_chain_token=present
passport_csrf_token=absent

============================================================
[ATTEMPT]
task_id=75B9E9
attempt=1
concurrency=8
============================================================

[ERROR]
task_id=75B9E9
attempt=1
class=YTDLP
message=ERROR: [TikTok] 7580527621587406135: Unable to extract universal data for rehydration; please report this issue on  https://github.com/yt-dlp/yt-dlp/issues?q= , filling out the appropriate issue template. Confirm you are on the latest version using  yt-dlp -U

[YTDLP STDERR]
[TikTok] Extracting URL: https://www.tiktok.com/@mark.ohh7/video/7580527621587406135
[TikTok] 7580527621587406135: Downloading webpage
[TikTok] Solving JS challenge using native Python implementation
[TikTok] 7580527621587406135: Downloading webpage with challenge cookie
ERROR: [TikTok] 7580527621587406135: Unable to extract universal data for rehydration; please report this issue on  https://github.com/yt-dlp/yt-dlp/issues?q= , filling out the appropriate issue template. Confirm you are on the latest version using  yt-dlp -U

[REQUEST]
task_id=75B9E9
cookie=true
ua=true
referer=true
concurrency=4
cookie_exists=true
cookie_count=82
cookie_header=REDACTED
sessionid=present
msToken=present
sid_tt=present
ttwid=present
tt_chain_token=present
passport_csrf_token=absent

============================================================
[ATTEMPT]
task_id=75B9E9
attempt=2
concurrency=4
============================================================

[ERROR]
task_id=75B9E9
attempt=2
class=YTDLP
message=ERROR: [TikTok] 7580527621587406135: Unable to download webpage: HTTP Error 403: Forbidden (caused by <HTTPError 403: Forbidden>)

[YTDLP STDERR]
[TikTok] Extracting URL: https://www.tiktok.com/@mark.ohh7/video/7580527621587406135
[TikTok] 7580527621587406135: Downloading webpage
ERROR: [TikTok] 7580527621587406135: Unable to download webpage: HTTP Error 403: Forbidden (caused by <HTTPError 403: Forbidden>)

============================================================
[TASK END]
task_id=75B9E9
result=FAILED
attempts=2
elapsed=23.9s
final_error_class=YTDLP
============================================================

============================================================
[TASK START]
task_id=189A6F
platform=tiktok
url=https://www.tiktok.com/@sam_mashiya/video/7496501007552154935
start_time=2026-08-22 12:29:02
============================================================

[ENVIRONMENT]
python_version=3.11.9
os=Windows
yt_dlp_path=C:\Users\Administrator\Desktop\下载\bin\yt-dlp.exe
yt_dlp_version=2026.08.19
node_path=C:\Program Files\nodejs\node.EXE
ffmpeg_path=C:\Users\Administrator\Desktop\下载\ffmpeg\bin\ffmpeg.exe

[REQUEST]
task_id=189A6F
cookie=true
ua=true
referer=true
concurrency=8
cookie_exists=true
cookie_count=82
cookie_header=REDACTED
sessionid=present
msToken=present
sid_tt=present
ttwid=present
tt_chain_token=present
passport_csrf_token=absent

============================================================
[ATTEMPT]
task_id=189A6F
attempt=1
concurrency=8
============================================================

[ERROR]
task_id=189A6F
attempt=1
class=YTDLP
message=ERROR: [TikTok] 7496501007552154935: Unable to extract universal data for rehydration; please report this issue on  https://github.com/yt-dlp/yt-dlp/issues?q= , filling out the appropriate issue template. Confirm you are on the latest version using  yt-dlp -U

[YTDLP STDERR]
[TikTok] Extracting URL: https://www.tiktok.com/@sam_mashiya/video/7496501007552154935
[TikTok] 7496501007552154935: Downloading webpage
[TikTok] Solving JS challenge using native Python implementation
[TikTok] 7496501007552154935: Downloading webpage with challenge cookie
ERROR: [TikTok] 7496501007552154935: Unable to extract universal data for rehydration; please report this issue on  https://github.com/yt-dlp/yt-dlp/issues?q= , filling out the appropriate issue template. Confirm you are on the latest version using  yt-dlp -U

[REQUEST]
task_id=189A6F
cookie=true
ua=true
referer=true
concurrency=4
cookie_exists=true
cookie_count=83
cookie_header=REDACTED
sessionid=present
msToken=present
sid_tt=present
ttwid=present
tt_chain_token=present
passport_csrf_token=absent

============================================================
[ATTEMPT]
task_id=189A6F
attempt=2
concurrency=4
============================================================

[ERROR]
task_id=189A6F
attempt=2
class=YTDLP
message=ERROR: [TikTok] 7496501007552154935: Unexpected response from webpage request; please report this issue on  https://github.com/yt-dlp/yt-dlp/issues?q= , filling out the appropriate issue template. Confirm you are on the latest version using  yt-dlp -U

[YTDLP STDERR]
[TikTok] Extracting URL: https://www.tiktok.com/@sam_mashiya/video/7496501007552154935
[TikTok] 7496501007552154935: Downloading webpage
ERROR: [TikTok] 7496501007552154935: Unexpected response from webpage request; please report this issue on  https://github.com/yt-dlp/yt-dlp/issues?q= , filling out the appropriate issue template. Confirm you are on the latest version using  yt-dlp -U

============================================================
[TASK END]
task_id=189A6F
result=FAILED
attempts=2
elapsed=24.6s
final_error_class=YTDLP
============================================================

============================================================
[TASK START]
task_id=5B78DA
platform=tiktok
url=https://www.tiktok.com/@silviogabriel77/video/7521851040275238200
start_time=2026-08-22 12:29:27
============================================================

[ENVIRONMENT]
python_version=3.11.9
os=Windows
yt_dlp_path=C:\Users\Administrator\Desktop\下载\bin\yt-dlp.exe
yt_dlp_version=2026.08.19
node_path=C:\Program Files\nodejs\node.EXE
ffmpeg_path=C:\Users\Administrator\Desktop\下载\ffmpeg\bin\ffmpeg.exe

[REQUEST]
task_id=5B78DA
cookie=true
ua=true
referer=true
concurrency=8
cookie_exists=true
cookie_count=83
cookie_header=REDACTED
sessionid=present
msToken=present
sid_tt=present
ttwid=present
tt_chain_token=present
passport_csrf_token=absent

============================================================
[ATTEMPT]
task_id=5B78DA
attempt=1
concurrency=8
============================================================

============================================================
[TASK END]
task_id=5B78DA
result=SUCCESS
attempts=1
elapsed=19.0s
final_error_class=NA
============================================================

============================================================
[TASK START]
task_id=D28B24
platform=tiktok
url=https://www.tiktok.com/@martina.madge/video/7583210601594244365
start_time=2026-08-22 12:29:58
============================================================

[ENVIRONMENT]
python_version=3.11.9
os=Windows
yt_dlp_path=C:\Users\Administrator\Desktop\下载\bin\yt-dlp.exe
yt_dlp_version=2026.08.19
node_path=C:\Program Files\nodejs\node.EXE
ffmpeg_path=C:\Users\Administrator\Desktop\下载\ffmpeg\bin\ffmpeg.exe

[REQUEST]
task_id=D28B24
cookie=true
ua=true
referer=true
concurrency=8
cookie_exists=true
cookie_count=84
cookie_header=REDACTED
sessionid=present
msToken=present
sid_tt=present
ttwid=present
tt_chain_token=present
passport_csrf_token=absent

============================================================
[ATTEMPT]
task_id=D28B24
attempt=1
concurrency=8
============================================================

[ERROR]
task_id=D28B24
attempt=1
class=YTDLP
message=ERROR: [TikTok] 7583210601594244365: Unable to extract universal data for rehydration; please report this issue on  https://github.com/yt-dlp/yt-dlp/issues?q= , filling out the appropriate issue template. Confirm you are on the latest version using  yt-dlp -U

[YTDLP STDERR]
[TikTok] Extracting URL: https://www.tiktok.com/@martina.madge/video/7583210601594244365
[TikTok] 7583210601594244365: Downloading webpage
[TikTok] Solving JS challenge using native Python implementation
[TikTok] 7583210601594244365: Downloading webpage with challenge cookie
ERROR: [TikTok] 7583210601594244365: Unable to extract universal data for rehydration; please report this issue on  https://github.com/yt-dlp/yt-dlp/issues?q= , filling out the appropriate issue template. Confirm you are on the latest version using  yt-dlp -U

[REQUEST]
task_id=D28B24
cookie=true
ua=true
referer=true
concurrency=4
cookie_exists=true
cookie_count=85
cookie_header=REDACTED
sessionid=present
msToken=present
sid_tt=present
ttwid=present
tt_chain_token=present
passport_csrf_token=absent

============================================================
[ATTEMPT]
task_id=D28B24
attempt=2
concurrency=4
============================================================

[ERROR]
task_id=D28B24
attempt=2
class=YTDLP
message=ERROR: [TikTok] 7583210601594244365: Unexpected response from webpage request; please report this issue on  https://github.com/yt-dlp/yt-dlp/issues?q= , filling out the appropriate issue template. Confirm you are on the latest version using  yt-dlp -U

[YTDLP STDERR]
[TikTok] Extracting URL: https://www.tiktok.com/@martina.madge/video/7583210601594244365
[TikTok] 7583210601594244365: Downloading webpage
ERROR: [TikTok] 7583210601594244365: Unexpected response from webpage request; please report this issue on  https://github.com/yt-dlp/yt-dlp/issues?q= , filling out the appropriate issue template. Confirm you are on the latest version using  yt-dlp -U

============================================================
[TASK END]
task_id=D28B24
result=FAILED
attempts=2
elapsed=26.1s
final_error_class=YTDLP
============================================================

============================================================
[TASK START]
task_id=4F2995
platform=tiktok
url=https://www.tiktok.com/@mina_ashraf1/video/7589026212069018901
start_time=2026-08-22 12:30:24
============================================================

[ENVIRONMENT]
python_version=3.11.9
os=Windows
yt_dlp_path=C:\Users\Administrator\Desktop\下载\bin\yt-dlp.exe
yt_dlp_version=2026.08.19
node_path=C:\Program Files\nodejs\node.EXE
ffmpeg_path=C:\Users\Administrator\Desktop\下载\ffmpeg\bin\ffmpeg.exe

[REQUEST]
task_id=4F2995
cookie=true
ua=true
referer=true
concurrency=8
cookie_exists=true
cookie_count=85
cookie_header=REDACTED
sessionid=present
msToken=present
sid_tt=present
ttwid=present
tt_chain_token=present
passport_csrf_token=absent

============================================================
[ATTEMPT]
task_id=4F2995
attempt=1
concurrency=8
============================================================

[ERROR]
task_id=4F2995
attempt=1
class=YTDLP
message=ERROR: [TikTok] 7589026212069018901: Unable to extract universal data for rehydration; please report this issue on  https://github.com/yt-dlp/yt-dlp/issues?q= , filling out the appropriate issue template. Confirm you are on the latest version using  yt-dlp -U

[YTDLP STDERR]
[TikTok] Extracting URL: https://www.tiktok.com/@mina_ashraf1/video/7589026212069018901
[TikTok] 7589026212069018901: Downloading webpage
[TikTok] Solving JS challenge using native Python implementation
[TikTok] 7589026212069018901: Downloading webpage with challenge cookie
ERROR: [TikTok] 7589026212069018901: Unable to extract universal data for rehydration; please report this issue on  https://github.com/yt-dlp/yt-dlp/issues?q= , filling out the appropriate issue template. Confirm you are on the latest version using  yt-dlp -U

[REQUEST]
task_id=4F2995
cookie=true
ua=true
referer=true
concurrency=4
cookie_exists=true
cookie_count=86
cookie_header=REDACTED
sessionid=present
msToken=present
sid_tt=present
ttwid=present
tt_chain_token=present
passport_csrf_token=absent

============================================================
[ATTEMPT]
task_id=4F2995
attempt=2
concurrency=4
============================================================

[ERROR]
task_id=4F2995
attempt=2
class=YTDLP
message=ERROR: [TikTok] 7589026212069018901: Unexpected response from webpage request; please report this issue on  https://github.com/yt-dlp/yt-dlp/issues?q= , filling out the appropriate issue template. Confirm you are on the latest version using  yt-dlp -U

[YTDLP STDERR]
[TikTok] Extracting URL: https://www.tiktok.com/@mina_ashraf1/video/7589026212069018901
[TikTok] 7589026212069018901: Downloading webpage
ERROR: [TikTok] 7589026212069018901: Unexpected response from webpage request; please report this issue on  https://github.com/yt-dlp/yt-dlp/issues?q= , filling out the appropriate issue template. Confirm you are on the latest version using  yt-dlp -U

============================================================
[TASK END]
task_id=4F2995
result=FAILED
attempts=2
elapsed=25.6s
final_error_class=YTDLP
============================================================

============================================================
[TASK START]
task_id=C1B802
platform=tiktok
url=https://www.tiktok.com/@blek2vait/video/7495352734414032150
start_time=2026-08-22 12:30:50
============================================================

[ENVIRONMENT]
python_version=3.11.9
os=Windows
yt_dlp_path=C:\Users\Administrator\Desktop\下载\bin\yt-dlp.exe
yt_dlp_version=2026.08.19
node_path=C:\Program Files\nodejs\node.EXE
ffmpeg_path=C:\Users\Administrator\Desktop\下载\ffmpeg\bin\ffmpeg.exe

[REQUEST]
task_id=C1B802
cookie=true
ua=true
referer=true
concurrency=8
cookie_exists=true
cookie_count=86
cookie_header=REDACTED
sessionid=present
msToken=present
sid_tt=present
ttwid=present
tt_chain_token=present
passport_csrf_token=absent

============================================================
[ATTEMPT]
task_id=C1B802
attempt=1
concurrency=8
============================================================

[ERROR]
task_id=C1B802
attempt=1
class=YTDLP
message=ERROR: [TikTok] 7495352734414032150: Unable to extract universal data for rehydration; please report this issue on  https://github.com/yt-dlp/yt-dlp/issues?q= , filling out the appropriate issue template. Confirm you are on the latest version using  yt-dlp -U

[YTDLP STDERR]
[TikTok] Extracting URL: https://www.tiktok.com/@blek2vait/video/7495352734414032150
[TikTok] 7495352734414032150: Downloading webpage
[TikTok] Solving JS challenge using native Python implementation
[TikTok] 7495352734414032150: Downloading webpage with challenge cookie
ERROR: [TikTok] 7495352734414032150: Unable to extract universal data for rehydration; please report this issue on  https://github.com/yt-dlp/yt-dlp/issues?q= , filling out the appropriate issue template. Confirm you are on the latest version using  yt-dlp -U

[REQUEST]
task_id=C1B802
cookie=true
ua=true
referer=true
concurrency=4
cookie_exists=true
cookie_count=87
cookie_header=REDACTED
sessionid=present
msToken=present
sid_tt=present
ttwid=present
tt_chain_token=present
passport_csrf_token=absent

============================================================
[ATTEMPT]
task_id=C1B802
attempt=2
concurrency=4
============================================================

[ERROR]
task_id=C1B802
attempt=2
class=YTDLP
message=ERROR: [TikTok] 7495352734414032150: Unexpected response from webpage request; please report this issue on  https://github.com/yt-dlp/yt-dlp/issues?q= , filling out the appropriate issue template. Confirm you are on the latest version using  yt-dlp -U

[YTDLP STDERR]
[TikTok] Extracting URL: https://www.tiktok.com/@blek2vait/video/7495352734414032150
[TikTok] 7495352734414032150: Downloading webpage
ERROR: [TikTok] 7495352734414032150: Unexpected response from webpage request; please report this issue on  https://github.com/yt-dlp/yt-dlp/issues?q= , filling out the appropriate issue template. Confirm you are on the latest version using  yt-dlp -U

============================================================
[TASK END]
task_id=C1B802
result=FAILED
attempts=2
elapsed=28.5s
final_error_class=YTDLP
============================================================

============================================================
[TASK START]
task_id=A47EB2
platform=tiktok
url=https://www.tiktok.com/@benux.edit/video/7528489692178730295
start_time=2026-08-22 12:31:19
============================================================

[ENVIRONMENT]
python_version=3.11.9
os=Windows
yt_dlp_path=C:\Users\Administrator\Desktop\下载\bin\yt-dlp.exe
yt_dlp_version=2026.08.19
node_path=C:\Program Files\nodejs\node.EXE
ffmpeg_path=C:\Users\Administrator\Desktop\下载\ffmpeg\bin\ffmpeg.exe

[REQUEST]
task_id=A47EB2
cookie=true
ua=true
referer=true
concurrency=8
cookie_exists=true
cookie_count=87
cookie_header=REDACTED
sessionid=present
msToken=present
sid_tt=present
ttwid=present
tt_chain_token=present
passport_csrf_token=absent

============================================================
[ATTEMPT]
task_id=A47EB2
attempt=1
concurrency=8
============================================================

============================================================
[TASK END]
task_id=A47EB2
result=SUCCESS
attempts=1
elapsed=28.5s
final_error_class=NA
============================================================

============================================================
[TASK START]
task_id=8F1C21
platform=tiktok
url=https://www.tiktok.com/@jackjerry/video/7517012202570714399
start_time=2026-08-22 12:31:58
============================================================

[ENVIRONMENT]
python_version=3.11.9
os=Windows
yt_dlp_path=C:\Users\Administrator\Desktop\下载\bin\yt-dlp.exe
yt_dlp_version=2026.08.19
node_path=C:\Program Files\nodejs\node.EXE
ffmpeg_path=C:\Users\Administrator\Desktop\下载\ffmpeg\bin\ffmpeg.exe

[REQUEST]
task_id=8F1C21
cookie=true
ua=true
referer=true
concurrency=8
cookie_exists=true
cookie_count=88
cookie_header=REDACTED
sessionid=present
msToken=present
sid_tt=present
ttwid=present
tt_chain_token=present
passport_csrf_token=absent

============================================================
[ATTEMPT]
task_id=8F1C21
attempt=1
concurrency=8
============================================================

[ERROR]
task_id=8F1C21
attempt=1
class=YTDLP
message=ERROR: [TikTok] 7517012202570714399: Unable to extract universal data for rehydration; please report this issue on  https://github.com/yt-dlp/yt-dlp/issues?q= , filling out the appropriate issue template. Confirm you are on the latest version using  yt-dlp -U

[YTDLP STDERR]
[TikTok] Extracting URL: https://www.tiktok.com/@jackjerry/video/7517012202570714399
[TikTok] 7517012202570714399: Downloading webpage
[TikTok] Solving JS challenge using native Python implementation
[TikTok] 7517012202570714399: Downloading webpage with challenge cookie
ERROR: [TikTok] 7517012202570714399: Unable to extract universal data for rehydration; please report this issue on  https://github.com/yt-dlp/yt-dlp/issues?q= , filling out the appropriate issue template. Confirm you are on the latest version using  yt-dlp -U

[REQUEST]
task_id=8F1C21
cookie=true
ua=true
referer=true
concurrency=4
cookie_exists=true
cookie_count=89
cookie_header=REDACTED
sessionid=present
msToken=present
sid_tt=present
ttwid=present
tt_chain_token=present
passport_csrf_token=absent

============================================================
[ATTEMPT]
task_id=8F1C21
attempt=2
concurrency=4
============================================================

[ERROR]
task_id=8F1C21
attempt=2
class=YTDLP
message=ERROR: [TikTok] 7517012202570714399: Unexpected response from webpage request; please report this issue on  https://github.com/yt-dlp/yt-dlp/issues?q= , filling out the appropriate issue template. Confirm you are on the latest version using  yt-dlp -U

[YTDLP STDERR]
[TikTok] Extracting URL: https://www.tiktok.com/@jackjerry/video/7517012202570714399
[TikTok] 7517012202570714399: Downloading webpage
ERROR: [TikTok] 7517012202570714399: Unexpected response from webpage request; please report this issue on  https://github.com/yt-dlp/yt-dlp/issues?q= , filling out the appropriate issue template. Confirm you are on the latest version using  yt-dlp -U

============================================================
[TASK END]
task_id=8F1C21
result=FAILED
attempts=2
elapsed=27.5s
final_error_class=YTDLP
============================================================

============================================================
[TASK START]
task_id=BCFA04
platform=tiktok
url=https://www.tiktok.com/@markohh2.0/video/7669585681290628365
start_time=2026-08-22 12:32:26
============================================================

[ENVIRONMENT]
python_version=3.11.9
os=Windows
yt_dlp_path=C:\Users\Administrator\Desktop\下载\bin\yt-dlp.exe
yt_dlp_version=2026.08.19
node_path=C:\Program Files\nodejs\node.EXE
ffmpeg_path=C:\Users\Administrator\Desktop\下载\ffmpeg\bin\ffmpeg.exe

[REQUEST]
task_id=BCFA04
cookie=true
ua=true
referer=true
concurrency=8
cookie_exists=true
cookie_count=89
cookie_header=REDACTED
sessionid=present
msToken=present
sid_tt=present
ttwid=present
tt_chain_token=present
passport_csrf_token=absent

============================================================
[ATTEMPT]
task_id=BCFA04
attempt=1
concurrency=8
============================================================

============================================================
[TASK END]
task_id=BCFA04
result=SUCCESS
attempts=1
elapsed=26.7s
final_error_class=NA
============================================================

============================================================
[TASK START]
task_id=1E6B62
platform=tiktok
url=https://www.tiktok.com/@filterdudemain/video/7486922641006202154
start_time=2026-08-22 12:33:07
============================================================

[ENVIRONMENT]
python_version=3.11.9
os=Windows
yt_dlp_path=C:\Users\Administrator\Desktop\下载\bin\yt-dlp.exe
yt_dlp_version=2026.08.19
node_path=C:\Program Files\nodejs\node.EXE
ffmpeg_path=C:\Users\Administrator\Desktop\下载\ffmpeg\bin\ffmpeg.exe

[REQUEST]
task_id=1E6B62
cookie=true
ua=true
referer=true
concurrency=8
cookie_exists=true
cookie_count=90
cookie_header=REDACTED
sessionid=present
msToken=present
sid_tt=present
ttwid=present
tt_chain_token=present
passport_csrf_token=absent

============================================================
[ATTEMPT]
task_id=1E6B62
attempt=1
concurrency=8
============================================================

[ERROR]
task_id=1E6B62
attempt=1
class=YTDLP
message=ERROR: [TikTok] 7486922641006202154: Unable to extract universal data for rehydration; please report this issue on  https://github.com/yt-dlp/yt-dlp/issues?q= , filling out the appropriate issue template. Confirm you are on the latest version using  yt-dlp -U

[YTDLP STDERR]
[TikTok] Extracting URL: https://www.tiktok.com/@filterdudemain/video/7486922641006202154
[TikTok] 7486922641006202154: Downloading webpage
[TikTok] Solving JS challenge using native Python implementation
[TikTok] 7486922641006202154: Downloading webpage with challenge cookie
ERROR: [TikTok] 7486922641006202154: Unable to extract universal data for rehydration; please report this issue on  https://github.com/yt-dlp/yt-dlp/issues?q= , filling out the appropriate issue template. Confirm you are on the latest version using  yt-dlp -U

[REQUEST]
task_id=1E6B62
cookie=true
ua=true
referer=true
concurrency=4
cookie_exists=true
cookie_count=90
cookie_header=REDACTED
sessionid=present
msToken=present
sid_tt=present
ttwid=present
tt_chain_token=present
passport_csrf_token=absent

============================================================
[ATTEMPT]
task_id=1E6B62
attempt=2
concurrency=4
============================================================

============================================================
[TASK END]
task_id=1E6B62
result=SUCCESS
attempts=2
elapsed=38.4s
final_error_class=YTDLP
============================================================

============================================================
[TASK START]
task_id=48E54E
platform=tiktok
url=https://www.tiktok.com/@donot_smile/video/7520355981113429303
start_time=2026-08-22 12:34:03
============================================================

[ENVIRONMENT]
python_version=3.11.9
os=Windows
yt_dlp_path=C:\Users\Administrator\Desktop\下载\bin\yt-dlp.exe
yt_dlp_version=2026.08.19
node_path=C:\Program Files\nodejs\node.EXE
ffmpeg_path=C:\Users\Administrator\Desktop\下载\ffmpeg\bin\ffmpeg.exe

[REQUEST]
task_id=48E54E
cookie=true
ua=true
referer=true
concurrency=8
cookie_exists=true
cookie_count=89
cookie_header=REDACTED
sessionid=present
msToken=present
sid_tt=present
ttwid=present
tt_chain_token=present
passport_csrf_token=absent

============================================================
[ATTEMPT]
task_id=48E54E
attempt=1
concurrency=8
============================================================

[ERROR]
task_id=48E54E
attempt=1
class=YTDLP
message=ERROR: [TikTok] 7520355981113429303: Unable to extract universal data for rehydration; please report this issue on  https://github.com/yt-dlp/yt-dlp/issues?q= , filling out the appropriate issue template. Confirm you are on the latest version using  yt-dlp -U

[YTDLP STDERR]
[TikTok] Extracting URL: https://www.tiktok.com/@donot_smile/video/7520355981113429303
[TikTok] 7520355981113429303: Downloading webpage
[TikTok] Solving JS challenge using native Python implementation
[TikTok] 7520355981113429303: Downloading webpage with challenge cookie
ERROR: [TikTok] 7520355981113429303: Unable to extract universal data for rehydration; please report this issue on  https://github.com/yt-dlp/yt-dlp/issues?q= , filling out the appropriate issue template. Confirm you are on the latest version using  yt-dlp -U

[REQUEST]
task_id=48E54E
cookie=true
ua=true
referer=true
concurrency=4
cookie_exists=true
cookie_count=88
cookie_header=REDACTED
sessionid=present
msToken=present
sid_tt=present
ttwid=present
tt_chain_token=present
passport_csrf_token=absent

============================================================
[ATTEMPT]
task_id=48E54E
attempt=2
concurrency=4
============================================================

[ERROR]
task_id=48E54E
attempt=2
class=YTDLP
message=ERROR: [TikTok] 7520355981113429303: Unexpected response from webpage request; please report this issue on  https://github.com/yt-dlp/yt-dlp/issues?q= , filling out the appropriate issue template. Confirm you are on the latest version using  yt-dlp -U

[YTDLP STDERR]
[TikTok] Extracting URL: https://www.tiktok.com/@donot_smile/video/7520355981113429303
[TikTok] 7520355981113429303: Downloading webpage
ERROR: [TikTok] 7520355981113429303: Unexpected response from webpage request; please report this issue on  https://github.com/yt-dlp/yt-dlp/issues?q= , filling out the appropriate issue template. Confirm you are on the latest version using  yt-dlp -U

============================================================
[TASK END]
task_id=48E54E
result=FAILED
attempts=2
elapsed=25.5s
final_error_class=YTDLP
============================================================

============================================================
[TASK START]
task_id=257DD2
platform=tiktok
url=https://www.tiktok.com/@mark.ohh7/video/7515847588898426158
start_time=2026-08-22 12:34:29
============================================================

[ENVIRONMENT]
python_version=3.11.9
os=Windows
yt_dlp_path=C:\Users\Administrator\Desktop\下载\bin\yt-dlp.exe
yt_dlp_version=2026.08.19
node_path=C:\Program Files\nodejs\node.EXE
ffmpeg_path=C:\Users\Administrator\Desktop\下载\ffmpeg\bin\ffmpeg.exe

[REQUEST]
task_id=257DD2
cookie=true
ua=true
referer=true
concurrency=8
cookie_exists=true
cookie_count=88
cookie_header=REDACTED
sessionid=present
msToken=present
sid_tt=present
ttwid=present
tt_chain_token=present
passport_csrf_token=absent

============================================================
[ATTEMPT]
task_id=257DD2
attempt=1
concurrency=8
============================================================

[ERROR]
task_id=257DD2
attempt=1
class=YTDLP
message=ERROR: [TikTok] 7515847588898426158: Unable to extract universal data for rehydration; please report this issue on  https://github.com/yt-dlp/yt-dlp/issues?q= , filling out the appropriate issue template. Confirm you are on the latest version using  yt-dlp -U

[YTDLP STDERR]
[TikTok] Extracting URL: https://www.tiktok.com/@mark.ohh7/video/7515847588898426158
[TikTok] 7515847588898426158: Downloading webpage
[TikTok] Solving JS challenge using native Python implementation
[TikTok] 7515847588898426158: Downloading webpage with challenge cookie
ERROR: [TikTok] 7515847588898426158: Unable to extract universal data for rehydration; please report this issue on  https://github.com/yt-dlp/yt-dlp/issues?q= , filling out the appropriate issue template. Confirm you are on the latest version using  yt-dlp -U

[REQUEST]
task_id=257DD2
cookie=true
ua=true
referer=true
concurrency=4
cookie_exists=true
cookie_count=89
cookie_header=REDACTED
sessionid=present
msToken=present
sid_tt=present
ttwid=present
tt_chain_token=present
passport_csrf_token=absent

============================================================
[ATTEMPT]
task_id=257DD2
attempt=2
concurrency=4
============================================================

[ERROR]
task_id=257DD2
attempt=2
class=YTDLP
message=ERROR: [TikTok] 7515847588898426158: Unexpected response from webpage request; please report this issue on  https://github.com/yt-dlp/yt-dlp/issues?q= , filling out the appropriate issue template. Confirm you are on the latest version using  yt-dlp -U

[YTDLP STDERR]
[TikTok] Extracting URL: https://www.tiktok.com/@mark.ohh7/video/7515847588898426158
[TikTok] 7515847588898426158: Downloading webpage
ERROR: [TikTok] 7515847588898426158: Unexpected response from webpage request; please report this issue on  https://github.com/yt-dlp/yt-dlp/issues?q= , filling out the appropriate issue template. Confirm you are on the latest version using  yt-dlp -U

============================================================
[TASK END]
task_id=257DD2
result=FAILED
attempts=2
elapsed=21.0s
final_error_class=YTDLP
============================================================

============================================================
[TASK START]
task_id=2C796A
platform=tiktok
url=https://www.tiktok.com/@blek2vait/video/7495352734414032150
start_time=2026-08-22 12:35:47
============================================================

[ENVIRONMENT]
python_version=3.11.9
os=Windows
yt_dlp_path=C:\Users\Administrator\Desktop\下载\bin\yt-dlp.exe
yt_dlp_version=2026.08.19
node_path=C:\Program Files\nodejs\node.EXE
ffmpeg_path=C:\Users\Administrator\Desktop\下载\ffmpeg\bin\ffmpeg.exe

[REQUEST]
task_id=2C796A
cookie=true
ua=true
referer=true
concurrency=8
cookie_exists=true
cookie_count=45
cookie_header=REDACTED
sessionid=absent
msToken=present
sid_tt=absent
ttwid=absent
tt_chain_token=absent
passport_csrf_token=absent

============================================================
[ATTEMPT]
task_id=2C796A
attempt=1
concurrency=8
============================================================

[ERROR]
task_id=2C796A
attempt=1
class=YTDLP
message=ERROR: [TikTok] 7495352734414032150: Unable to extract universal data for rehydration; please report this issue on  https://github.com/yt-dlp/yt-dlp/issues?q= , filling out the appropriate issue template. Confirm you are on the latest version using  yt-dlp -U

[YTDLP STDERR]
[TikTok] Extracting URL: https://www.tiktok.com/@blek2vait/video/7495352734414032150
[TikTok] 7495352734414032150: Downloading webpage
[TikTok] Solving JS challenge using native Python implementation
[TikTok] 7495352734414032150: Downloading webpage with challenge cookie
ERROR: [TikTok] 7495352734414032150: Unable to extract universal data for rehydration; please report this issue on  https://github.com/yt-dlp/yt-dlp/issues?q= , filling out the appropriate issue template. Confirm you are on the latest version using  yt-dlp -U

[REQUEST]
task_id=2C796A
cookie=true
ua=true
referer=true
concurrency=4
cookie_exists=true
cookie_count=80
cookie_header=REDACTED
sessionid=present
msToken=present
sid_tt=present
ttwid=present
tt_chain_token=present
passport_csrf_token=absent

============================================================
[ATTEMPT]
task_id=2C796A
attempt=2
concurrency=4
============================================================

============================================================
[TASK END]
task_id=2C796A
result=SUCCESS
attempts=2
elapsed=32.1s
final_error_class=YTDLP
============================================================

============================================================
[TASK START]
task_id=EA1BE0
platform=tiktok
url=https://www.tiktok.com/@gy.u/video/7488836428877679880
start_time=2026-08-22 12:37:52
============================================================

[ENVIRONMENT]
python_version=3.11.9
os=Windows
yt_dlp_path=C:\Users\Administrator\Desktop\下载\bin\yt-dlp.exe
yt_dlp_version=2026.08.19
node_path=C:\Program Files\nodejs\node.EXE
ffmpeg_path=C:\Users\Administrator\Desktop\下载\ffmpeg\bin\ffmpeg.exe

[REQUEST]
task_id=EA1BE0
cookie=true
ua=true
referer=true
concurrency=8
cookie_exists=true
cookie_count=45
cookie_header=REDACTED
sessionid=absent
msToken=present
sid_tt=absent
ttwid=absent
tt_chain_token=absent
passport_csrf_token=absent

============================================================
[ATTEMPT]
task_id=EA1BE0
attempt=1
concurrency=8
============================================================

============================================================
[TASK END]
task_id=EA1BE0
result=SUCCESS
attempts=1
elapsed=20.5s
final_error_class=NA
============================================================

============================================================
[TASK START]
task_id=6B9B1C
platform=other
url=https://github.com/baideji521/a/blob/main/man.py
start_time=2026-08-22 12:38:23
============================================================

[ENVIRONMENT]
python_version=3.11.9
os=Windows
yt_dlp_path=C:\Users\Administrator\Desktop\下载\bin\yt-dlp.exe
yt_dlp_version=2026.08.19
node_path=C:\Program Files\nodejs\node.EXE
ffmpeg_path=C:\Users\Administrator\Desktop\下载\ffmpeg\bin\ffmpeg.exe

[REQUEST]
task_id=6B9B1C
cookie=true
ua=true
referer=false
concurrency=NA
cookie_exists=true
cookie_count=80
cookie_header=REDACTED
sessionid=present
msToken=present
sid_tt=present
ttwid=present
tt_chain_token=present
passport_csrf_token=absent

============================================================
[ATTEMPT]
task_id=6B9B1C
attempt=1
concurrency=NA
============================================================

[ERROR]
task_id=6B9B1C
attempt=1
class=YTDLP
message=ERROR: Unsupported URL: https://github.com/baideji521/a/blob/main/man.py

============================================================
[TASK END]
task_id=6B9B1C
result=FAILED
attempts=1
elapsed=13.9s
final_error_class=YTDLP
============================================================

============================================================
[TASK START]
task_id=6FA633
platform=tiktok
url=https://www.tiktok.com/@notitsmenicksmithy/video/7488108694538947870
start_time=2026-08-22 12:38:42
============================================================

[ENVIRONMENT]
python_version=3.11.9
os=Windows
yt_dlp_path=C:\Users\Administrator\Desktop\下载\bin\yt-dlp.exe
yt_dlp_version=2026.08.19
node_path=C:\Program Files\nodejs\node.EXE
ffmpeg_path=C:\Users\Administrator\Desktop\下载\ffmpeg\bin\ffmpeg.exe

[REQUEST]
task_id=6FA633
cookie=true
ua=true
referer=true
concurrency=8
cookie_exists=true
cookie_count=80
cookie_header=REDACTED
sessionid=present
msToken=present
sid_tt=present
ttwid=present
tt_chain_token=present
passport_csrf_token=absent

============================================================
[ATTEMPT]
task_id=6FA633
attempt=1
concurrency=8
============================================================

[ERROR]
task_id=6FA633
attempt=1
class=YTDLP
message=ERROR: [TikTok] 7488108694538947870: Unable to extract universal data for rehydration; please report this issue on  https://github.com/yt-dlp/yt-dlp/issues?q= , filling out the appropriate issue template. Confirm you are on the latest version using  yt-dlp -U

[YTDLP STDERR]
[TikTok] Extracting URL: https://www.tiktok.com/@notitsmenicksmithy/video/7488108694538947870
[TikTok] 7488108694538947870: Downloading webpage
[TikTok] Solving JS challenge using native Python implementation
[TikTok] 7488108694538947870: Downloading webpage with challenge cookie
ERROR: [TikTok] 7488108694538947870: Unable to extract universal data for rehydration; please report this issue on  https://github.com/yt-dlp/yt-dlp/issues?q= , filling out the appropriate issue template. Confirm you are on the latest version using  yt-dlp -U

[REQUEST]
task_id=6FA633
cookie=true
ua=true
referer=true
concurrency=4
cookie_exists=true
cookie_count=81
cookie_header=REDACTED
sessionid=present
msToken=present
sid_tt=present
ttwid=present
tt_chain_token=present
passport_csrf_token=absent

============================================================
[ATTEMPT]
task_id=6FA633
attempt=2
concurrency=4
============================================================

[ERROR]
task_id=6FA633
attempt=2
class=YTDLP
message=ERROR: [TikTok] 7488108694538947870: Unexpected response from webpage request; please report this issue on  https://github.com/yt-dlp/yt-dlp/issues?q= , filling out the appropriate issue template. Confirm you are on the latest version using  yt-dlp -U

[YTDLP STDERR]
[TikTok] Extracting URL: https://www.tiktok.com/@notitsmenicksmithy/video/7488108694538947870
[TikTok] 7488108694538947870: Downloading webpage
ERROR: [TikTok] 7488108694538947870: Unexpected response from webpage request; please report this issue on  https://github.com/yt-dlp/yt-dlp/issues?q= , filling out the appropriate issue template. Confirm you are on the latest version using  yt-dlp -U

============================================================
[TASK END]
task_id=6FA633
result=FAILED
attempts=2
elapsed=24.5s
final_error_class=YTDLP
============================================================

============================================================
[TASK START]
task_id=FC61AB
platform=tiktok
url=https://www.tiktok.com/@jackjerry/video/7517012202570714399
start_time=2026-08-22 12:41:00
============================================================

[ENVIRONMENT]
python_version=3.11.9
os=Windows
yt_dlp_path=C:\Users\Administrator\Desktop\下载\bin\yt-dlp.exe
yt_dlp_version=2026.08.19
node_path=C:\Program Files\nodejs\node.EXE
ffmpeg_path=C:\Users\Administrator\Desktop\下载\ffmpeg\bin\ffmpeg.exe

[REQUEST]
task_id=FC61AB
cookie=true
ua=true
referer=true
concurrency=8
cookie_exists=true
cookie_count=45
cookie_header=REDACTED
sessionid=absent
msToken=present
sid_tt=absent
ttwid=absent
tt_chain_token=absent
passport_csrf_token=absent

============================================================
[ATTEMPT]
task_id=FC61AB
attempt=1
concurrency=8
============================================================

[ERROR]
task_id=FC61AB
attempt=1
class=YTDLP
message=ERROR: [TikTok] 7517012202570714399: Unable to extract universal data for rehydration; please report this issue on  https://github.com/yt-dlp/yt-dlp/issues?q= , filling out the appropriate issue template. Confirm you are on the latest version using  yt-dlp -U

[YTDLP STDERR]
[TikTok] Extracting URL: https://www.tiktok.com/@jackjerry/video/7517012202570714399
[TikTok] 7517012202570714399: Downloading webpage
[TikTok] Solving JS challenge using native Python implementation
[TikTok] 7517012202570714399: Downloading webpage with challenge cookie
ERROR: [TikTok] 7517012202570714399: Unable to extract universal data for rehydration; please report this issue on  https://github.com/yt-dlp/yt-dlp/issues?q= , filling out the appropriate issue template. Confirm you are on the latest version using  yt-dlp -U

[REQUEST]
task_id=FC61AB
cookie=true
ua=true
referer=true
concurrency=4
cookie_exists=true
cookie_count=80
cookie_header=REDACTED
sessionid=present
msToken=present
sid_tt=present
ttwid=present
tt_chain_token=present
passport_csrf_token=absent

============================================================
[ATTEMPT]
task_id=FC61AB
attempt=2
concurrency=4
============================================================

[ERROR]
task_id=FC61AB
attempt=2
class=YTDLP
message=ERROR: [TikTok] 7517012202570714399: Unexpected response from webpage request; please report this issue on  https://github.com/yt-dlp/yt-dlp/issues?q= , filling out the appropriate issue template. Confirm you are on the latest version using  yt-dlp -U

[YTDLP STDERR]
[TikTok] Extracting URL: https://www.tiktok.com/@jackjerry/video/7517012202570714399
[TikTok] 7517012202570714399: Downloading webpage
ERROR: [TikTok] 7517012202570714399: Unexpected response from webpage request; please report this issue on  https://github.com/yt-dlp/yt-dlp/issues?q= , filling out the appropriate issue template. Confirm you are on the latest version using  yt-dlp -U

============================================================
[TASK END]
task_id=FC61AB
result=FAILED
attempts=2
elapsed=25.1s
final_error_class=YTDLP
============================================================

[CHALLENGE] task_id=407281 attempt=1 challenge_solver=native_python
[ERROR]
task_id=407281
attempt=1
class=YTDLP
message=ERROR: [TikTok] 1: Unable to extract universal data for rehydration
action=INITIAL_READ
challenge_solver=native_python

[YTDLP STDERR]
[TikTok] Extracting URL: x
[TikTok] Downloading webpage
[TikTok] Solving JS challenge using native Python implementation
ERROR: [TikTok] 1: Unable to extract universal data for rehydration

[CHALLENGE] task_id=407281 attempt=2 challenge_solver=native_python
[ERROR]
task_id=407281
attempt=2
class=YTDLP
message=ERROR: [TikTok] 1: Unable to extract universal data for rehydration
action=REFRESH_BROWSER_STATE
challenge_solver=native_python

[YTDLP STDERR]
[TikTok] Extracting URL: x
[TikTok] Downloading webpage
[TikTok] Solving JS challenge using native Python implementation
ERROR: [TikTok] 1: Unable to extract universal data for rehydration

[CHALLENGE] task_id=407281 attempt=3 challenge_solver=NA
[CHALLENGE] task_id=DC1EC4 attempt=1 challenge_solver=NA
[ERROR]
task_id=DC1EC4
attempt=1
class=YTDLP
message=ERROR: [TikTok] Unexpected response from webpage request
action=INITIAL_READ
challenge_solver=NA

[YTDLP STDERR]
ERROR: [TikTok] Unexpected response from webpage request

[CHALLENGE] task_id=DC1EC4 attempt=2 challenge_solver=NA
[ERROR]
task_id=DC1EC4
attempt=2
class=YTDLP
message=ERROR: [TikTok] Unexpected response from webpage request
action=REFRESH_BROWSER_STATE
challenge_solver=NA

[YTDLP STDERR]
ERROR: [TikTok] Unexpected response from webpage request

[CHALLENGE] task_id=DC1EC4 attempt=3 challenge_solver=NA
[ERROR]
task_id=DC1EC4
attempt=3
class=YTDLP
message=ERROR: [TikTok] Unexpected response from webpage request
action=REFRESH_BROWSER_STATE
challenge_solver=NA

[YTDLP STDERR]
ERROR: [TikTok] Unexpected response from webpage request

[YT-DLP]
path=C:\Users\Administrator\Desktop\下载\bin\yt-dlp.exe
version=2026.08.19
source=local

[ENVIRONMENT CHECK]
Python=OK (3.11.9)
FFmpeg=OK
NVENC=OK
Node.js=OK
yt-dlp=OK
yt-dlp版本=2026.08.19
Cookie=OK
Extension=OK
Proxy=SYSTEM
Chrome CDP=DISABLED

[yt-dlp] version=2026.08.19 source=local update_check=latest
============================================================
[TASK START]
task_id=1B031E
platform=tiktok
url=https://www.tiktok.com/@jackjerry/video/7500265346356563231
start_time=2026-08-22 13:30:35
============================================================

[ENVIRONMENT]
python_version=3.11.9
os=Windows
yt_dlp_path=C:\Users\Administrator\Desktop\下载\bin\yt-dlp.exe
yt_dlp_version=2026.08.19
node_path=C:\Program Files\nodejs\node.EXE
ffmpeg_path=C:\Users\Administrator\Desktop\下载\ffmpeg\bin\ffmpeg.exe

============================================================
[TIKTOK TASK START]
task_id=1B031E
url=https://www.tiktok.com/@jackjerry/video/7500265346356563231
time=2026-08-22 13:30:39
============================================================

[REQUEST]
task_id=1B031E
cookie=true
ua=true
referer=true
concurrency=8
action=INITIAL_READ
js_runtime_args=--no-js-runtimes --js-runtimes node:C:\Program Files\nodejs\node.exe
cookie_exists=true
cookie_count=45
cookie_size=9899
cookie_mtime=2026-08-22 13:30:39
cookie_header=REDACTED
sessionid=absent
msToken=present
sid_tt=absent
ttwid=absent
tt_chain_token=absent
passport_csrf_token=absent

============================================================
[ATTEMPT]
task_id=1B031E
attempt=1
concurrency=8
============================================================

[COOKIE]
task_id=1B031E
source=extension
file=_all_cookies.txt
session_copy=_session_cookie_1B031E.txt
exists=true
size=9899
mtime=2026-08-22 12:51:40
refreshed=true

[UA]
task_id=1B031E
source=extension
length=111

[REFERER]
task_id=1B031E
source=extension
value=https://www.tiktok.com/search?q=Jack+Jerry+prediction+filter&t=1787368665233

[PROXY]
task_id=1B031E
enabled=false
source=system
value=default

[JS RUNTIME]
task_id=1B031E
attempt=1
enabled=true
runtime=node
path=C:\Program Files\nodejs\node.exe
js_runtime_args=--no-js-runtimes --js-runtimes node:C:\Program Files\nodejs\node.exe

[YTDLP]
task_id=1B031E
attempt=1
stage=RESOLVE+DOWNLOAD
concurrency=8
retries=5
extractor_retries=3
fragment_retries=5

[COMMAND] task_id=1B031E C:\Users\Administrator\Desktop\下载\bin\yt-dlp.exe --newline --no-warnings --no-playlist --no-check-certificates --no-mtime --encoding utf-8 --user-agent Mozilla/5.0 (Windows NT 10.0; Win64; x64) AppleWebKit/537.36 (KHTML, like Gecko) Chrome/151.0.0.0 Safari/537.36 --ffmpeg-location C:\Users\Administrator\Desktop\下载\ffmpeg\bin\ffmpeg.exe -f bv*+ba/b --merge-output-format mp4 --windows-filenames --socket-timeout 30 --retries 5 --fragment-retries 5 --extractor-retries 3 --file-access-retries 3 --retry-sleep exp=1:30 --buffer-size 16M --trim-filenames 200 --skip-unavailable-fragments -o C:\Users\Administrator\Desktop\下载\_download_temp\job_1_1787376635\source.%(ext)s --no-js-runtimes --js-runtimes node:C:\Program Files\nodejs\node.exe --cookies REDACTED --referer https://www.tiktok.com/search?q=Jack%20Jerry%20prediction%20filter&t=1787368665233 --add-header Referer: https://www.tiktok.com/search?q=Jack%20Jerry%20prediction%20filter&t=1787368665233 --http-chunk-size 10M --add-header Accept: text/html,application/xhtml+xml,application/xml;q=0.9,image/avif,image/webp,image/apng,*/*;q=0.8 --add-header Accept-Language: en-US,en;q=0.9,zh-CN;q=0.8,zh;q=0.7 --add-header Accept-Encoding: gzip, deflate, br --add-header Connection: keep-alive --add-header Upgrade-Insecure-Requests: 1 --add-header Sec-Fetch-Dest: document --add-header Sec-Fetch-Mode: navigate --add-header Sec-Fetch-Site: none --add-header Sec-Fetch-User: ?1 -N 8 https://www.tiktok.com/@jackjerry/video/7500265346356563231
[RESOLVE] task_id=1B031E attempt=1 status=START
[CHALLENGE] task_id=1B031E attempt=1 challenge_solver=native_python
[RESOLVE] task_id=1B031E attempt=1 status=FAILED
[YTDLP RESULT] task_id=1B031E attempt=1 resolve=FAILED download=NA error_class=EXTRACTOR
[ERROR]
task_id=1B031E
attempt=1
class=EXTRACTOR
stage=RESOLVE
message=ERROR: [TikTok] 7500265346356563231: Unable to extract universal data for rehydration; please report this issue on  https://github.com/yt-dlp/yt-dlp/issues?q= , filling out the appropriate issue template. Confirm you are on the latest version using  yt-dlp -U
action=INITIAL_READ
challenge_solver=native_python

[YTDLP STDERR]
[TikTok] Extracting URL: https://www.tiktok.com/@jackjerry/video/7500265346356563231
[TikTok] 7500265346356563231: Downloading webpage
[TikTok] Solving JS challenge using native Python implementation
[TikTok] 7500265346356563231: Downloading webpage with challenge cookie
ERROR: [TikTok] 7500265346356563231: Unable to extract universal data for rehydration; please report this issue on  https://github.com/yt-dlp/yt-dlp/issues?q= , filling out the appropriate issue template. Confirm you are on the latest version using  yt-dlp -U

[REQUEST]
task_id=1B031E
cookie=true
ua=true
referer=true
concurrency=8
action=REFRESH_BROWSER_STATE
js_runtime_args=--no-js-runtimes --js-runtimes node:C:\Program Files\nodejs\node.exe
cookie_exists=true
cookie_count=45
cookie_size=9899
cookie_mtime=2026-08-22 13:30:52
cookie_header=REDACTED
retry_reason=ERROR: [TikTok] 7500265346356563231: Unable to extract universal data for rehydration; please report this issue on  https://github.com/yt-dlp/yt-dlp/issues?q= , filling out the appropriate issue template. Confirm you are on the latest version using  yt-dlp -U
sessionid=absent
msToken=present
sid_tt=absent
ttwid=absent
tt_chain_token=absent
passport_csrf_token=absent

============================================================
[ATTEMPT]
task_id=1B031E
attempt=2
concurrency=8
============================================================

[COOKIE]
task_id=1B031E
source=extension
file=_all_cookies.txt
session_copy=_session_cookie_1B031E.txt
exists=true
size=9899
mtime=2026-08-22 12:51:40
refreshed=true

[UA]
task_id=1B031E
source=extension
length=111

[REFERER]
task_id=1B031E
source=extension
value=https://www.tiktok.com/search?q=Jack+Jerry+prediction+filter&t=1787368665233

[PROXY]
task_id=1B031E
enabled=false
source=system
value=default

[JS RUNTIME]
task_id=1B031E
attempt=2
enabled=true
runtime=node
path=C:\Program Files\nodejs\node.exe
js_runtime_args=--no-js-runtimes --js-runtimes node:C:\Program Files\nodejs\node.exe

[YTDLP]
task_id=1B031E
attempt=2
stage=RESOLVE+DOWNLOAD
concurrency=8
retries=5
extractor_retries=3
fragment_retries=5

[COMMAND] task_id=1B031E C:\Users\Administrator\Desktop\下载\bin\yt-dlp.exe --newline --no-warnings --no-playlist --no-check-certificates --no-mtime --encoding utf-8 --user-agent Mozilla/5.0 (Windows NT 10.0; Win64; x64) AppleWebKit/537.36 (KHTML, like Gecko) Chrome/151.0.0.0 Safari/537.36 --ffmpeg-location C:\Users\Administrator\Desktop\下载\ffmpeg\bin\ffmpeg.exe -f bv*+ba/b --merge-output-format mp4 --windows-filenames --socket-timeout 30 --retries 5 --fragment-retries 5 --extractor-retries 3 --file-access-retries 3 --retry-sleep exp=1:30 --buffer-size 16M --trim-filenames 200 --skip-unavailable-fragments -o C:\Users\Administrator\Desktop\下载\_download_temp\job_1_1787376635\source.%(ext)s --no-js-runtimes --js-runtimes node:C:\Program Files\nodejs\node.exe --cookies REDACTED --referer https://www.tiktok.com/search?q=Jack%20Jerry%20prediction%20filter&t=1787368665233 --add-header Referer: https://www.tiktok.com/search?q=Jack%20Jerry%20prediction%20filter&t=1787368665233 --http-chunk-size 10M --add-header Accept: text/html,application/xhtml+xml,application/xml;q=0.9,image/avif,image/webp,image/apng,*/*;q=0.8 --add-header Accept-Language: en-US,en;q=0.9,zh-CN;q=0.8,zh;q=0.7 --add-header Accept-Encoding: gzip, deflate, br --add-header Connection: keep-alive --add-header Upgrade-Insecure-Requests: 1 --add-header Sec-Fetch-Dest: document --add-header Sec-Fetch-Mode: navigate --add-header Sec-Fetch-Site: none --add-header Sec-Fetch-User: ?1 -N 8 https://www.tiktok.com/@jackjerry/video/7500265346356563231
[RESOLVE] task_id=1B031E attempt=2 status=START
[CHALLENGE] task_id=1B031E attempt=2 challenge_solver=NA
============================================================
[TIKTOK TASK END]
task_id=1B031E
result=ABORTED
attempts=2
elapsed=23.6s
final_error_class=EXTRACTOR
final_failed_stage=RESOLVE
============================================================

============================================================
[TASK END]
task_id=1B031E
result=ABORTED
attempts=2
elapsed=23.6s
final_error_class=EXTRACTOR
============================================================

============================================================
[TASK START]
task_id=6E75D4
platform=tiktok
url=https://www.tiktok.com/@jackjerry/video/7524072117596327198
start_time=2026-08-22 13:31:24
============================================================

[ENVIRONMENT]
python_version=3.11.9
os=Windows
yt_dlp_path=C:\Users\Administrator\Desktop\下载\bin\yt-dlp.exe
yt_dlp_version=2026.08.19
node_path=C:\Program Files\nodejs\node.EXE
ffmpeg_path=C:\Users\Administrator\Desktop\下载\ffmpeg\bin\ffmpeg.exe

============================================================
[TIKTOK TASK START]
task_id=6E75D4
url=https://www.tiktok.com/@jackjerry/video/7524072117596327198
time=2026-08-22 13:31:27
============================================================

[REQUEST]
task_id=6E75D4
cookie=true
ua=true
referer=true
concurrency=8
action=INITIAL_READ
js_runtime_args=--no-js-runtimes --js-runtimes node:C:\Program Files\nodejs\node.exe
cookie_exists=true
cookie_count=45
cookie_size=9899
cookie_mtime=2026-08-22 13:31:27
cookie_header=REDACTED
sessionid=absent
msToken=present
sid_tt=absent
ttwid=absent
tt_chain_token=absent
passport_csrf_token=absent

============================================================
[ATTEMPT]
task_id=6E75D4
attempt=1
concurrency=8
============================================================

[COOKIE]
task_id=6E75D4
source=extension
file=_all_cookies.txt
session_copy=_session_cookie_6E75D4.txt
exists=true
size=9899
mtime=2026-08-22 12:51:40
refreshed=true

[UA]
task_id=6E75D4
source=extension
length=111

[REFERER]
task_id=6E75D4
source=extension
value=https://www.tiktok.com/search?q=Jack+Jerry+prediction+filter&t=1787368665233

[PROXY]
task_id=6E75D4
enabled=false
source=system
value=default

[JS RUNTIME]
task_id=6E75D4
attempt=1
enabled=true
runtime=node
path=C:\Program Files\nodejs\node.exe
js_runtime_args=--no-js-runtimes --js-runtimes node:C:\Program Files\nodejs\node.exe

[YTDLP]
task_id=6E75D4
attempt=1
stage=RESOLVE+DOWNLOAD
concurrency=8
retries=5
extractor_retries=3
fragment_retries=5

[COMMAND] task_id=6E75D4 C:\Users\Administrator\Desktop\下载\bin\yt-dlp.exe --newline --no-warnings --no-playlist --no-check-certificates --no-mtime --encoding utf-8 --user-agent Mozilla/5.0 (Windows NT 10.0; Win64; x64) AppleWebKit/537.36 (KHTML, like Gecko) Chrome/151.0.0.0 Safari/537.36 --ffmpeg-location C:\Users\Administrator\Desktop\下载\ffmpeg\bin\ffmpeg.exe -f bv*+ba/b --merge-output-format mp4 --windows-filenames --socket-timeout 30 --retries 5 --fragment-retries 5 --extractor-retries 3 --file-access-retries 3 --retry-sleep exp=1:30 --buffer-size 16M --trim-filenames 200 --skip-unavailable-fragments -o C:\Users\Administrator\Desktop\下载\_download_temp\job_1_1787376684\source.%(ext)s --no-js-runtimes --js-runtimes node:C:\Program Files\nodejs\node.exe --cookies REDACTED --referer https://www.tiktok.com/search?q=Jack%20Jerry%20prediction%20filter&t=1787368665233 --add-header Referer: https://www.tiktok.com/search?q=Jack%20Jerry%20prediction%20filter&t=1787368665233 --http-chunk-size 10M --add-header Accept: text/html,application/xhtml+xml,application/xml;q=0.9,image/avif,image/webp,image/apng,*/*;q=0.8 --add-header Accept-Language: en-US,en;q=0.9,zh-CN;q=0.8,zh;q=0.7 --add-header Accept-Encoding: gzip, deflate, br --add-header Connection: keep-alive --add-header Upgrade-Insecure-Requests: 1 --add-header Sec-Fetch-Dest: document --add-header Sec-Fetch-Mode: navigate --add-header Sec-Fetch-Site: none --add-header Sec-Fetch-User: ?1 -N 8 https://www.tiktok.com/@jackjerry/video/7524072117596327198
[RESOLVE] task_id=6E75D4 attempt=1 status=START
[CHALLENGE] task_id=6E75D4 attempt=1 challenge_solver=native_python
[RESOLVE] task_id=6E75D4 attempt=1 status=FAILED
[YTDLP RESULT] task_id=6E75D4 attempt=1 resolve=FAILED download=NA error_class=EXTRACTOR
[ERROR]
task_id=6E75D4
attempt=1
class=EXTRACTOR
stage=RESOLVE
message=ERROR: [TikTok] 7524072117596327198: Unable to extract universal data for rehydration; please report this issue on  https://github.com/yt-dlp/yt-dlp/issues?q= , filling out the appropriate issue template. Confirm you are on the latest version using  yt-dlp -U
action=INITIAL_READ
challenge_solver=native_python

[YTDLP STDERR]
[TikTok] Extracting URL: https://www.tiktok.com/@jackjerry/video/7524072117596327198
[TikTok] 7524072117596327198: Downloading webpage
[TikTok] Solving JS challenge using native Python implementation
[TikTok] 7524072117596327198: Downloading webpage with challenge cookie
ERROR: [TikTok] 7524072117596327198: Unable to extract universal data for rehydration; please report this issue on  https://github.com/yt-dlp/yt-dlp/issues?q= , filling out the appropriate issue template. Confirm you are on the latest version using  yt-dlp -U

[REQUEST]
task_id=6E75D4
cookie=true
ua=true
referer=true
concurrency=8
action=REFRESH_BROWSER_STATE
js_runtime_args=--no-js-runtimes --js-runtimes node:C:\Program Files\nodejs\node.exe
cookie_exists=true
cookie_count=45
cookie_size=9899
cookie_mtime=2026-08-22 13:31:39
cookie_header=REDACTED
retry_reason=ERROR: [TikTok] 7524072117596327198: Unable to extract universal data for rehydration; please report this issue on  https://github.com/yt-dlp/yt-dlp/issues?q= , filling out the appropriate issue template. Confirm you are on the latest version using  yt-dlp -U
sessionid=absent
msToken=present
sid_tt=absent
ttwid=absent
tt_chain_token=absent
passport_csrf_token=absent

============================================================
[ATTEMPT]
task_id=6E75D4
attempt=2
concurrency=8
============================================================

[COOKIE]
task_id=6E75D4
source=extension
file=_all_cookies.txt
session_copy=_session_cookie_6E75D4.txt
exists=true
size=9899
mtime=2026-08-22 12:51:40
refreshed=true

[UA]
task_id=6E75D4
source=extension
length=111

[REFERER]
task_id=6E75D4
source=extension
value=https://www.tiktok.com/search?q=Jack+Jerry+prediction+filter&t=1787368665233

[PROXY]
task_id=6E75D4
enabled=false
source=system
value=default

[JS RUNTIME]
task_id=6E75D4
attempt=2
enabled=true
runtime=node
path=C:\Program Files\nodejs\node.exe
js_runtime_args=--no-js-runtimes --js-runtimes node:C:\Program Files\nodejs\node.exe

[YTDLP]
task_id=6E75D4
attempt=2
stage=RESOLVE+DOWNLOAD
concurrency=8
retries=5
extractor_retries=3
fragment_retries=5

[COMMAND] task_id=6E75D4 C:\Users\Administrator\Desktop\下载\bin\yt-dlp.exe --newline --no-warnings --no-playlist --no-check-certificates --no-mtime --encoding utf-8 --user-agent Mozilla/5.0 (Windows NT 10.0; Win64; x64) AppleWebKit/537.36 (KHTML, like Gecko) Chrome/151.0.0.0 Safari/537.36 --ffmpeg-location C:\Users\Administrator\Desktop\下载\ffmpeg\bin\ffmpeg.exe -f bv*+ba/b --merge-output-format mp4 --windows-filenames --socket-timeout 30 --retries 5 --fragment-retries 5 --extractor-retries 3 --file-access-retries 3 --retry-sleep exp=1:30 --buffer-size 16M --trim-filenames 200 --skip-unavailable-fragments -o C:\Users\Administrator\Desktop\下载\_download_temp\job_1_1787376684\source.%(ext)s --no-js-runtimes --js-runtimes node:C:\Program Files\nodejs\node.exe --cookies REDACTED --referer https://www.tiktok.com/search?q=Jack%20Jerry%20prediction%20filter&t=1787368665233 --add-header Referer: https://www.tiktok.com/search?q=Jack%20Jerry%20prediction%20filter&t=1787368665233 --http-chunk-size 10M --add-header Accept: text/html,application/xhtml+xml,application/xml;q=0.9,image/avif,image/webp,image/apng,*/*;q=0.8 --add-header Accept-Language: en-US,en;q=0.9,zh-CN;q=0.8,zh;q=0.7 --add-header Accept-Encoding: gzip, deflate, br --add-header Connection: keep-alive --add-header Upgrade-Insecure-Requests: 1 --add-header Sec-Fetch-Dest: document --add-header Sec-Fetch-Mode: navigate --add-header Sec-Fetch-Site: none --add-header Sec-Fetch-User: ?1 -N 8 https://www.tiktok.com/@jackjerry/video/7524072117596327198
[RESOLVE] task_id=6E75D4 attempt=2 status=START
[CHALLENGE] task_id=6E75D4 attempt=2 challenge_solver=native_python
[RESOLVE] task_id=6E75D4 attempt=2 status=FAILED
[YTDLP RESULT] task_id=6E75D4 attempt=2 resolve=FAILED download=NA error_class=EXTRACTOR
[ERROR]
task_id=6E75D4
attempt=2
class=EXTRACTOR
stage=RESOLVE
message=ERROR: [TikTok] 7524072117596327198: Unable to extract universal data for rehydration; please report this issue on  https://github.com/yt-dlp/yt-dlp/issues?q= , filling out the appropriate issue template. Confirm you are on the latest version using  yt-dlp -U
action=REFRESH_BROWSER_STATE
challenge_solver=native_python

[YTDLP STDERR]
[TikTok] Extracting URL: https://www.tiktok.com/@jackjerry/video/7524072117596327198
[TikTok] 7524072117596327198: Downloading webpage
[TikTok] Solving JS challenge using native Python implementation
[TikTok] 7524072117596327198: Downloading webpage with challenge cookie
ERROR: [TikTok] 7524072117596327198: Unable to extract universal data for rehydration; please report this issue on  https://github.com/yt-dlp/yt-dlp/issues?q= , filling out the appropriate issue template. Confirm you are on the latest version using  yt-dlp -U

[REQUEST]
task_id=6E75D4
cookie=true
ua=true
referer=true
concurrency=8
action=REFRESH_BROWSER_STATE
js_runtime_args=--no-js-runtimes --js-runtimes node:C:\Program Files\nodejs\node.exe
cookie_exists=true
cookie_count=45
cookie_size=8027
cookie_mtime=2026-08-22 13:31:55
cookie_header=REDACTED
retry_reason=ERROR: [TikTok] 7524072117596327198: Unable to extract universal data for rehydration; please report this issue on  https://github.com/yt-dlp/yt-dlp/issues?q= , filling out the appropriate issue template. Confirm you are on the latest version using  yt-dlp -U
sessionid=absent
msToken=present
sid_tt=absent
ttwid=absent
tt_chain_token=absent
passport_csrf_token=absent

============================================================
[ATTEMPT]
task_id=6E75D4
attempt=3
concurrency=8
============================================================

[COOKIE]
task_id=6E75D4
source=extension
file=_all_cookies.txt
session_copy=_session_cookie_6E75D4.txt
exists=true
size=8027
mtime=2026-08-22 13:31:47
refreshed=true

[UA]
task_id=6E75D4
source=extension
length=111

[REFERER]
task_id=6E75D4
source=extension
value=https://www.tiktok.com/search?q=Jack+Jerry+prediction+filter&t=1787376624627

[PROXY]
task_id=6E75D4
enabled=false
source=system
value=default

[JS RUNTIME]
task_id=6E75D4
attempt=3
enabled=true
runtime=node
path=C:\Program Files\nodejs\node.exe
js_runtime_args=--no-js-runtimes --js-runtimes node:C:\Program Files\nodejs\node.exe

[YTDLP]
task_id=6E75D4
attempt=3
stage=RESOLVE+DOWNLOAD
concurrency=8
retries=5
extractor_retries=3
fragment_retries=5

[COMMAND] task_id=6E75D4 C:\Users\Administrator\Desktop\下载\bin\yt-dlp.exe --newline --no-warnings --no-playlist --no-check-certificates --no-mtime --encoding utf-8 --user-agent Mozilla/5.0 (Windows NT 10.0; Win64; x64) AppleWebKit/537.36 (KHTML, like Gecko) Chrome/151.0.0.0 Safari/537.36 --ffmpeg-location C:\Users\Administrator\Desktop\下载\ffmpeg\bin\ffmpeg.exe -f bv*+ba/b --merge-output-format mp4 --windows-filenames --socket-timeout 30 --retries 5 --fragment-retries 5 --extractor-retries 3 --file-access-retries 3 --retry-sleep exp=1:30 --buffer-size 16M --trim-filenames 200 --skip-unavailable-fragments -o C:\Users\Administrator\Desktop\下载\_download_temp\job_1_1787376684\source.%(ext)s --no-js-runtimes --js-runtimes node:C:\Program Files\nodejs\node.exe --cookies REDACTED --referer https://www.tiktok.com/search?q=Jack%20Jerry%20prediction%20filter&t=1787376624627 --add-header Referer: https://www.tiktok.com/search?q=Jack%20Jerry%20prediction%20filter&t=1787376624627 --http-chunk-size 10M --add-header Accept: text/html,application/xhtml+xml,application/xml;q=0.9,image/avif,image/webp,image/apng,*/*;q=0.8 --add-header Accept-Language: en-US,en;q=0.9,zh-CN;q=0.8,zh;q=0.7 --add-header Accept-Encoding: gzip, deflate, br --add-header Connection: keep-alive --add-header Upgrade-Insecure-Requests: 1 --add-header Sec-Fetch-Dest: document --add-header Sec-Fetch-Mode: navigate --add-header Sec-Fetch-Site: none --add-header Sec-Fetch-User: ?1 -N 8 https://www.tiktok.com/@jackjerry/video/7524072117596327198
[RESOLVE] task_id=6E75D4 attempt=3 status=START
[CHALLENGE] task_id=6E75D4 attempt=3 challenge_solver=native_python
[RESOLVE] task_id=6E75D4 attempt=3 status=SUCCESS
[DOWNLOAD] task_id=6E75D4 attempt=3 status=SUCCESS
[YTDLP RESULT] task_id=6E75D4 attempt=3 resolve=SUCCESS download=SUCCESS error_class=NA
============================================================
[TIKTOK TASK END]
task_id=6E75D4
result=SUCCESS
attempts=3
elapsed=53.8s
final_error_class=EXTRACTOR
final_failed_stage=NA
============================================================

============================================================
[TASK END]
task_id=6E75D4
result=SUCCESS
attempts=3
elapsed=53.9s
final_error_class=EXTRACTOR
============================================================

============================================================
[TASK START]
task_id=BE5A11
platform=tiktok
url=https://www.tiktok.com/@jackjerry/video/7497344948853869855
start_time=2026-08-22 13:32:35
============================================================

[ENVIRONMENT]
python_version=3.11.9
os=Windows
yt_dlp_path=C:\Users\Administrator\Desktop\下载\bin\yt-dlp.exe
yt_dlp_version=2026.08.19
node_path=C:\Program Files\nodejs\node.EXE
ffmpeg_path=C:\Users\Administrator\Desktop\下载\ffmpeg\bin\ffmpeg.exe

============================================================
[TIKTOK TASK START]
task_id=BE5A11
url=https://www.tiktok.com/@jackjerry/video/7497344948853869855
time=2026-08-22 13:32:38
============================================================

[REQUEST]
task_id=BE5A11
cookie=true
ua=true
referer=true
concurrency=8
action=INITIAL_READ
js_runtime_args=--no-js-runtimes --js-runtimes node:C:\Program Files\nodejs\node.exe
cookie_exists=true
cookie_count=45
cookie_size=8027
cookie_mtime=2026-08-22 13:32:38
cookie_header=REDACTED
sessionid=absent
msToken=present
sid_tt=absent
ttwid=absent
tt_chain_token=absent
passport_csrf_token=absent

============================================================
[ATTEMPT]
task_id=BE5A11
attempt=1
concurrency=8
============================================================

[COOKIE]
task_id=BE5A11
source=extension
file=_all_cookies.txt
session_copy=_session_cookie_BE5A11.txt
exists=true
size=8027
mtime=2026-08-22 13:31:47
refreshed=true

[UA]
task_id=BE5A11
source=extension
length=111

[REFERER]
task_id=BE5A11
source=extension
value=https://www.tiktok.com/search?q=Jack+Jerry+prediction+filter&t=1787376624627

[PROXY]
task_id=BE5A11
enabled=false
source=system
value=default

[JS RUNTIME]
task_id=BE5A11
attempt=1
enabled=true
runtime=node
path=C:\Program Files\nodejs\node.exe
js_runtime_args=--no-js-runtimes --js-runtimes node:C:\Program Files\nodejs\node.exe

[YTDLP]
task_id=BE5A11
attempt=1
stage=RESOLVE+DOWNLOAD
concurrency=8
retries=5
extractor_retries=3
fragment_retries=5

[COMMAND] task_id=BE5A11 C:\Users\Administrator\Desktop\下载\bin\yt-dlp.exe --newline --no-warnings --no-playlist --no-check-certificates --no-mtime --encoding utf-8 --user-agent Mozilla/5.0 (Windows NT 10.0; Win64; x64) AppleWebKit/537.36 (KHTML, like Gecko) Chrome/151.0.0.0 Safari/537.36 --ffmpeg-location C:\Users\Administrator\Desktop\下载\ffmpeg\bin\ffmpeg.exe -f bv*+ba/b --merge-output-format mp4 --windows-filenames --socket-timeout 30 --retries 5 --fragment-retries 5 --extractor-retries 3 --file-access-retries 3 --retry-sleep exp=1:30 --buffer-size 16M --trim-filenames 200 --skip-unavailable-fragments -o C:\Users\Administrator\Desktop\下载\_download_temp\job_2_1787376755\source.%(ext)s --no-js-runtimes --js-runtimes node:C:\Program Files\nodejs\node.exe --cookies REDACTED --referer https://www.tiktok.com/search?q=Jack%20Jerry%20prediction%20filter&t=1787376624627 --add-header Referer: https://www.tiktok.com/search?q=Jack%20Jerry%20prediction%20filter&t=1787376624627 --http-chunk-size 10M --add-header Accept: text/html,application/xhtml+xml,application/xml;q=0.9,image/avif,image/webp,image/apng,*/*;q=0.8 --add-header Accept-Language: en-US,en;q=0.9,zh-CN;q=0.8,zh;q=0.7 --add-header Accept-Encoding: gzip, deflate, br --add-header Connection: keep-alive --add-header Upgrade-Insecure-Requests: 1 --add-header Sec-Fetch-Dest: document --add-header Sec-Fetch-Mode: navigate --add-header Sec-Fetch-Site: none --add-header Sec-Fetch-User: ?1 -N 8 https://www.tiktok.com/@jackjerry/video/7497344948853869855
[RESOLVE] task_id=BE5A11 attempt=1 status=START
[CHALLENGE] task_id=BE5A11 attempt=1 challenge_solver=native_python
[RESOLVE] task_id=BE5A11 attempt=1 status=FAILED
[YTDLP RESULT] task_id=BE5A11 attempt=1 resolve=FAILED download=NA error_class=EXTRACTOR
[ERROR]
task_id=BE5A11
attempt=1
class=EXTRACTOR
stage=RESOLVE
message=ERROR: [TikTok] 7497344948853869855: Unable to extract universal data for rehydration; please report this issue on  https://github.com/yt-dlp/yt-dlp/issues?q= , filling out the appropriate issue template. Confirm you are on the latest version using  yt-dlp -U
action=INITIAL_READ
challenge_solver=native_python

[YTDLP STDERR]
[TikTok] Extracting URL: https://www.tiktok.com/@jackjerry/video/7497344948853869855
[TikTok] 7497344948853869855: Downloading webpage
[TikTok] Solving JS challenge using native Python implementation
[TikTok] 7497344948853869855: Downloading webpage with challenge cookie
ERROR: [TikTok] 7497344948853869855: Unable to extract universal data for rehydration; please report this issue on  https://github.com/yt-dlp/yt-dlp/issues?q= , filling out the appropriate issue template. Confirm you are on the latest version using  yt-dlp -U

[REQUEST]
task_id=BE5A11
cookie=true
ua=true
referer=true
concurrency=8
action=REFRESH_BROWSER_STATE
js_runtime_args=--no-js-runtimes --js-runtimes node:C:\Program Files\nodejs\node.exe
cookie_exists=true
cookie_count=45
cookie_size=8027
cookie_mtime=2026-08-22 13:32:50
cookie_header=REDACTED
retry_reason=ERROR: [TikTok] 7497344948853869855: Unable to extract universal data for rehydration; please report this issue on  https://github.com/yt-dlp/yt-dlp/issues?q= , filling out the appropriate issue template. Confirm you are on the latest version using  yt-dlp -U
sessionid=absent
msToken=present
sid_tt=absent
ttwid=absent
tt_chain_token=absent
passport_csrf_token=absent

============================================================
[ATTEMPT]
task_id=BE5A11
attempt=2
concurrency=8
============================================================

[COOKIE]
task_id=BE5A11
source=extension
file=_all_cookies.txt
session_copy=_session_cookie_BE5A11.txt
exists=true
size=8027
mtime=2026-08-22 13:31:47
refreshed=true

[UA]
task_id=BE5A11
source=extension
length=111

[REFERER]
task_id=BE5A11
source=extension
value=https://www.tiktok.com/search?q=Jack+Jerry+prediction+filter&t=1787376624627

[PROXY]
task_id=BE5A11
enabled=false
source=system
value=default

[JS RUNTIME]
task_id=BE5A11
attempt=2
enabled=true
runtime=node
path=C:\Program Files\nodejs\node.exe
js_runtime_args=--no-js-runtimes --js-runtimes node:C:\Program Files\nodejs\node.exe

[YTDLP]
task_id=BE5A11
attempt=2
stage=RESOLVE+DOWNLOAD
concurrency=8
retries=5
extractor_retries=3
fragment_retries=5

[COMMAND] task_id=BE5A11 C:\Users\Administrator\Desktop\下载\bin\yt-dlp.exe --newline --no-warnings --no-playlist --no-check-certificates --no-mtime --encoding utf-8 --user-agent Mozilla/5.0 (Windows NT 10.0; Win64; x64) AppleWebKit/537.36 (KHTML, like Gecko) Chrome/151.0.0.0 Safari/537.36 --ffmpeg-location C:\Users\Administrator\Desktop\下载\ffmpeg\bin\ffmpeg.exe -f bv*+ba/b --merge-output-format mp4 --windows-filenames --socket-timeout 30 --retries 5 --fragment-retries 5 --extractor-retries 3 --file-access-retries 3 --retry-sleep exp=1:30 --buffer-size 16M --trim-filenames 200 --skip-unavailable-fragments -o C:\Users\Administrator\Desktop\下载\_download_temp\job_2_1787376755\source.%(ext)s --no-js-runtimes --js-runtimes node:C:\Program Files\nodejs\node.exe --cookies REDACTED --referer https://www.tiktok.com/search?q=Jack%20Jerry%20prediction%20filter&t=1787376624627 --add-header Referer: https://www.tiktok.com/search?q=Jack%20Jerry%20prediction%20filter&t=1787376624627 --http-chunk-size 10M --add-header Accept: text/html,application/xhtml+xml,application/xml;q=0.9,image/avif,image/webp,image/apng,*/*;q=0.8 --add-header Accept-Language: en-US,en;q=0.9,zh-CN;q=0.8,zh;q=0.7 --add-header Accept-Encoding: gzip, deflate, br --add-header Connection: keep-alive --add-header Upgrade-Insecure-Requests: 1 --add-header Sec-Fetch-Dest: document --add-header Sec-Fetch-Mode: navigate --add-header Sec-Fetch-Site: none --add-header Sec-Fetch-User: ?1 -N 8 https://www.tiktok.com/@jackjerry/video/7497344948853869855
[RESOLVE] task_id=BE5A11 attempt=2 status=START
[CHALLENGE] task_id=BE5A11 attempt=2 challenge_solver=native_python
[RESOLVE] task_id=BE5A11 attempt=2 status=SUCCESS
[DOWNLOAD] task_id=BE5A11 attempt=2 status=SUCCESS
[YTDLP RESULT] task_id=BE5A11 attempt=2 resolve=SUCCESS download=SUCCESS error_class=NA
============================================================
[TIKTOK TASK END]
task_id=BE5A11
result=SUCCESS
attempts=2
elapsed=35.4s
final_error_class=EXTRACTOR
final_failed_stage=NA
============================================================

============================================================
[TASK END]
task_id=BE5A11
result=SUCCESS
attempts=2
elapsed=35.5s
final_error_class=EXTRACTOR
============================================================

============================================================
[TASK START]
task_id=F4DDB0
platform=tiktok
url=https://www.tiktok.com/@jackjerry/video/7495861420622351647
start_time=2026-08-22 13:33:28
============================================================

[ENVIRONMENT]
python_version=3.11.9
os=Windows
yt_dlp_path=C:\Users\Administrator\Desktop\下载\bin\yt-dlp.exe
yt_dlp_version=2026.08.19
node_path=C:\Program Files\nodejs\node.EXE
ffmpeg_path=C:\Users\Administrator\Desktop\下载\ffmpeg\bin\ffmpeg.exe

============================================================
[TIKTOK TASK START]
task_id=F4DDB0
url=https://www.tiktok.com/@jackjerry/video/7495861420622351647
time=2026-08-22 13:33:31
============================================================

[REQUEST]
task_id=F4DDB0
cookie=true
ua=true
referer=true
concurrency=8
action=INITIAL_READ
js_runtime_args=--no-js-runtimes --js-runtimes node:C:\Program Files\nodejs\node.exe
cookie_exists=true
cookie_count=45
cookie_size=9899
cookie_mtime=2026-08-22 13:33:31
cookie_header=REDACTED
sessionid=absent
msToken=present
sid_tt=absent
ttwid=absent
tt_chain_token=absent
passport_csrf_token=absent

============================================================
[ATTEMPT]
task_id=F4DDB0
attempt=1
concurrency=8
============================================================

[COOKIE]
task_id=F4DDB0
source=extension
file=_all_cookies.txt
session_copy=_session_cookie_F4DDB0.txt
exists=true
size=9899
mtime=2026-08-22 13:33:05
refreshed=true

[UA]
task_id=F4DDB0
source=extension
length=111

[REFERER]
task_id=F4DDB0
source=extension
value=https://www.tiktok.com/search?q=Jack+Jerry+prediction+filter&t=1787376624627

[PROXY]
task_id=F4DDB0
enabled=false
source=system
value=default

[JS RUNTIME]
task_id=F4DDB0
attempt=1
enabled=true
runtime=node
path=C:\Program Files\nodejs\node.exe
js_runtime_args=--no-js-runtimes --js-runtimes node:C:\Program Files\nodejs\node.exe

[YTDLP]
task_id=F4DDB0
attempt=1
stage=RESOLVE+DOWNLOAD
concurrency=8
retries=5
extractor_retries=3
fragment_retries=5

[COMMAND] task_id=F4DDB0 C:\Users\Administrator\Desktop\下载\bin\yt-dlp.exe --newline --no-warnings --no-playlist --no-check-certificates --no-mtime --encoding utf-8 --user-agent Mozilla/5.0 (Windows NT 10.0; Win64; x64) AppleWebKit/537.36 (KHTML, like Gecko) Chrome/151.0.0.0 Safari/537.36 --ffmpeg-location C:\Users\Administrator\Desktop\下载\ffmpeg\bin\ffmpeg.exe -f bv*+ba/b --merge-output-format mp4 --windows-filenames --socket-timeout 30 --retries 5 --fragment-retries 5 --extractor-retries 3 --file-access-retries 3 --retry-sleep exp=1:30 --buffer-size 16M --trim-filenames 200 --skip-unavailable-fragments -o C:\Users\Administrator\Desktop\下载\_download_temp\job_3_1787376808\source.%(ext)s --no-js-runtimes --js-runtimes node:C:\Program Files\nodejs\node.exe --cookies REDACTED --referer https://www.tiktok.com/search?q=Jack%20Jerry%20prediction%20filter&t=1787376624627 --add-header Referer: https://www.tiktok.com/search?q=Jack%20Jerry%20prediction%20filter&t=1787376624627 --http-chunk-size 10M --add-header Accept: text/html,application/xhtml+xml,application/xml;q=0.9,image/avif,image/webp,image/apng,*/*;q=0.8 --add-header Accept-Language: en-US,en;q=0.9,zh-CN;q=0.8,zh;q=0.7 --add-header Accept-Encoding: gzip, deflate, br --add-header Connection: keep-alive --add-header Upgrade-Insecure-Requests: 1 --add-header Sec-Fetch-Dest: document --add-header Sec-Fetch-Mode: navigate --add-header Sec-Fetch-Site: none --add-header Sec-Fetch-User: ?1 -N 8 https://www.tiktok.com/@jackjerry/video/7495861420622351647
[RESOLVE] task_id=F4DDB0 attempt=1 status=START
[CHALLENGE] task_id=F4DDB0 attempt=1 challenge_solver=native_python
[RESOLVE] task_id=F4DDB0 attempt=1 status=FAILED
[YTDLP RESULT] task_id=F4DDB0 attempt=1 resolve=FAILED download=NA error_class=EXTRACTOR
[ERROR]
task_id=F4DDB0
attempt=1
class=EXTRACTOR
stage=RESOLVE
message=ERROR: [TikTok] 7495861420622351647: Unable to extract universal data for rehydration; please report this issue on  https://github.com/yt-dlp/yt-dlp/issues?q= , filling out the appropriate issue template. Confirm you are on the latest version using  yt-dlp -U
action=INITIAL_READ
challenge_solver=native_python

[YTDLP STDERR]
[TikTok] Extracting URL: https://www.tiktok.com/@jackjerry/video/7495861420622351647
[TikTok] 7495861420622351647: Downloading webpage
[TikTok] Solving JS challenge using native Python implementation
[TikTok] 7495861420622351647: Downloading webpage with challenge cookie
ERROR: [TikTok] 7495861420622351647: Unable to extract universal data for rehydration; please report this issue on  https://github.com/yt-dlp/yt-dlp/issues?q= , filling out the appropriate issue template. Confirm you are on the latest version using  yt-dlp -U

[REQUEST]
task_id=F4DDB0
cookie=true
ua=true
referer=true
concurrency=8
action=REFRESH_BROWSER_STATE
js_runtime_args=--no-js-runtimes --js-runtimes node:C:\Program Files\nodejs\node.exe
cookie_exists=true
cookie_count=45
cookie_size=9899
cookie_mtime=2026-08-22 13:33:45
cookie_header=REDACTED
retry_reason=ERROR: [TikTok] 7495861420622351647: Unable to extract universal data for rehydration; please report this issue on  https://github.com/yt-dlp/yt-dlp/issues?q= , filling out the appropriate issue template. Confirm you are on the latest version using  yt-dlp -U
sessionid=absent
msToken=present
sid_tt=absent
ttwid=absent
tt_chain_token=absent
passport_csrf_token=absent

============================================================
[ATTEMPT]
task_id=F4DDB0
attempt=2
concurrency=8
============================================================

[COOKIE]
task_id=F4DDB0
source=extension
file=_all_cookies.txt
session_copy=_session_cookie_F4DDB0.txt
exists=true
size=9899
mtime=2026-08-22 13:33:05
refreshed=true

[UA]
task_id=F4DDB0
source=extension
length=111

[REFERER]
task_id=F4DDB0
source=extension
value=https://www.tiktok.com/search?q=Jack+Jerry+prediction+filter&t=1787376624627

[PROXY]
task_id=F4DDB0
enabled=false
source=system
value=default

[JS RUNTIME]
task_id=F4DDB0
attempt=2
enabled=true
runtime=node
path=C:\Program Files\nodejs\node.exe
js_runtime_args=--no-js-runtimes --js-runtimes node:C:\Program Files\nodejs\node.exe

[YTDLP]
task_id=F4DDB0
attempt=2
stage=RESOLVE+DOWNLOAD
concurrency=8
retries=5
extractor_retries=3
fragment_retries=5

[COMMAND] task_id=F4DDB0 C:\Users\Administrator\Desktop\下载\bin\yt-dlp.exe --newline --no-warnings --no-playlist --no-check-certificates --no-mtime --encoding utf-8 --user-agent Mozilla/5.0 (Windows NT 10.0; Win64; x64) AppleWebKit/537.36 (KHTML, like Gecko) Chrome/151.0.0.0 Safari/537.36 --ffmpeg-location C:\Users\Administrator\Desktop\下载\ffmpeg\bin\ffmpeg.exe -f bv*+ba/b --merge-output-format mp4 --windows-filenames --socket-timeout 30 --retries 5 --fragment-retries 5 --extractor-retries 3 --file-access-retries 3 --retry-sleep exp=1:30 --buffer-size 16M --trim-filenames 200 --skip-unavailable-fragments -o C:\Users\Administrator\Desktop\下载\_download_temp\job_3_1787376808\source.%(ext)s --no-js-runtimes --js-runtimes node:C:\Program Files\nodejs\node.exe --cookies REDACTED --referer https://www.tiktok.com/search?q=Jack%20Jerry%20prediction%20filter&t=1787376624627 --add-header Referer: https://www.tiktok.com/search?q=Jack%20Jerry%20prediction%20filter&t=1787376624627 --http-chunk-size 10M --add-header Accept: text/html,application/xhtml+xml,application/xml;q=0.9,image/avif,image/webp,image/apng,*/*;q=0.8 --add-header Accept-Language: en-US,en;q=0.9,zh-CN;q=0.8,zh;q=0.7 --add-header Accept-Encoding: gzip, deflate, br --add-header Connection: keep-alive --add-header Upgrade-Insecure-Requests: 1 --add-header Sec-Fetch-Dest: document --add-header Sec-Fetch-Mode: navigate --add-header Sec-Fetch-Site: none --add-header Sec-Fetch-User: ?1 -N 8 https://www.tiktok.com/@jackjerry/video/7495861420622351647
[RESOLVE] task_id=F4DDB0 attempt=2 status=START
[CHALLENGE] task_id=F4DDB0 attempt=2 challenge_solver=native_python
[RESOLVE] task_id=F4DDB0 attempt=2 status=SUCCESS
[DOWNLOAD] task_id=F4DDB0 attempt=2 status=SUCCESS
[YTDLP RESULT] task_id=F4DDB0 attempt=2 resolve=SUCCESS download=SUCCESS error_class=NA
============================================================
[TIKTOK TASK END]
task_id=F4DDB0
result=SUCCESS
attempts=2
elapsed=42.5s
final_error_class=EXTRACTOR
final_failed_stage=NA
============================================================

============================================================
[TASK END]
task_id=F4DDB0
result=SUCCESS
attempts=2
elapsed=42.5s
final_error_class=EXTRACTOR
============================================================

============================================================
[TASK START]
task_id=42ADD3
platform=tiktok
url=https://www.tiktok.com/@jackjerry/video/7508432666795035935
start_time=2026-08-22 13:34:28
============================================================

[ENVIRONMENT]
python_version=3.11.9
os=Windows
yt_dlp_path=C:\Users\Administrator\Desktop\下载\bin\yt-dlp.exe
yt_dlp_version=2026.08.19
node_path=C:\Program Files\nodejs\node.EXE
ffmpeg_path=C:\Users\Administrator\Desktop\下载\ffmpeg\bin\ffmpeg.exe

============================================================
[TIKTOK TASK START]
task_id=42ADD3
url=https://www.tiktok.com/@jackjerry/video/7508432666795035935
time=2026-08-22 13:34:32
============================================================

[REQUEST]
task_id=42ADD3
cookie=true
ua=true
referer=true
concurrency=8
action=INITIAL_READ
js_runtime_args=--no-js-runtimes --js-runtimes node:C:\Program Files\nodejs\node.exe
cookie_exists=true
cookie_count=45
cookie_size=9899
cookie_mtime=2026-08-22 13:34:32
cookie_header=REDACTED
sessionid=absent
msToken=present
sid_tt=absent
ttwid=absent
tt_chain_token=absent
passport_csrf_token=absent

============================================================
[ATTEMPT]
task_id=42ADD3
attempt=1
concurrency=8
============================================================

[COOKIE]
task_id=42ADD3
source=extension
file=_all_cookies.txt
session_copy=_session_cookie_42ADD3.txt
exists=true
size=9899
mtime=2026-08-22 13:33:05
refreshed=true

[UA]
task_id=42ADD3
source=extension
length=111

[REFERER]
task_id=42ADD3
source=extension
value=https://www.tiktok.com/search?q=Jack+Jerry+prediction+filter&t=1787376624627

[PROXY]
task_id=42ADD3
enabled=false
source=system
value=default

[JS RUNTIME]
task_id=42ADD3
attempt=1
enabled=true
runtime=node
path=C:\Program Files\nodejs\node.exe
js_runtime_args=--no-js-runtimes --js-runtimes node:C:\Program Files\nodejs\node.exe

[YTDLP]
task_id=42ADD3
attempt=1
stage=RESOLVE+DOWNLOAD
concurrency=8
retries=5
extractor_retries=3
fragment_retries=5

[COMMAND] task_id=42ADD3 C:\Users\Administrator\Desktop\下载\bin\yt-dlp.exe --newline --no-warnings --no-playlist --no-check-certificates --no-mtime --encoding utf-8 --user-agent Mozilla/5.0 (Windows NT 10.0; Win64; x64) AppleWebKit/537.36 (KHTML, like Gecko) Chrome/151.0.0.0 Safari/537.36 --ffmpeg-location C:\Users\Administrator\Desktop\下载\ffmpeg\bin\ffmpeg.exe -f bv*+ba/b --merge-output-format mp4 --windows-filenames --socket-timeout 30 --retries 5 --fragment-retries 5 --extractor-retries 3 --file-access-retries 3 --retry-sleep exp=1:30 --buffer-size 16M --trim-filenames 200 --skip-unavailable-fragments -o C:\Users\Administrator\Desktop\下载\_download_temp\job_4_1787376868\source.%(ext)s --no-js-runtimes --js-runtimes node:C:\Program Files\nodejs\node.exe --cookies REDACTED --referer https://www.tiktok.com/search?q=Jack%20Jerry%20prediction%20filter&t=1787376624627 --add-header Referer: https://www.tiktok.com/search?q=Jack%20Jerry%20prediction%20filter&t=1787376624627 --http-chunk-size 10M --add-header Accept: text/html,application/xhtml+xml,application/xml;q=0.9,image/avif,image/webp,image/apng,*/*;q=0.8 --add-header Accept-Language: en-US,en;q=0.9,zh-CN;q=0.8,zh;q=0.7 --add-header Accept-Encoding: gzip, deflate, br --add-header Connection: keep-alive --add-header Upgrade-Insecure-Requests: 1 --add-header Sec-Fetch-Dest: document --add-header Sec-Fetch-Mode: navigate --add-header Sec-Fetch-Site: none --add-header Sec-Fetch-User: ?1 -N 8 https://www.tiktok.com/@jackjerry/video/7508432666795035935
[RESOLVE] task_id=42ADD3 attempt=1 status=START
[CHALLENGE] task_id=42ADD3 attempt=1 challenge_solver=native_python
[RESOLVE] task_id=42ADD3 attempt=1 status=FAILED
[YTDLP RESULT] task_id=42ADD3 attempt=1 resolve=FAILED download=NA error_class=EXTRACTOR
[ERROR]
task_id=42ADD3
attempt=1
class=EXTRACTOR
stage=RESOLVE
message=ERROR: [TikTok] 7508432666795035935: Unable to extract universal data for rehydration; please report this issue on  https://github.com/yt-dlp/yt-dlp/issues?q= , filling out the appropriate issue template. Confirm you are on the latest version using  yt-dlp -U
action=INITIAL_READ
challenge_solver=native_python

[YTDLP STDERR]
[TikTok] Extracting URL: https://www.tiktok.com/@jackjerry/video/7508432666795035935
[TikTok] 7508432666795035935: Downloading webpage
[TikTok] Solving JS challenge using native Python implementation
[TikTok] 7508432666795035935: Downloading webpage with challenge cookie
ERROR: [TikTok] 7508432666795035935: Unable to extract universal data for rehydration; please report this issue on  https://github.com/yt-dlp/yt-dlp/issues?q= , filling out the appropriate issue template. Confirm you are on the latest version using  yt-dlp -U

[REQUEST]
task_id=42ADD3
cookie=true
ua=true
referer=true
concurrency=8
action=REFRESH_BROWSER_STATE
js_runtime_args=--no-js-runtimes --js-runtimes node:C:\Program Files\nodejs\node.exe
cookie_exists=true
cookie_count=45
cookie_size=9899
cookie_mtime=2026-08-22 13:34:43
cookie_header=REDACTED
retry_reason=ERROR: [TikTok] 7508432666795035935: Unable to extract universal data for rehydration; please report this issue on  https://github.com/yt-dlp/yt-dlp/issues?q= , filling out the appropriate issue template. Confirm you are on the latest version using  yt-dlp -U
sessionid=absent
msToken=present
sid_tt=absent
ttwid=absent
tt_chain_token=absent
passport_csrf_token=absent

============================================================
[ATTEMPT]
task_id=42ADD3
attempt=2
concurrency=8
============================================================

[COOKIE]
task_id=42ADD3
source=extension
file=_all_cookies.txt
session_copy=_session_cookie_42ADD3.txt
exists=true
size=9899
mtime=2026-08-22 13:33:05
refreshed=true

[UA]
task_id=42ADD3
source=extension
length=111

[REFERER]
task_id=42ADD3
source=extension
value=https://www.tiktok.com/search?q=Jack+Jerry+prediction+filter&t=1787376624627

[PROXY]
task_id=42ADD3
enabled=false
source=system
value=default

[JS RUNTIME]
task_id=42ADD3
attempt=2
enabled=true
runtime=node
path=C:\Program Files\nodejs\node.exe
js_runtime_args=--no-js-runtimes --js-runtimes node:C:\Program Files\nodejs\node.exe

[YTDLP]
task_id=42ADD3
attempt=2
stage=RESOLVE+DOWNLOAD
concurrency=8
retries=5
extractor_retries=3
fragment_retries=5

[COMMAND] task_id=42ADD3 C:\Users\Administrator\Desktop\下载\bin\yt-dlp.exe --newline --no-warnings --no-playlist --no-check-certificates --no-mtime --encoding utf-8 --user-agent Mozilla/5.0 (Windows NT 10.0; Win64; x64) AppleWebKit/537.36 (KHTML, like Gecko) Chrome/151.0.0.0 Safari/537.36 --ffmpeg-location C:\Users\Administrator\Desktop\下载\ffmpeg\bin\ffmpeg.exe -f bv*+ba/b --merge-output-format mp4 --windows-filenames --socket-timeout 30 --retries 5 --fragment-retries 5 --extractor-retries 3 --file-access-retries 3 --retry-sleep exp=1:30 --buffer-size 16M --trim-filenames 200 --skip-unavailable-fragments -o C:\Users\Administrator\Desktop\下载\_download_temp\job_4_1787376868\source.%(ext)s --no-js-runtimes --js-runtimes node:C:\Program Files\nodejs\node.exe --cookies REDACTED --referer https://www.tiktok.com/search?q=Jack%20Jerry%20prediction%20filter&t=1787376624627 --add-header Referer: https://www.tiktok.com/search?q=Jack%20Jerry%20prediction%20filter&t=1787376624627 --http-chunk-size 10M --add-header Accept: text/html,application/xhtml+xml,application/xml;q=0.9,image/avif,image/webp,image/apng,*/*;q=0.8 --add-header Accept-Language: en-US,en;q=0.9,zh-CN;q=0.8,zh;q=0.7 --add-header Accept-Encoding: gzip, deflate, br --add-header Connection: keep-alive --add-header Upgrade-Insecure-Requests: 1 --add-header Sec-Fetch-Dest: document --add-header Sec-Fetch-Mode: navigate --add-header Sec-Fetch-Site: none --add-header Sec-Fetch-User: ?1 -N 8 https://www.tiktok.com/@jackjerry/video/7508432666795035935
[RESOLVE] task_id=42ADD3 attempt=2 status=START
[CHALLENGE] task_id=42ADD3 attempt=2 challenge_solver=native_python
[RESOLVE] task_id=42ADD3 attempt=2 status=FAILED
[YTDLP RESULT] task_id=42ADD3 attempt=2 resolve=FAILED download=NA error_class=EXTRACTOR
[ERROR]
task_id=42ADD3
attempt=2
class=EXTRACTOR
stage=RESOLVE
message=ERROR: [TikTok] 7508432666795035935: Unable to extract universal data for rehydration; please report this issue on  https://github.com/yt-dlp/yt-dlp/issues?q= , filling out the appropriate issue template. Confirm you are on the latest version using  yt-dlp -U
action=REFRESH_BROWSER_STATE
challenge_solver=native_python

[YTDLP STDERR]
[TikTok] Extracting URL: https://www.tiktok.com/@jackjerry/video/7508432666795035935
[TikTok] 7508432666795035935: Downloading webpage
[TikTok] Solving JS challenge using native Python implementation
[TikTok] 7508432666795035935: Downloading webpage with challenge cookie
ERROR: [TikTok] 7508432666795035935: Unable to extract universal data for rehydration; please report this issue on  https://github.com/yt-dlp/yt-dlp/issues?q= , filling out the appropriate issue template. Confirm you are on the latest version using  yt-dlp -U

[REQUEST]
task_id=42ADD3
cookie=true
ua=true
referer=true
concurrency=8
action=REFRESH_BROWSER_STATE
js_runtime_args=--no-js-runtimes --js-runtimes node:C:\Program Files\nodejs\node.exe
cookie_exists=true
cookie_count=45
cookie_size=9899
cookie_mtime=2026-08-22 13:34:59
cookie_header=REDACTED
retry_reason=ERROR: [TikTok] 7508432666795035935: Unable to extract universal data for rehydration; please report this issue on  https://github.com/yt-dlp/yt-dlp/issues?q= , filling out the appropriate issue template. Confirm you are on the latest version using  yt-dlp -U
sessionid=absent
msToken=present
sid_tt=absent
ttwid=absent
tt_chain_token=absent
passport_csrf_token=absent

============================================================
[ATTEMPT]
task_id=42ADD3
attempt=3
concurrency=8
============================================================

[COOKIE]
task_id=42ADD3
source=extension
file=_all_cookies.txt
session_copy=_session_cookie_42ADD3.txt
exists=true
size=9899
mtime=2026-08-22 13:33:05
refreshed=true

[UA]
task_id=42ADD3
source=extension
length=111

[REFERER]
task_id=42ADD3
source=extension
value=https://www.tiktok.com/search?q=Jack+Jerry+prediction+filter&t=1787376624627

[PROXY]
task_id=42ADD3
enabled=false
source=system
value=default

[JS RUNTIME]
task_id=42ADD3
attempt=3
enabled=true
runtime=node
path=C:\Program Files\nodejs\node.exe
js_runtime_args=--no-js-runtimes --js-runtimes node:C:\Program Files\nodejs\node.exe

[YTDLP]
task_id=42ADD3
attempt=3
stage=RESOLVE+DOWNLOAD
concurrency=8
retries=5
extractor_retries=3
fragment_retries=5

[COMMAND] task_id=42ADD3 C:\Users\Administrator\Desktop\下载\bin\yt-dlp.exe --newline --no-warnings --no-playlist --no-check-certificates --no-mtime --encoding utf-8 --user-agent Mozilla/5.0 (Windows NT 10.0; Win64; x64) AppleWebKit/537.36 (KHTML, like Gecko) Chrome/151.0.0.0 Safari/537.36 --ffmpeg-location C:\Users\Administrator\Desktop\下载\ffmpeg\bin\ffmpeg.exe -f bv*+ba/b --merge-output-format mp4 --windows-filenames --socket-timeout 30 --retries 5 --fragment-retries 5 --extractor-retries 3 --file-access-retries 3 --retry-sleep exp=1:30 --buffer-size 16M --trim-filenames 200 --skip-unavailable-fragments -o C:\Users\Administrator\Desktop\下载\_download_temp\job_4_1787376868\source.%(ext)s --no-js-runtimes --js-runtimes node:C:\Program Files\nodejs\node.exe --cookies REDACTED --referer https://www.tiktok.com/search?q=Jack%20Jerry%20prediction%20filter&t=1787376624627 --add-header Referer: https://www.tiktok.com/search?q=Jack%20Jerry%20prediction%20filter&t=1787376624627 --http-chunk-size 10M --add-header Accept: text/html,application/xhtml+xml,application/xml;q=0.9,image/avif,image/webp,image/apng,*/*;q=0.8 --add-header Accept-Language: en-US,en;q=0.9,zh-CN;q=0.8,zh;q=0.7 --add-header Accept-Encoding: gzip, deflate, br --add-header Connection: keep-alive --add-header Upgrade-Insecure-Requests: 1 --add-header Sec-Fetch-Dest: document --add-header Sec-Fetch-Mode: navigate --add-header Sec-Fetch-Site: none --add-header Sec-Fetch-User: ?1 -N 8 https://www.tiktok.com/@jackjerry/video/7508432666795035935
[RESOLVE] task_id=42ADD3 attempt=3 status=START
[CHALLENGE] task_id=42ADD3 attempt=3 challenge_solver=native_python
[RESOLVE] task_id=42ADD3 attempt=3 status=SUCCESS
[DOWNLOAD] task_id=42ADD3 attempt=3 status=SUCCESS
[YTDLP RESULT] task_id=42ADD3 attempt=3 resolve=SUCCESS download=SUCCESS error_class=NA
============================================================
[TIKTOK TASK END]
task_id=42ADD3
result=SUCCESS
attempts=3
elapsed=50.9s
final_error_class=EXTRACTOR
final_failed_stage=NA
============================================================

============================================================
[TASK END]
task_id=42ADD3
result=SUCCESS
attempts=3
elapsed=50.9s
final_error_class=EXTRACTOR
============================================================

============================================================
[TASK START]
task_id=FF0EEC
platform=tiktok
url=https://www.tiktok.com/@jackjerry/video/7509961727975460127
start_time=2026-08-22 13:35:35
============================================================

[ENVIRONMENT]
python_version=3.11.9
os=Windows
yt_dlp_path=C:\Users\Administrator\Desktop\下载\bin\yt-dlp.exe
yt_dlp_version=2026.08.19
node_path=C:\Program Files\nodejs\node.EXE
ffmpeg_path=C:\Users\Administrator\Desktop\下载\ffmpeg\bin\ffmpeg.exe

============================================================
[TIKTOK TASK START]
task_id=FF0EEC
url=https://www.tiktok.com/@jackjerry/video/7509961727975460127
time=2026-08-22 13:35:39
============================================================

[REQUEST]
task_id=FF0EEC
cookie=true
ua=true
referer=true
concurrency=8
action=INITIAL_READ
js_runtime_args=--no-js-runtimes --js-runtimes node:C:\Program Files\nodejs\node.exe
cookie_exists=true
cookie_count=45
cookie_size=9899
cookie_mtime=2026-08-22 13:35:39
cookie_header=REDACTED
sessionid=absent
msToken=present
sid_tt=absent
ttwid=absent
tt_chain_token=absent
passport_csrf_token=absent

============================================================
[ATTEMPT]
task_id=FF0EEC
attempt=1
concurrency=8
============================================================

[COOKIE]
task_id=FF0EEC
source=extension
file=_all_cookies.txt
session_copy=_session_cookie_FF0EEC.txt
exists=true
size=9899
mtime=2026-08-22 13:35:37
refreshed=true

[UA]
task_id=FF0EEC
source=extension
length=111

[REFERER]
task_id=FF0EEC
source=extension
value=https://www.tiktok.com/search?q=Jack+Jerry+prediction+filter&t=1787376624627

[PROXY]
task_id=FF0EEC
enabled=false
source=system
value=default

[JS RUNTIME]
task_id=FF0EEC
attempt=1
enabled=true
runtime=node
path=C:\Program Files\nodejs\node.exe
js_runtime_args=--no-js-runtimes --js-runtimes node:C:\Program Files\nodejs\node.exe

[YTDLP]
task_id=FF0EEC
attempt=1
stage=RESOLVE+DOWNLOAD
concurrency=8
retries=5
extractor_retries=3
fragment_retries=5

[COMMAND] task_id=FF0EEC C:\Users\Administrator\Desktop\下载\bin\yt-dlp.exe --newline --no-warnings --no-playlist --no-check-certificates --no-mtime --encoding utf-8 --user-agent Mozilla/5.0 (Windows NT 10.0; Win64; x64) AppleWebKit/537.36 (KHTML, like Gecko) Chrome/151.0.0.0 Safari/537.36 --ffmpeg-location C:\Users\Administrator\Desktop\下载\ffmpeg\bin\ffmpeg.exe -f bv*+ba/b --merge-output-format mp4 --windows-filenames --socket-timeout 30 --retries 5 --fragment-retries 5 --extractor-retries 3 --file-access-retries 3 --retry-sleep exp=1:30 --buffer-size 16M --trim-filenames 200 --skip-unavailable-fragments -o C:\Users\Administrator\Desktop\下载\_download_temp\job_5_1787376935\source.%(ext)s --no-js-runtimes --js-runtimes node:C:\Program Files\nodejs\node.exe --cookies REDACTED --referer https://www.tiktok.com/search?q=Jack%20Jerry%20prediction%20filter&t=1787376624627 --add-header Referer: https://www.tiktok.com/search?q=Jack%20Jerry%20prediction%20filter&t=1787376624627 --http-chunk-size 10M --add-header Accept: text/html,application/xhtml+xml,application/xml;q=0.9,image/avif,image/webp,image/apng,*/*;q=0.8 --add-header Accept-Language: en-US,en;q=0.9,zh-CN;q=0.8,zh;q=0.7 --add-header Accept-Encoding: gzip, deflate, br --add-header Connection: keep-alive --add-header Upgrade-Insecure-Requests: 1 --add-header Sec-Fetch-Dest: document --add-header Sec-Fetch-Mode: navigate --add-header Sec-Fetch-Site: none --add-header Sec-Fetch-User: ?1 -N 8 https://www.tiktok.com/@jackjerry/video/7509961727975460127
[RESOLVE] task_id=FF0EEC attempt=1 status=START
[CHALLENGE] task_id=FF0EEC attempt=1 challenge_solver=native_python
[RESOLVE] task_id=FF0EEC attempt=1 status=FAILED
[YTDLP RESULT] task_id=FF0EEC attempt=1 resolve=FAILED download=NA error_class=EXTRACTOR
[ERROR]
task_id=FF0EEC
attempt=1
class=EXTRACTOR
stage=RESOLVE
message=ERROR: [TikTok] 7509961727975460127: Unable to extract universal data for rehydration; please report this issue on  https://github.com/yt-dlp/yt-dlp/issues?q= , filling out the appropriate issue template. Confirm you are on the latest version using  yt-dlp -U
action=INITIAL_READ
challenge_solver=native_python

[YTDLP STDERR]
[TikTok] Extracting URL: https://www.tiktok.com/@jackjerry/video/7509961727975460127
[TikTok] 7509961727975460127: Downloading webpage
[TikTok] Solving JS challenge using native Python implementation
[TikTok] 7509961727975460127: Downloading webpage with challenge cookie
ERROR: [TikTok] 7509961727975460127: Unable to extract universal data for rehydration; please report this issue on  https://github.com/yt-dlp/yt-dlp/issues?q= , filling out the appropriate issue template. Confirm you are on the latest version using  yt-dlp -U

[REQUEST]
task_id=FF0EEC
cookie=true
ua=true
referer=true
concurrency=8
action=REFRESH_BROWSER_STATE
js_runtime_args=--no-js-runtimes --js-runtimes node:C:\Program Files\nodejs\node.exe
cookie_exists=true
cookie_count=45
cookie_size=9899
cookie_mtime=2026-08-22 13:35:51
cookie_header=REDACTED
retry_reason=ERROR: [TikTok] 7509961727975460127: Unable to extract universal data for rehydration; please report this issue on  https://github.com/yt-dlp/yt-dlp/issues?q= , filling out the appropriate issue template. Confirm you are on the latest version using  yt-dlp -U
sessionid=absent
msToken=present
sid_tt=absent
ttwid=absent
tt_chain_token=absent
passport_csrf_token=absent

============================================================
[ATTEMPT]
task_id=FF0EEC
attempt=2
concurrency=8
============================================================

[COOKIE]
task_id=FF0EEC
source=extension
file=_all_cookies.txt
session_copy=_session_cookie_FF0EEC.txt
exists=true
size=9899
mtime=2026-08-22 13:35:37
refreshed=true

[UA]
task_id=FF0EEC
source=extension
length=111

[REFERER]
task_id=FF0EEC
source=extension
value=https://www.tiktok.com/search?q=Jack+Jerry+prediction+filter&t=1787376624627

[PROXY]
task_id=FF0EEC
enabled=false
source=system
value=default

[JS RUNTIME]
task_id=FF0EEC
attempt=2
enabled=true
runtime=node
path=C:\Program Files\nodejs\node.exe
js_runtime_args=--no-js-runtimes --js-runtimes node:C:\Program Files\nodejs\node.exe

[YTDLP]
task_id=FF0EEC
attempt=2
stage=RESOLVE+DOWNLOAD
concurrency=8
retries=5
extractor_retries=3
fragment_retries=5

[COMMAND] task_id=FF0EEC C:\Users\Administrator\Desktop\下载\bin\yt-dlp.exe --newline --no-warnings --no-playlist --no-check-certificates --no-mtime --encoding utf-8 --user-agent Mozilla/5.0 (Windows NT 10.0; Win64; x64) AppleWebKit/537.36 (KHTML, like Gecko) Chrome/151.0.0.0 Safari/537.36 --ffmpeg-location C:\Users\Administrator\Desktop\下载\ffmpeg\bin\ffmpeg.exe -f bv*+ba/b --merge-output-format mp4 --windows-filenames --socket-timeout 30 --retries 5 --fragment-retries 5 --extractor-retries 3 --file-access-retries 3 --retry-sleep exp=1:30 --buffer-size 16M --trim-filenames 200 --skip-unavailable-fragments -o C:\Users\Administrator\Desktop\下载\_download_temp\job_5_1787376935\source.%(ext)s --no-js-runtimes --js-runtimes node:C:\Program Files\nodejs\node.exe --cookies REDACTED --referer https://www.tiktok.com/search?q=Jack%20Jerry%20prediction%20filter&t=1787376624627 --add-header Referer: https://www.tiktok.com/search?q=Jack%20Jerry%20prediction%20filter&t=1787376624627 --http-chunk-size 10M --add-header Accept: text/html,application/xhtml+xml,application/xml;q=0.9,image/avif,image/webp,image/apng,*/*;q=0.8 --add-header Accept-Language: en-US,en;q=0.9,zh-CN;q=0.8,zh;q=0.7 --add-header Accept-Encoding: gzip, deflate, br --add-header Connection: keep-alive --add-header Upgrade-Insecure-Requests: 1 --add-header Sec-Fetch-Dest: document --add-header Sec-Fetch-Mode: navigate --add-header Sec-Fetch-Site: none --add-header Sec-Fetch-User: ?1 -N 8 https://www.tiktok.com/@jackjerry/video/7509961727975460127
[RESOLVE] task_id=FF0EEC attempt=2 status=START
[CHALLENGE] task_id=FF0EEC attempt=2 challenge_solver=native_python
[RESOLVE] task_id=FF0EEC attempt=2 status=SUCCESS
[DOWNLOAD] task_id=FF0EEC attempt=2 status=SUCCESS
[YTDLP RESULT] task_id=FF0EEC attempt=2 resolve=SUCCESS download=SUCCESS error_class=NA
============================================================
[TIKTOK TASK END]
task_id=FF0EEC
result=SUCCESS
attempts=2
elapsed=32.7s
final_error_class=EXTRACTOR
final_failed_stage=NA
============================================================

============================================================
[TASK END]
task_id=FF0EEC
result=SUCCESS
attempts=2
elapsed=32.8s
final_error_class=EXTRACTOR
============================================================

============================================================
[TASK START]
task_id=197696
platform=tiktok
url=https://www.tiktok.com/@jackjerry/video/7493276584162364702
start_time=2026-08-22 13:36:25
============================================================

[ENVIRONMENT]
python_version=3.11.9
os=Windows
yt_dlp_path=C:\Users\Administrator\Desktop\下载\bin\yt-dlp.exe
yt_dlp_version=2026.08.19
node_path=C:\Program Files\nodejs\node.EXE
ffmpeg_path=C:\Users\Administrator\Desktop\下载\ffmpeg\bin\ffmpeg.exe

============================================================
[TIKTOK TASK START]
task_id=197696
url=https://www.tiktok.com/@jackjerry/video/7493276584162364702
time=2026-08-22 13:36:29
============================================================

[REQUEST]
task_id=197696
cookie=true
ua=true
referer=true
concurrency=8
action=INITIAL_READ
js_runtime_args=--no-js-runtimes --js-runtimes node:C:\Program Files\nodejs\node.exe
cookie_exists=true
cookie_count=45
cookie_size=9899
cookie_mtime=2026-08-22 13:36:29
cookie_header=REDACTED
sessionid=absent
msToken=present
sid_tt=absent
ttwid=absent
tt_chain_token=absent
passport_csrf_token=absent

============================================================
[ATTEMPT]
task_id=197696
attempt=1
concurrency=8
============================================================

[COOKIE]
task_id=197696
source=extension
file=_all_cookies.txt
session_copy=_session_cookie_197696.txt
exists=true
size=9899
mtime=2026-08-22 13:35:37
refreshed=true

[UA]
task_id=197696
source=extension
length=111

[REFERER]
task_id=197696
source=extension
value=https://www.tiktok.com/search?q=Jack+Jerry+prediction+filter&t=1787376624627

[PROXY]
task_id=197696
enabled=false
source=system
value=default

[JS RUNTIME]
task_id=197696
attempt=1
enabled=true
runtime=node
path=C:\Program Files\nodejs\node.exe
js_runtime_args=--no-js-runtimes --js-runtimes node:C:\Program Files\nodejs\node.exe

[YTDLP]
task_id=197696
attempt=1
stage=RESOLVE+DOWNLOAD
concurrency=8
retries=5
extractor_retries=3
fragment_retries=5

[COMMAND] task_id=197696 C:\Users\Administrator\Desktop\下载\bin\yt-dlp.exe --newline --no-warnings --no-playlist --no-check-certificates --no-mtime --encoding utf-8 --user-agent Mozilla/5.0 (Windows NT 10.0; Win64; x64) AppleWebKit/537.36 (KHTML, like Gecko) Chrome/151.0.0.0 Safari/537.36 --ffmpeg-location C:\Users\Administrator\Desktop\下载\ffmpeg\bin\ffmpeg.exe -f bv*+ba/b --merge-output-format mp4 --windows-filenames --socket-timeout 30 --retries 5 --fragment-retries 5 --extractor-retries 3 --file-access-retries 3 --retry-sleep exp=1:30 --buffer-size 16M --trim-filenames 200 --skip-unavailable-fragments -o C:\Users\Administrator\Desktop\下载\_download_temp\job_6_1787376985\source.%(ext)s --no-js-runtimes --js-runtimes node:C:\Program Files\nodejs\node.exe --cookies REDACTED --referer https://www.tiktok.com/search?q=Jack%20Jerry%20prediction%20filter&t=1787376624627 --add-header Referer: https://www.tiktok.com/search?q=Jack%20Jerry%20prediction%20filter&t=1787376624627 --http-chunk-size 10M --add-header Accept: text/html,application/xhtml+xml,application/xml;q=0.9,image/avif,image/webp,image/apng,*/*;q=0.8 --add-header Accept-Language: en-US,en;q=0.9,zh-CN;q=0.8,zh;q=0.7 --add-header Accept-Encoding: gzip, deflate, br --add-header Connection: keep-alive --add-header Upgrade-Insecure-Requests: 1 --add-header Sec-Fetch-Dest: document --add-header Sec-Fetch-Mode: navigate --add-header Sec-Fetch-Site: none --add-header Sec-Fetch-User: ?1 -N 8 https://www.tiktok.com/@jackjerry/video/7493276584162364702
[RESOLVE] task_id=197696 attempt=1 status=START
[CHALLENGE] task_id=197696 attempt=1 challenge_solver=native_python
[RESOLVE] task_id=197696 attempt=1 status=SUCCESS
[DOWNLOAD] task_id=197696 attempt=1 status=SUCCESS
[YTDLP RESULT] task_id=197696 attempt=1 resolve=SUCCESS download=SUCCESS error_class=NA
============================================================
[TIKTOK TASK END]
task_id=197696
result=SUCCESS
attempts=1
elapsed=23.5s
final_error_class=NA
final_failed_stage=NA
============================================================

============================================================
[TASK END]
task_id=197696
result=SUCCESS
attempts=1
elapsed=23.5s
final_error_class=NA
============================================================

============================================================
[TASK START]
task_id=EAFC41
platform=tiktok
url=https://www.tiktok.com/@mark.ohh7/video/7505449461598981418
start_time=2026-08-22 13:37:03
============================================================

[ENVIRONMENT]
python_version=3.11.9
os=Windows
yt_dlp_path=C:\Users\Administrator\Desktop\下载\bin\yt-dlp.exe
yt_dlp_version=2026.08.19
node_path=C:\Program Files\nodejs\node.EXE
ffmpeg_path=C:\Users\Administrator\Desktop\下载\ffmpeg\bin\ffmpeg.exe

============================================================
[TIKTOK TASK START]
task_id=EAFC41
url=https://www.tiktok.com/@mark.ohh7/video/7505449461598981418
time=2026-08-22 13:37:07
============================================================

[REQUEST]
task_id=EAFC41
cookie=true
ua=true
referer=true
concurrency=8
action=INITIAL_READ
js_runtime_args=--no-js-runtimes --js-runtimes node:C:\Program Files\nodejs\node.exe
cookie_exists=true
cookie_count=45
cookie_size=9899
cookie_mtime=2026-08-22 13:37:07
cookie_header=REDACTED
sessionid=absent
msToken=present
sid_tt=absent
ttwid=absent
tt_chain_token=absent
passport_csrf_token=absent

============================================================
[ATTEMPT]
task_id=EAFC41
attempt=1
concurrency=8
============================================================

[COOKIE]
task_id=EAFC41
source=extension
file=_all_cookies.txt
session_copy=_session_cookie_EAFC41.txt
exists=true
size=9899
mtime=2026-08-22 13:37:05
refreshed=true

[UA]
task_id=EAFC41
source=extension
length=111

[REFERER]
task_id=EAFC41
source=extension
value=https://www.tiktok.com/search?q=Jack+Jerry+prediction+filter&t=1787376624627

[PROXY]
task_id=EAFC41
enabled=false
source=system
value=default

[JS RUNTIME]
task_id=EAFC41
attempt=1
enabled=true
runtime=node
path=C:\Program Files\nodejs\node.exe
js_runtime_args=--no-js-runtimes --js-runtimes node:C:\Program Files\nodejs\node.exe

[YTDLP]
task_id=EAFC41
attempt=1
stage=RESOLVE+DOWNLOAD
concurrency=8
retries=5
extractor_retries=3
fragment_retries=5

[COMMAND] task_id=EAFC41 C:\Users\Administrator\Desktop\下载\bin\yt-dlp.exe --newline --no-warnings --no-playlist --no-check-certificates --no-mtime --encoding utf-8 --user-agent Mozilla/5.0 (Windows NT 10.0; Win64; x64) AppleWebKit/537.36 (KHTML, like Gecko) Chrome/151.0.0.0 Safari/537.36 --ffmpeg-location C:\Users\Administrator\Desktop\下载\ffmpeg\bin\ffmpeg.exe -f bv*+ba/b --merge-output-format mp4 --windows-filenames --socket-timeout 30 --retries 5 --fragment-retries 5 --extractor-retries 3 --file-access-retries 3 --retry-sleep exp=1:30 --buffer-size 16M --trim-filenames 200 --skip-unavailable-fragments -o C:\Users\Administrator\Desktop\下载\_download_temp\job_7_1787377023\source.%(ext)s --no-js-runtimes --js-runtimes node:C:\Program Files\nodejs\node.exe --cookies REDACTED --referer https://www.tiktok.com/search?q=Jack%20Jerry%20prediction%20filter&t=1787376624627 --add-header Referer: https://www.tiktok.com/search?q=Jack%20Jerry%20prediction%20filter&t=1787376624627 --http-chunk-size 10M --add-header Accept: text/html,application/xhtml+xml,application/xml;q=0.9,image/avif,image/webp,image/apng,*/*;q=0.8 --add-header Accept-Language: en-US,en;q=0.9,zh-CN;q=0.8,zh;q=0.7 --add-header Accept-Encoding: gzip, deflate, br --add-header Connection: keep-alive --add-header Upgrade-Insecure-Requests: 1 --add-header Sec-Fetch-Dest: document --add-header Sec-Fetch-Mode: navigate --add-header Sec-Fetch-Site: none --add-header Sec-Fetch-User: ?1 -N 8 https://www.tiktok.com/@mark.ohh7/video/7505449461598981418
[RESOLVE] task_id=EAFC41 attempt=1 status=START
[CHALLENGE] task_id=EAFC41 attempt=1 challenge_solver=native_python
[RESOLVE] task_id=EAFC41 attempt=1 status=FAILED
[YTDLP RESULT] task_id=EAFC41 attempt=1 resolve=FAILED download=NA error_class=EXTRACTOR
[ERROR]
task_id=EAFC41
attempt=1
class=EXTRACTOR
stage=RESOLVE
message=ERROR: [TikTok] 7505449461598981418: Unable to extract universal data for rehydration; please report this issue on  https://github.com/yt-dlp/yt-dlp/issues?q= , filling out the appropriate issue template. Confirm you are on the latest version using  yt-dlp -U
action=INITIAL_READ
challenge_solver=native_python

[YTDLP STDERR]
[TikTok] Extracting URL: https://www.tiktok.com/@mark.ohh7/video/7505449461598981418
[TikTok] 7505449461598981418: Downloading webpage
[TikTok] Solving JS challenge using native Python implementation
[TikTok] 7505449461598981418: Downloading webpage with challenge cookie
ERROR: [TikTok] 7505449461598981418: Unable to extract universal data for rehydration; please report this issue on  https://github.com/yt-dlp/yt-dlp/issues?q= , filling out the appropriate issue template. Confirm you are on the latest version using  yt-dlp -U

[REQUEST]
task_id=EAFC41
cookie=true
ua=true
referer=true
concurrency=8
action=REFRESH_BROWSER_STATE
js_runtime_args=--no-js-runtimes --js-runtimes node:C:\Program Files\nodejs\node.exe
cookie_exists=true
cookie_count=45
cookie_size=9899
cookie_mtime=2026-08-22 13:37:19
cookie_header=REDACTED
retry_reason=ERROR: [TikTok] 7505449461598981418: Unable to extract universal data for rehydration; please report this issue on  https://github.com/yt-dlp/yt-dlp/issues?q= , filling out the appropriate issue template. Confirm you are on the latest version using  yt-dlp -U
sessionid=absent
msToken=present
sid_tt=absent
ttwid=absent
tt_chain_token=absent
passport_csrf_token=absent

============================================================
[ATTEMPT]
task_id=EAFC41
attempt=2
concurrency=8
============================================================

[COOKIE]
task_id=EAFC41
source=extension
file=_all_cookies.txt
session_copy=_session_cookie_EAFC41.txt
exists=true
size=9899
mtime=2026-08-22 13:37:05
refreshed=true

[UA]
task_id=EAFC41
source=extension
length=111

[REFERER]
task_id=EAFC41
source=extension
value=https://www.tiktok.com/search?q=Jack+Jerry+prediction+filter&t=1787376624627

[PROXY]
task_id=EAFC41
enabled=false
source=system
value=default

[JS RUNTIME]
task_id=EAFC41
attempt=2
enabled=true
runtime=node
path=C:\Program Files\nodejs\node.exe
js_runtime_args=--no-js-runtimes --js-runtimes node:C:\Program Files\nodejs\node.exe

[YTDLP]
task_id=EAFC41
attempt=2
stage=RESOLVE+DOWNLOAD
concurrency=8
retries=5
extractor_retries=3
fragment_retries=5

[COMMAND] task_id=EAFC41 C:\Users\Administrator\Desktop\下载\bin\yt-dlp.exe --newline --no-warnings --no-playlist --no-check-certificates --no-mtime --encoding utf-8 --user-agent Mozilla/5.0 (Windows NT 10.0; Win64; x64) AppleWebKit/537.36 (KHTML, like Gecko) Chrome/151.0.0.0 Safari/537.36 --ffmpeg-location C:\Users\Administrator\Desktop\下载\ffmpeg\bin\ffmpeg.exe -f bv*+ba/b --merge-output-format mp4 --windows-filenames --socket-timeout 30 --retries 5 --fragment-retries 5 --extractor-retries 3 --file-access-retries 3 --retry-sleep exp=1:30 --buffer-size 16M --trim-filenames 200 --skip-unavailable-fragments -o C:\Users\Administrator\Desktop\下载\_download_temp\job_7_1787377023\source.%(ext)s --no-js-runtimes --js-runtimes node:C:\Program Files\nodejs\node.exe --cookies REDACTED --referer https://www.tiktok.com/search?q=Jack%20Jerry%20prediction%20filter&t=1787376624627 --add-header Referer: https://www.tiktok.com/search?q=Jack%20Jerry%20prediction%20filter&t=1787376624627 --http-chunk-size 10M --add-header Accept: text/html,application/xhtml+xml,application/xml;q=0.9,image/avif,image/webp,image/apng,*/*;q=0.8 --add-header Accept-Language: en-US,en;q=0.9,zh-CN;q=0.8,zh;q=0.7 --add-header Accept-Encoding: gzip, deflate, br --add-header Connection: keep-alive --add-header Upgrade-Insecure-Requests: 1 --add-header Sec-Fetch-Dest: document --add-header Sec-Fetch-Mode: navigate --add-header Sec-Fetch-Site: none --add-header Sec-Fetch-User: ?1 -N 8 https://www.tiktok.com/@mark.ohh7/video/7505449461598981418
[RESOLVE] task_id=EAFC41 attempt=2 status=START
[CHALLENGE] task_id=EAFC41 attempt=2 challenge_solver=native_python
[RESOLVE] task_id=EAFC41 attempt=2 status=FAILED
[YTDLP RESULT] task_id=EAFC41 attempt=2 resolve=FAILED download=NA error_class=EXTRACTOR
[ERROR]
task_id=EAFC41
attempt=2
class=EXTRACTOR
stage=RESOLVE
message=ERROR: [TikTok] 7505449461598981418: Unable to extract universal data for rehydration; please report this issue on  https://github.com/yt-dlp/yt-dlp/issues?q= , filling out the appropriate issue template. Confirm you are on the latest version using  yt-dlp -U
action=REFRESH_BROWSER_STATE
challenge_solver=native_python

[YTDLP STDERR]
[TikTok] Extracting URL: https://www.tiktok.com/@mark.ohh7/video/7505449461598981418
[TikTok] 7505449461598981418: Downloading webpage
[TikTok] Solving JS challenge using native Python implementation
[TikTok] 7505449461598981418: Downloading webpage with challenge cookie
ERROR: [TikTok] 7505449461598981418: Unable to extract universal data for rehydration; please report this issue on  https://github.com/yt-dlp/yt-dlp/issues?q= , filling out the appropriate issue template. Confirm you are on the latest version using  yt-dlp -U

[REQUEST]
task_id=EAFC41
cookie=true
ua=true
referer=true
concurrency=8
action=REFRESH_BROWSER_STATE
js_runtime_args=--no-js-runtimes --js-runtimes node:C:\Program Files\nodejs\node.exe
cookie_exists=true
cookie_count=45
cookie_size=9899
cookie_mtime=2026-08-22 13:37:36
cookie_header=REDACTED
retry_reason=ERROR: [TikTok] 7505449461598981418: Unable to extract universal data for rehydration; please report this issue on  https://github.com/yt-dlp/yt-dlp/issues?q= , filling out the appropriate issue template. Confirm you are on the latest version using  yt-dlp -U
sessionid=absent
msToken=present
sid_tt=absent
ttwid=absent
tt_chain_token=absent
passport_csrf_token=absent

============================================================
[ATTEMPT]
task_id=EAFC41
attempt=3
concurrency=8
============================================================

[COOKIE]
task_id=EAFC41
source=extension
file=_all_cookies.txt
session_copy=_session_cookie_EAFC41.txt
exists=true
size=9899
mtime=2026-08-22 13:37:05
refreshed=true

[UA]
task_id=EAFC41
source=extension
length=111

[REFERER]
task_id=EAFC41
source=extension
value=https://www.tiktok.com/search?q=Jack+Jerry+prediction+filter&t=1787376624627

[PROXY]
task_id=EAFC41
enabled=false
source=system
value=default

[JS RUNTIME]
task_id=EAFC41
attempt=3
enabled=true
runtime=node
path=C:\Program Files\nodejs\node.exe
js_runtime_args=--no-js-runtimes --js-runtimes node:C:\Program Files\nodejs\node.exe

[YTDLP]
task_id=EAFC41
attempt=3
stage=RESOLVE+DOWNLOAD
concurrency=8
retries=5
extractor_retries=3
fragment_retries=5

[COMMAND] task_id=EAFC41 C:\Users\Administrator\Desktop\下载\bin\yt-dlp.exe --newline --no-warnings --no-playlist --no-check-certificates --no-mtime --encoding utf-8 --user-agent Mozilla/5.0 (Windows NT 10.0; Win64; x64) AppleWebKit/537.36 (KHTML, like Gecko) Chrome/151.0.0.0 Safari/537.36 --ffmpeg-location C:\Users\Administrator\Desktop\下载\ffmpeg\bin\ffmpeg.exe -f bv*+ba/b --merge-output-format mp4 --windows-filenames --socket-timeout 30 --retries 5 --fragment-retries 5 --extractor-retries 3 --file-access-retries 3 --retry-sleep exp=1:30 --buffer-size 16M --trim-filenames 200 --skip-unavailable-fragments -o C:\Users\Administrator\Desktop\下载\_download_temp\job_7_1787377023\source.%(ext)s --no-js-runtimes --js-runtimes node:C:\Program Files\nodejs\node.exe --cookies REDACTED --referer https://www.tiktok.com/search?q=Jack%20Jerry%20prediction%20filter&t=1787376624627 --add-header Referer: https://www.tiktok.com/search?q=Jack%20Jerry%20prediction%20filter&t=1787376624627 --http-chunk-size 10M --add-header Accept: text/html,application/xhtml+xml,application/xml;q=0.9,image/avif,image/webp,image/apng,*/*;q=0.8 --add-header Accept-Language: en-US,en;q=0.9,zh-CN;q=0.8,zh;q=0.7 --add-header Accept-Encoding: gzip, deflate, br --add-header Connection: keep-alive --add-header Upgrade-Insecure-Requests: 1 --add-header Sec-Fetch-Dest: document --add-header Sec-Fetch-Mode: navigate --add-header Sec-Fetch-Site: none --add-header Sec-Fetch-User: ?1 -N 8 https://www.tiktok.com/@mark.ohh7/video/7505449461598981418
[RESOLVE] task_id=EAFC41 attempt=3 status=START
[CHALLENGE] task_id=EAFC41 attempt=3 challenge_solver=native_python
[RESOLVE] task_id=EAFC41 attempt=3 status=FAILED
[YTDLP RESULT] task_id=EAFC41 attempt=3 resolve=FAILED download=NA error_class=EXTRACTOR
[ERROR]
task_id=EAFC41
attempt=3
class=EXTRACTOR
stage=RESOLVE
message=ERROR: [TikTok] 7505449461598981418: Unable to extract universal data for rehydration; please report this issue on  https://github.com/yt-dlp/yt-dlp/issues?q= , filling out the appropriate issue template. Confirm you are on the latest version using  yt-dlp -U
action=REFRESH_BROWSER_STATE
challenge_solver=native_python

[YTDLP STDERR]
[TikTok] Extracting URL: https://www.tiktok.com/@mark.ohh7/video/7505449461598981418
[TikTok] 7505449461598981418: Downloading webpage
[TikTok] Solving JS challenge using native Python implementation
[TikTok] 7505449461598981418: Downloading webpage with challenge cookie
ERROR: [TikTok] 7505449461598981418: Unable to extract universal data for rehydration; please report this issue on  https://github.com/yt-dlp/yt-dlp/issues?q= , filling out the appropriate issue template. Confirm you are on the latest version using  yt-dlp -U

[REQUEST]
task_id=EAFC41
cookie=true
ua=true
referer=true
concurrency=8
action=REFRESH_BROWSER_STATE
js_runtime_args=--no-js-runtimes --js-runtimes node:C:\Program Files\nodejs\node.exe
cookie_exists=true
cookie_count=45
cookie_size=9899
cookie_mtime=2026-08-22 13:37:58
cookie_header=REDACTED
retry_reason=ERROR: [TikTok] 7505449461598981418: Unable to extract universal data for rehydration; please report this issue on  https://github.com/yt-dlp/yt-dlp/issues?q= , filling out the appropriate issue template. Confirm you are on the latest version using  yt-dlp -U
sessionid=absent
msToken=present
sid_tt=absent
ttwid=absent
tt_chain_token=absent
passport_csrf_token=absent

============================================================
[ATTEMPT]
task_id=EAFC41
attempt=4
concurrency=8
============================================================

[COOKIE]
task_id=EAFC41
source=extension
file=_all_cookies.txt
session_copy=_session_cookie_EAFC41.txt
exists=true
size=9899
mtime=2026-08-22 13:37:37
refreshed=true

[UA]
task_id=EAFC41
source=extension
length=111

[REFERER]
task_id=EAFC41
source=extension
value=https://www.tiktok.com/search?q=Jack+Jerry+prediction+filter&t=1787376624627

[PROXY]
task_id=EAFC41
enabled=false
source=system
value=default

[JS RUNTIME]
task_id=EAFC41
attempt=4
enabled=true
runtime=node
path=C:\Program Files\nodejs\node.exe
js_runtime_args=--no-js-runtimes --js-runtimes node:C:\Program Files\nodejs\node.exe

[YTDLP]
task_id=EAFC41
attempt=4
stage=RESOLVE+DOWNLOAD
concurrency=8
retries=5
extractor_retries=3
fragment_retries=5

[COMMAND] task_id=EAFC41 C:\Users\Administrator\Desktop\下载\bin\yt-dlp.exe --newline --no-warnings --no-playlist --no-check-certificates --no-mtime --encoding utf-8 --user-agent Mozilla/5.0 (Windows NT 10.0; Win64; x64) AppleWebKit/537.36 (KHTML, like Gecko) Chrome/151.0.0.0 Safari/537.36 --ffmpeg-location C:\Users\Administrator\Desktop\下载\ffmpeg\bin\ffmpeg.exe -f bv*+ba/b --merge-output-format mp4 --windows-filenames --socket-timeout 30 --retries 5 --fragment-retries 5 --extractor-retries 3 --file-access-retries 3 --retry-sleep exp=1:30 --buffer-size 16M --trim-filenames 200 --skip-unavailable-fragments -o C:\Users\Administrator\Desktop\下载\_download_temp\job_7_1787377023\source.%(ext)s --no-js-runtimes --js-runtimes node:C:\Program Files\nodejs\node.exe --cookies REDACTED --referer https://www.tiktok.com/search?q=Jack%20Jerry%20prediction%20filter&t=1787376624627 --add-header Referer: https://www.tiktok.com/search?q=Jack%20Jerry%20prediction%20filter&t=1787376624627 --http-chunk-size 10M --add-header Accept: text/html,application/xhtml+xml,application/xml;q=0.9,image/avif,image/webp,image/apng,*/*;q=0.8 --add-header Accept-Language: en-US,en;q=0.9,zh-CN;q=0.8,zh;q=0.7 --add-header Accept-Encoding: gzip, deflate, br --add-header Connection: keep-alive --add-header Upgrade-Insecure-Requests: 1 --add-header Sec-Fetch-Dest: document --add-header Sec-Fetch-Mode: navigate --add-header Sec-Fetch-Site: none --add-header Sec-Fetch-User: ?1 -N 8 https://www.tiktok.com/@mark.ohh7/video/7505449461598981418
[RESOLVE] task_id=EAFC41 attempt=4 status=START
[CHALLENGE] task_id=EAFC41 attempt=4 challenge_solver=native_python
[RESOLVE] task_id=EAFC41 attempt=4 status=SUCCESS
[DOWNLOAD] task_id=EAFC41 attempt=4 status=SUCCESS
[YTDLP RESULT] task_id=EAFC41 attempt=4 resolve=SUCCESS download=SUCCESS error_class=NA
============================================================
[TIKTOK TASK END]
task_id=EAFC41
result=SUCCESS
attempts=4
elapsed=89.5s
final_error_class=EXTRACTOR
final_failed_stage=NA
============================================================

============================================================
[TASK END]
task_id=EAFC41
result=SUCCESS
attempts=4
elapsed=89.5s
final_error_class=EXTRACTOR
============================================================

============================================================
[TASK START]
task_id=1D873F
platform=tiktok
url=https://www.tiktok.com/@jackjerry/video/7600887507210849566
start_time=2026-08-22 13:38:56
============================================================

[ENVIRONMENT]
python_version=3.11.9
os=Windows
yt_dlp_path=C:\Users\Administrator\Desktop\下载\bin\yt-dlp.exe
yt_dlp_version=2026.08.19
node_path=C:\Program Files\nodejs\node.EXE
ffmpeg_path=C:\Users\Administrator\Desktop\下载\ffmpeg\bin\ffmpeg.exe

============================================================
[TIKTOK TASK START]
task_id=1D873F
url=https://www.tiktok.com/@jackjerry/video/7600887507210849566
time=2026-08-22 13:39:01
============================================================

[REQUEST]
task_id=1D873F
cookie=true
ua=true
referer=true
concurrency=8
action=INITIAL_READ
js_runtime_args=--no-js-runtimes --js-runtimes node:C:\Program Files\nodejs\node.exe
cookie_exists=true
cookie_count=45
cookie_size=9899
cookie_mtime=2026-08-22 13:39:01
cookie_header=REDACTED
sessionid=absent
msToken=present
sid_tt=absent
ttwid=absent
tt_chain_token=absent
passport_csrf_token=absent

============================================================
[ATTEMPT]
task_id=1D873F
attempt=1
concurrency=8
============================================================

[COOKIE]
task_id=1D873F
source=extension
file=_all_cookies.txt
session_copy=_session_cookie_1D873F.txt
exists=true
size=9899
mtime=2026-08-22 13:38:37
refreshed=true

[UA]
task_id=1D873F
source=extension
length=111

[REFERER]
task_id=1D873F
source=extension
value=https://www.tiktok.com/search?q=Jack+Jerry+prediction+filter&t=1787376624627

[PROXY]
task_id=1D873F
enabled=false
source=system
value=default

[JS RUNTIME]
task_id=1D873F
attempt=1
enabled=true
runtime=node
path=C:\Program Files\nodejs\node.exe
js_runtime_args=--no-js-runtimes --js-runtimes node:C:\Program Files\nodejs\node.exe

[YTDLP]
task_id=1D873F
attempt=1
stage=RESOLVE+DOWNLOAD
concurrency=8
retries=5
extractor_retries=3
fragment_retries=5

[COMMAND] task_id=1D873F C:\Users\Administrator\Desktop\下载\bin\yt-dlp.exe --newline --no-warnings --no-playlist --no-check-certificates --no-mtime --encoding utf-8 --user-agent Mozilla/5.0 (Windows NT 10.0; Win64; x64) AppleWebKit/537.36 (KHTML, like Gecko) Chrome/151.0.0.0 Safari/537.36 --ffmpeg-location C:\Users\Administrator\Desktop\下载\ffmpeg\bin\ffmpeg.exe -f bv*+ba/b --merge-output-format mp4 --windows-filenames --socket-timeout 30 --retries 5 --fragment-retries 5 --extractor-retries 3 --file-access-retries 3 --retry-sleep exp=1:30 --buffer-size 16M --trim-filenames 200 --skip-unavailable-fragments -o C:\Users\Administrator\Desktop\下载\_download_temp\job_8_1787377136\source.%(ext)s --no-js-runtimes --js-runtimes node:C:\Program Files\nodejs\node.exe --cookies REDACTED --referer https://www.tiktok.com/search?q=Jack%20Jerry%20prediction%20filter&t=1787376624627 --add-header Referer: https://www.tiktok.com/search?q=Jack%20Jerry%20prediction%20filter&t=1787376624627 --http-chunk-size 10M --add-header Accept: text/html,application/xhtml+xml,application/xml;q=0.9,image/avif,image/webp,image/apng,*/*;q=0.8 --add-header Accept-Language: en-US,en;q=0.9,zh-CN;q=0.8,zh;q=0.7 --add-header Accept-Encoding: gzip, deflate, br --add-header Connection: keep-alive --add-header Upgrade-Insecure-Requests: 1 --add-header Sec-Fetch-Dest: document --add-header Sec-Fetch-Mode: navigate --add-header Sec-Fetch-Site: none --add-header Sec-Fetch-User: ?1 -N 8 https://www.tiktok.com/@jackjerry/video/7600887507210849566
[RESOLVE] task_id=1D873F attempt=1 status=START
[CHALLENGE] task_id=1D873F attempt=1 challenge_solver=native_python
[RESOLVE] task_id=1D873F attempt=1 status=SUCCESS
[DOWNLOAD] task_id=1D873F attempt=1 status=SUCCESS
[YTDLP RESULT] task_id=1D873F attempt=1 resolve=SUCCESS download=SUCCESS error_class=NA
============================================================
[TIKTOK TASK END]
task_id=1D873F
result=SUCCESS
attempts=1
elapsed=27.0s
final_error_class=NA
final_failed_stage=NA
============================================================

============================================================
[TASK END]
task_id=1D873F
result=SUCCESS
attempts=1
elapsed=27.0s
final_error_class=NA
============================================================

============================================================
[TASK START]
task_id=2F34B0
platform=tiktok
url=https://www.tiktok.com/@gerrylynch79/video/7555663509661469969
start_time=2026-08-22 13:39:42
============================================================

[ENVIRONMENT]
python_version=3.11.9
os=Windows
yt_dlp_path=C:\Users\Administrator\Desktop\下载\bin\yt-dlp.exe
yt_dlp_version=2026.08.19
node_path=C:\Program Files\nodejs\node.EXE
ffmpeg_path=C:\Users\Administrator\Desktop\下载\ffmpeg\bin\ffmpeg.exe

============================================================
[TIKTOK TASK START]
task_id=2F34B0
url=https://www.tiktok.com/@gerrylynch79/video/7555663509661469969
time=2026-08-22 13:39:46
============================================================

[REQUEST]
task_id=2F34B0
cookie=true
ua=true
referer=true
concurrency=8
action=INITIAL_READ
js_runtime_args=--no-js-runtimes --js-runtimes node:C:\Program Files\nodejs\node.exe
cookie_exists=true
cookie_count=45
cookie_size=9899
cookie_mtime=2026-08-22 13:39:46
cookie_header=REDACTED
sessionid=absent
msToken=present
sid_tt=absent
ttwid=absent
tt_chain_token=absent
passport_csrf_token=absent

============================================================
[ATTEMPT]
task_id=2F34B0
attempt=1
concurrency=8
============================================================

[COOKIE]
task_id=2F34B0
source=extension
file=_all_cookies.txt
session_copy=_session_cookie_2F34B0.txt
exists=true
size=9899
mtime=2026-08-22 13:39:37
refreshed=true

[UA]
task_id=2F34B0
source=extension
length=111

[REFERER]
task_id=2F34B0
source=extension
value=https://www.tiktok.com/search?q=Jack+Jerry+prediction+filter&t=1787376624627

[PROXY]
task_id=2F34B0
enabled=false
source=system
value=default

[JS RUNTIME]
task_id=2F34B0
attempt=1
enabled=true
runtime=node
path=C:\Program Files\nodejs\node.exe
js_runtime_args=--no-js-runtimes --js-runtimes node:C:\Program Files\nodejs\node.exe

[YTDLP]
task_id=2F34B0
attempt=1
stage=RESOLVE+DOWNLOAD
concurrency=8
retries=5
extractor_retries=3
fragment_retries=5

[COMMAND] task_id=2F34B0 C:\Users\Administrator\Desktop\下载\bin\yt-dlp.exe --newline --no-warnings --no-playlist --no-check-certificates --no-mtime --encoding utf-8 --user-agent Mozilla/5.0 (Windows NT 10.0; Win64; x64) AppleWebKit/537.36 (KHTML, like Gecko) Chrome/151.0.0.0 Safari/537.36 --ffmpeg-location C:\Users\Administrator\Desktop\下载\ffmpeg\bin\ffmpeg.exe -f bv*+ba/b --merge-output-format mp4 --windows-filenames --socket-timeout 30 --retries 5 --fragment-retries 5 --extractor-retries 3 --file-access-retries 3 --retry-sleep exp=1:30 --buffer-size 16M --trim-filenames 200 --skip-unavailable-fragments -o C:\Users\Administrator\Desktop\下载\_download_temp\job_9_1787377182\source.%(ext)s --no-js-runtimes --js-runtimes node:C:\Program Files\nodejs\node.exe --cookies REDACTED --referer https://www.tiktok.com/search?q=Jack%20Jerry%20prediction%20filter&t=1787376624627 --add-header Referer: https://www.tiktok.com/search?q=Jack%20Jerry%20prediction%20filter&t=1787376624627 --http-chunk-size 10M --add-header Accept: text/html,application/xhtml+xml,application/xml;q=0.9,image/avif,image/webp,image/apng,*/*;q=0.8 --add-header Accept-Language: en-US,en;q=0.9,zh-CN;q=0.8,zh;q=0.7 --add-header Accept-Encoding: gzip, deflate, br --add-header Connection: keep-alive --add-header Upgrade-Insecure-Requests: 1 --add-header Sec-Fetch-Dest: document --add-header Sec-Fetch-Mode: navigate --add-header Sec-Fetch-Site: none --add-header Sec-Fetch-User: ?1 -N 8 https://www.tiktok.com/@gerrylynch79/video/7555663509661469969
[RESOLVE] task_id=2F34B0 attempt=1 status=START
[CHALLENGE] task_id=2F34B0 attempt=1 challenge_solver=native_python
[RESOLVE] task_id=2F34B0 attempt=1 status=SUCCESS
[DOWNLOAD] task_id=2F34B0 attempt=1 status=SUCCESS
[YTDLP RESULT] task_id=2F34B0 attempt=1 resolve=SUCCESS download=SUCCESS error_class=NA
============================================================
[TIKTOK TASK END]
task_id=2F34B0
result=SUCCESS
attempts=1
elapsed=20.1s
final_error_class=NA
final_failed_stage=NA
============================================================

============================================================
[TASK END]
task_id=2F34B0
result=SUCCESS
attempts=1
elapsed=20.2s
final_error_class=NA
============================================================

============================================================
[TASK START]
task_id=60DC61
platform=tiktok
url=https://www.tiktok.com/@lemon87862/video/7582500667978157326
start_time=2026-08-22 13:40:14
============================================================

[ENVIRONMENT]
python_version=3.11.9
os=Windows
yt_dlp_path=C:\Users\Administrator\Desktop\下载\bin\yt-dlp.exe
yt_dlp_version=2026.08.19
node_path=C:\Program Files\nodejs\node.EXE
ffmpeg_path=C:\Users\Administrator\Desktop\下载\ffmpeg\bin\ffmpeg.exe

============================================================
[TIKTOK TASK START]
task_id=60DC61
url=https://www.tiktok.com/@lemon87862/video/7582500667978157326
time=2026-08-22 13:40:17
============================================================

[REQUEST]
task_id=60DC61
cookie=true
ua=true
referer=true
concurrency=8
action=INITIAL_READ
js_runtime_args=--no-js-runtimes --js-runtimes node:C:\Program Files\nodejs\node.exe
cookie_exists=true
cookie_count=45
cookie_size=9899
cookie_mtime=2026-08-22 13:40:17
cookie_header=REDACTED
sessionid=absent
msToken=present
sid_tt=absent
ttwid=absent
tt_chain_token=absent
passport_csrf_token=absent

============================================================
[ATTEMPT]
task_id=60DC61
attempt=1
concurrency=8
============================================================

[COOKIE]
task_id=60DC61
source=extension
file=_all_cookies.txt
session_copy=_session_cookie_60DC61.txt
exists=true
size=9899
mtime=2026-08-22 13:39:37
refreshed=true

[UA]
task_id=60DC61
source=extension
length=111

[REFERER]
task_id=60DC61
source=extension
value=https://www.tiktok.com/search?q=Jack+Jerry+prediction+filter&t=1787376624627

[PROXY]
task_id=60DC61
enabled=false
source=system
value=default

[JS RUNTIME]
task_id=60DC61
attempt=1
enabled=true
runtime=node
path=C:\Program Files\nodejs\node.exe
js_runtime_args=--no-js-runtimes --js-runtimes node:C:\Program Files\nodejs\node.exe

[YTDLP]
task_id=60DC61
attempt=1
stage=RESOLVE+DOWNLOAD
concurrency=8
retries=5
extractor_retries=3
fragment_retries=5

[COMMAND] task_id=60DC61 C:\Users\Administrator\Desktop\下载\bin\yt-dlp.exe --newline --no-warnings --no-playlist --no-check-certificates --no-mtime --encoding utf-8 --user-agent Mozilla/5.0 (Windows NT 10.0; Win64; x64) AppleWebKit/537.36 (KHTML, like Gecko) Chrome/151.0.0.0 Safari/537.36 --ffmpeg-location C:\Users\Administrator\Desktop\下载\ffmpeg\bin\ffmpeg.exe -f bv*+ba/b --merge-output-format mp4 --windows-filenames --socket-timeout 30 --retries 5 --fragment-retries 5 --extractor-retries 3 --file-access-retries 3 --retry-sleep exp=1:30 --buffer-size 16M --trim-filenames 200 --skip-unavailable-fragments -o C:\Users\Administrator\Desktop\下载\_download_temp\job_10_1787377214\source.%(ext)s --no-js-runtimes --js-runtimes node:C:\Program Files\nodejs\node.exe --cookies REDACTED --referer https://www.tiktok.com/search?q=Jack%20Jerry%20prediction%20filter&t=1787376624627 --add-header Referer: https://www.tiktok.com/search?q=Jack%20Jerry%20prediction%20filter&t=1787376624627 --http-chunk-size 10M --add-header Accept: text/html,application/xhtml+xml,application/xml;q=0.9,image/avif,image/webp,image/apng,*/*;q=0.8 --add-header Accept-Language: en-US,en;q=0.9,zh-CN;q=0.8,zh;q=0.7 --add-header Accept-Encoding: gzip, deflate, br --add-header Connection: keep-alive --add-header Upgrade-Insecure-Requests: 1 --add-header Sec-Fetch-Dest: document --add-header Sec-Fetch-Mode: navigate --add-header Sec-Fetch-Site: none --add-header Sec-Fetch-User: ?1 -N 8 https://www.tiktok.com/@lemon87862/video/7582500667978157326
[RESOLVE] task_id=60DC61 attempt=1 status=START
[CHALLENGE] task_id=60DC61 attempt=1 challenge_solver=native_python
[RESOLVE] task_id=60DC61 attempt=1 status=FAILED
[YTDLP RESULT] task_id=60DC61 attempt=1 resolve=FAILED download=NA error_class=EXTRACTOR
[ERROR]
task_id=60DC61
attempt=1
class=EXTRACTOR
stage=RESOLVE
message=ERROR: [TikTok] 7582500667978157326: Unable to extract universal data for rehydration; please report this issue on  https://github.com/yt-dlp/yt-dlp/issues?q= , filling out the appropriate issue template. Confirm you are on the latest version using  yt-dlp -U
action=INITIAL_READ
challenge_solver=native_python

[YTDLP STDERR]
[TikTok] Extracting URL: https://www.tiktok.com/@lemon87862/video/7582500667978157326
[TikTok] 7582500667978157326: Downloading webpage
[TikTok] Solving JS challenge using native Python implementation
[TikTok] 7582500667978157326: Downloading webpage with challenge cookie
ERROR: [TikTok] 7582500667978157326: Unable to extract universal data for rehydration; please report this issue on  https://github.com/yt-dlp/yt-dlp/issues?q= , filling out the appropriate issue template. Confirm you are on the latest version using  yt-dlp -U

[REQUEST]
task_id=60DC61
cookie=true
ua=true
referer=true
concurrency=8
action=REFRESH_BROWSER_STATE
js_runtime_args=--no-js-runtimes --js-runtimes node:C:\Program Files\nodejs\node.exe
cookie_exists=true
cookie_count=45
cookie_size=9899
cookie_mtime=2026-08-22 13:40:31
cookie_header=REDACTED
retry_reason=ERROR: [TikTok] 7582500667978157326: Unable to extract universal data for rehydration; please report this issue on  https://github.com/yt-dlp/yt-dlp/issues?q= , filling out the appropriate issue template. Confirm you are on the latest version using  yt-dlp -U
sessionid=absent
msToken=present
sid_tt=absent
ttwid=absent
tt_chain_token=absent
passport_csrf_token=absent

============================================================
[ATTEMPT]
task_id=60DC61
attempt=2
concurrency=8
============================================================

[COOKIE]
task_id=60DC61
source=extension
file=_all_cookies.txt
session_copy=_session_cookie_60DC61.txt
exists=true
size=9899
mtime=2026-08-22 13:39:37
refreshed=true

[UA]
task_id=60DC61
source=extension
length=111

[REFERER]
task_id=60DC61
source=extension
value=https://www.tiktok.com/search?q=Jack+Jerry+prediction+filter&t=1787376624627

[PROXY]
task_id=60DC61
enabled=false
source=system
value=default

[JS RUNTIME]
task_id=60DC61
attempt=2
enabled=true
runtime=node
path=C:\Program Files\nodejs\node.exe
js_runtime_args=--no-js-runtimes --js-runtimes node:C:\Program Files\nodejs\node.exe

[YTDLP]
task_id=60DC61
attempt=2
stage=RESOLVE+DOWNLOAD
concurrency=8
retries=5
extractor_retries=3
fragment_retries=5

[COMMAND] task_id=60DC61 C:\Users\Administrator\Desktop\下载\bin\yt-dlp.exe --newline --no-warnings --no-playlist --no-check-certificates --no-mtime --encoding utf-8 --user-agent Mozilla/5.0 (Windows NT 10.0; Win64; x64) AppleWebKit/537.36 (KHTML, like Gecko) Chrome/151.0.0.0 Safari/537.36 --ffmpeg-location C:\Users\Administrator\Desktop\下载\ffmpeg\bin\ffmpeg.exe -f bv*+ba/b --merge-output-format mp4 --windows-filenames --socket-timeout 30 --retries 5 --fragment-retries 5 --extractor-retries 3 --file-access-retries 3 --retry-sleep exp=1:30 --buffer-size 16M --trim-filenames 200 --skip-unavailable-fragments -o C:\Users\Administrator\Desktop\下载\_download_temp\job_10_1787377214\source.%(ext)s --no-js-runtimes --js-runtimes node:C:\Program Files\nodejs\node.exe --cookies REDACTED --referer https://www.tiktok.com/search?q=Jack%20Jerry%20prediction%20filter&t=1787376624627 --add-header Referer: https://www.tiktok.com/search?q=Jack%20Jerry%20prediction%20filter&t=1787376624627 --http-chunk-size 10M --add-header Accept: text/html,application/xhtml+xml,application/xml;q=0.9,image/avif,image/webp,image/apng,*/*;q=0.8 --add-header Accept-Language: en-US,en;q=0.9,zh-CN;q=0.8,zh;q=0.7 --add-header Accept-Encoding: gzip, deflate, br --add-header Connection: keep-alive --add-header Upgrade-Insecure-Requests: 1 --add-header Sec-Fetch-Dest: document --add-header Sec-Fetch-Mode: navigate --add-header Sec-Fetch-Site: none --add-header Sec-Fetch-User: ?1 -N 8 https://www.tiktok.com/@lemon87862/video/7582500667978157326
[RESOLVE] task_id=60DC61 attempt=2 status=START
[CHALLENGE] task_id=60DC61 attempt=2 challenge_solver=native_python
[RESOLVE] task_id=60DC61 attempt=2 status=FAILED
[YTDLP RESULT] task_id=60DC61 attempt=2 resolve=FAILED download=NA error_class=EXTRACTOR
[ERROR]
task_id=60DC61
attempt=2
class=EXTRACTOR
stage=RESOLVE
message=ERROR: [TikTok] 7582500667978157326: Unable to extract universal data for rehydration; please report this issue on  https://github.com/yt-dlp/yt-dlp/issues?q= , filling out the appropriate issue template. Confirm you are on the latest version using  yt-dlp -U
action=REFRESH_BROWSER_STATE
challenge_solver=native_python

[YTDLP STDERR]
[TikTok] Extracting URL: https://www.tiktok.com/@lemon87862/video/7582500667978157326
[TikTok] 7582500667978157326: Downloading webpage
[TikTok] Solving JS challenge using native Python implementation
[TikTok] 7582500667978157326: Downloading webpage with challenge cookie
ERROR: [TikTok] 7582500667978157326: Unable to extract universal data for rehydration; please report this issue on  https://github.com/yt-dlp/yt-dlp/issues?q= , filling out the appropriate issue template. Confirm you are on the latest version using  yt-dlp -U

[REQUEST]
task_id=60DC61
cookie=true
ua=true
referer=true
concurrency=8
action=REFRESH_BROWSER_STATE
js_runtime_args=--no-js-runtimes --js-runtimes node:C:\Program Files\nodejs\node.exe
cookie_exists=true
cookie_count=45
cookie_size=9899
cookie_mtime=2026-08-22 13:40:47
cookie_header=REDACTED
retry_reason=ERROR: [TikTok] 7582500667978157326: Unable to extract universal data for rehydration; please report this issue on  https://github.com/yt-dlp/yt-dlp/issues?q= , filling out the appropriate issue template. Confirm you are on the latest version using  yt-dlp -U
sessionid=absent
msToken=present
sid_tt=absent
ttwid=absent
tt_chain_token=absent
passport_csrf_token=absent

============================================================
[ATTEMPT]
task_id=60DC61
attempt=3
concurrency=8
============================================================

[COOKIE]
task_id=60DC61
source=extension
file=_all_cookies.txt
session_copy=_session_cookie_60DC61.txt
exists=true
size=9899
mtime=2026-08-22 13:40:37
refreshed=true

[UA]
task_id=60DC61
source=extension
length=111

[REFERER]
task_id=60DC61
source=extension
value=https://www.tiktok.com/search?q=Jack+Jerry+prediction+filter&t=1787376624627

[PROXY]
task_id=60DC61
enabled=false
source=system
value=default

[JS RUNTIME]
task_id=60DC61
attempt=3
enabled=true
runtime=node
path=C:\Program Files\nodejs\node.exe
js_runtime_args=--no-js-runtimes --js-runtimes node:C:\Program Files\nodejs\node.exe

[YTDLP]
task_id=60DC61
attempt=3
stage=RESOLVE+DOWNLOAD
concurrency=8
retries=5
extractor_retries=3
fragment_retries=5

[COMMAND] task_id=60DC61 C:\Users\Administrator\Desktop\下载\bin\yt-dlp.exe --newline --no-warnings --no-playlist --no-check-certificates --no-mtime --encoding utf-8 --user-agent Mozilla/5.0 (Windows NT 10.0; Win64; x64) AppleWebKit/537.36 (KHTML, like Gecko) Chrome/151.0.0.0 Safari/537.36 --ffmpeg-location C:\Users\Administrator\Desktop\下载\ffmpeg\bin\ffmpeg.exe -f bv*+ba/b --merge-output-format mp4 --windows-filenames --socket-timeout 30 --retries 5 --fragment-retries 5 --extractor-retries 3 --file-access-retries 3 --retry-sleep exp=1:30 --buffer-size 16M --trim-filenames 200 --skip-unavailable-fragments -o C:\Users\Administrator\Desktop\下载\_download_temp\job_10_1787377214\source.%(ext)s --no-js-runtimes --js-runtimes node:C:\Program Files\nodejs\node.exe --cookies REDACTED --referer https://www.tiktok.com/search?q=Jack%20Jerry%20prediction%20filter&t=1787376624627 --add-header Referer: https://www.tiktok.com/search?q=Jack%20Jerry%20prediction%20filter&t=1787376624627 --http-chunk-size 10M --add-header Accept: text/html,application/xhtml+xml,application/xml;q=0.9,image/avif,image/webp,image/apng,*/*;q=0.8 --add-header Accept-Language: en-US,en;q=0.9,zh-CN;q=0.8,zh;q=0.7 --add-header Accept-Encoding: gzip, deflate, br --add-header Connection: keep-alive --add-header Upgrade-Insecure-Requests: 1 --add-header Sec-Fetch-Dest: document --add-header Sec-Fetch-Mode: navigate --add-header Sec-Fetch-Site: none --add-header Sec-Fetch-User: ?1 -N 8 https://www.tiktok.com/@lemon87862/video/7582500667978157326
[RESOLVE] task_id=60DC61 attempt=3 status=START
[CHALLENGE] task_id=60DC61 attempt=3 challenge_solver=native_python
[RESOLVE] task_id=60DC61 attempt=3 status=SUCCESS
[DOWNLOAD] task_id=60DC61 attempt=3 status=SUCCESS
[YTDLP RESULT] task_id=60DC61 attempt=3 resolve=SUCCESS download=SUCCESS error_class=NA
============================================================
[TIKTOK TASK END]
task_id=60DC61
result=SUCCESS
attempts=3
elapsed=51.0s
final_error_class=EXTRACTOR
final_failed_stage=NA
============================================================

============================================================
[TASK END]
task_id=60DC61
result=SUCCESS
attempts=3
elapsed=51.1s
final_error_class=EXTRACTOR
============================================================

============================================================
[TASK START]
task_id=81886A
platform=tiktok
url=https://www.tiktok.com/@dasha.eg0o/video/7511751966347775254
start_time=2026-08-22 13:41:23
============================================================

[ENVIRONMENT]
python_version=3.11.9
os=Windows
yt_dlp_path=C:\Users\Administrator\Desktop\下载\bin\yt-dlp.exe
yt_dlp_version=2026.08.19
node_path=C:\Program Files\nodejs\node.EXE
ffmpeg_path=C:\Users\Administrator\Desktop\下载\ffmpeg\bin\ffmpeg.exe

============================================================
[TIKTOK TASK START]
task_id=81886A
url=https://www.tiktok.com/@dasha.eg0o/video/7511751966347775254
time=2026-08-22 13:41:27
============================================================

[REQUEST]
task_id=81886A
cookie=true
ua=true
referer=true
concurrency=8
action=INITIAL_READ
js_runtime_args=--no-js-runtimes --js-runtimes node:C:\Program Files\nodejs\node.exe
cookie_exists=true
cookie_count=45
cookie_size=9899
cookie_mtime=2026-08-22 13:41:27
cookie_header=REDACTED
sessionid=absent
msToken=present
sid_tt=absent
ttwid=absent
tt_chain_token=absent
passport_csrf_token=absent

============================================================
[ATTEMPT]
task_id=81886A
attempt=1
concurrency=8
============================================================

[COOKIE]
task_id=81886A
source=extension
file=_all_cookies.txt
session_copy=_session_cookie_81886A.txt
exists=true
size=9899
mtime=2026-08-22 13:41:05
refreshed=true

[UA]
task_id=81886A
source=extension
length=111

[REFERER]
task_id=81886A
source=extension
value=https://www.tiktok.com/search?q=Jack+Jerry+prediction+filter&t=1787376624627

[PROXY]
task_id=81886A
enabled=false
source=system
value=default

[JS RUNTIME]
task_id=81886A
attempt=1
enabled=true
runtime=node
path=C:\Program Files\nodejs\node.exe
js_runtime_args=--no-js-runtimes --js-runtimes node:C:\Program Files\nodejs\node.exe

[YTDLP]
task_id=81886A
attempt=1
stage=RESOLVE+DOWNLOAD
concurrency=8
retries=5
extractor_retries=3
fragment_retries=5

[COMMAND] task_id=81886A C:\Users\Administrator\Desktop\下载\bin\yt-dlp.exe --newline --no-warnings --no-playlist --no-check-certificates --no-mtime --encoding utf-8 --user-agent Mozilla/5.0 (Windows NT 10.0; Win64; x64) AppleWebKit/537.36 (KHTML, like Gecko) Chrome/151.0.0.0 Safari/537.36 --ffmpeg-location C:\Users\Administrator\Desktop\下载\ffmpeg\bin\ffmpeg.exe -f bv*+ba/b --merge-output-format mp4 --windows-filenames --socket-timeout 30 --retries 5 --fragment-retries 5 --extractor-retries 3 --file-access-retries 3 --retry-sleep exp=1:30 --buffer-size 16M --trim-filenames 200 --skip-unavailable-fragments -o C:\Users\Administrator\Desktop\下载\_download_temp\job_11_1787377283\source.%(ext)s --no-js-runtimes --js-runtimes node:C:\Program Files\nodejs\node.exe --cookies REDACTED --referer https://www.tiktok.com/search?q=Jack%20Jerry%20prediction%20filter&t=1787376624627 --add-header Referer: https://www.tiktok.com/search?q=Jack%20Jerry%20prediction%20filter&t=1787376624627 --http-chunk-size 10M --add-header Accept: text/html,application/xhtml+xml,application/xml;q=0.9,image/avif,image/webp,image/apng,*/*;q=0.8 --add-header Accept-Language: en-US,en;q=0.9,zh-CN;q=0.8,zh;q=0.7 --add-header Accept-Encoding: gzip, deflate, br --add-header Connection: keep-alive --add-header Upgrade-Insecure-Requests: 1 --add-header Sec-Fetch-Dest: document --add-header Sec-Fetch-Mode: navigate --add-header Sec-Fetch-Site: none --add-header Sec-Fetch-User: ?1 -N 8 https://www.tiktok.com/@dasha.eg0o/video/7511751966347775254
[RESOLVE] task_id=81886A attempt=1 status=START
[CHALLENGE] task_id=81886A attempt=1 challenge_solver=native_python
[RESOLVE] task_id=81886A attempt=1 status=FAILED
[YTDLP RESULT] task_id=81886A attempt=1 resolve=FAILED download=NA error_class=EXTRACTOR
[ERROR]
task_id=81886A
attempt=1
class=EXTRACTOR
stage=RESOLVE
message=ERROR: [TikTok] 7511751966347775254: Unable to extract universal data for rehydration; please report this issue on  https://github.com/yt-dlp/yt-dlp/issues?q= , filling out the appropriate issue template. Confirm you are on the latest version using  yt-dlp -U
action=INITIAL_READ
challenge_solver=native_python

[YTDLP STDERR]
[TikTok] Extracting URL: https://www.tiktok.com/@dasha.eg0o/video/7511751966347775254
[TikTok] 7511751966347775254: Downloading webpage
[TikTok] Solving JS challenge using native Python implementation
[TikTok] 7511751966347775254: Downloading webpage with challenge cookie
ERROR: [TikTok] 7511751966347775254: Unable to extract universal data for rehydration; please report this issue on  https://github.com/yt-dlp/yt-dlp/issues?q= , filling out the appropriate issue template. Confirm you are on the latest version using  yt-dlp -U

[REQUEST]
task_id=81886A
cookie=true
ua=true
referer=true
concurrency=8
action=REFRESH_BROWSER_STATE
js_runtime_args=--no-js-runtimes --js-runtimes node:C:\Program Files\nodejs\node.exe
cookie_exists=true
cookie_count=45
cookie_size=9899
cookie_mtime=2026-08-22 13:41:39
cookie_header=REDACTED
retry_reason=ERROR: [TikTok] 7511751966347775254: Unable to extract universal data for rehydration; please report this issue on  https://github.com/yt-dlp/yt-dlp/issues?q= , filling out the appropriate issue template. Confirm you are on the latest version using  yt-dlp -U
sessionid=absent
msToken=present
sid_tt=absent
ttwid=absent
tt_chain_token=absent
passport_csrf_token=absent

============================================================
[ATTEMPT]
task_id=81886A
attempt=2
concurrency=8
============================================================

[COOKIE]
task_id=81886A
source=extension
file=_all_cookies.txt
session_copy=_session_cookie_81886A.txt
exists=true
size=9899
mtime=2026-08-22 13:41:37
refreshed=true

[UA]
task_id=81886A
source=extension
length=111

[REFERER]
task_id=81886A
source=extension
value=https://www.tiktok.com/search?q=Jack+Jerry+prediction+filter&t=1787376624627

[PROXY]
task_id=81886A
enabled=false
source=system
value=default

[JS RUNTIME]
task_id=81886A
attempt=2
enabled=true
runtime=node
path=C:\Program Files\nodejs\node.exe
js_runtime_args=--no-js-runtimes --js-runtimes node:C:\Program Files\nodejs\node.exe

[YTDLP]
task_id=81886A
attempt=2
stage=RESOLVE+DOWNLOAD
concurrency=8
retries=5
extractor_retries=3
fragment_retries=5

[COMMAND] task_id=81886A C:\Users\Administrator\Desktop\下载\bin\yt-dlp.exe --newline --no-warnings --no-playlist --no-check-certificates --no-mtime --encoding utf-8 --user-agent Mozilla/5.0 (Windows NT 10.0; Win64; x64) AppleWebKit/537.36 (KHTML, like Gecko) Chrome/151.0.0.0 Safari/537.36 --ffmpeg-location C:\Users\Administrator\Desktop\下载\ffmpeg\bin\ffmpeg.exe -f bv*+ba/b --merge-output-format mp4 --windows-filenames --socket-timeout 30 --retries 5 --fragment-retries 5 --extractor-retries 3 --file-access-retries 3 --retry-sleep exp=1:30 --buffer-size 16M --trim-filenames 200 --skip-unavailable-fragments -o C:\Users\Administrator\Desktop\下载\_download_temp\job_11_1787377283\source.%(ext)s --no-js-runtimes --js-runtimes node:C:\Program Files\nodejs\node.exe --cookies REDACTED --referer https://www.tiktok.com/search?q=Jack%20Jerry%20prediction%20filter&t=1787376624627 --add-header Referer: https://www.tiktok.com/search?q=Jack%20Jerry%20prediction%20filter&t=1787376624627 --http-chunk-size 10M --add-header Accept: text/html,application/xhtml+xml,application/xml;q=0.9,image/avif,image/webp,image/apng,*/*;q=0.8 --add-header Accept-Language: en-US,en;q=0.9,zh-CN;q=0.8,zh;q=0.7 --add-header Accept-Encoding: gzip, deflate, br --add-header Connection: keep-alive --add-header Upgrade-Insecure-Requests: 1 --add-header Sec-Fetch-Dest: document --add-header Sec-Fetch-Mode: navigate --add-header Sec-Fetch-Site: none --add-header Sec-Fetch-User: ?1 -N 8 https://www.tiktok.com/@dasha.eg0o/video/7511751966347775254
[RESOLVE] task_id=81886A attempt=2 status=START
[CHALLENGE] task_id=81886A attempt=2 challenge_solver=native_python
[RESOLVE] task_id=81886A attempt=2 status=FAILED
[YTDLP RESULT] task_id=81886A attempt=2 resolve=FAILED download=NA error_class=EXTRACTOR
[ERROR]
task_id=81886A
attempt=2
class=EXTRACTOR
stage=RESOLVE
message=ERROR: [TikTok] 7511751966347775254: Unable to extract universal data for rehydration; please report this issue on  https://github.com/yt-dlp/yt-dlp/issues?q= , filling out the appropriate issue template. Confirm you are on the latest version using  yt-dlp -U
action=REFRESH_BROWSER_STATE
challenge_solver=native_python

[YTDLP STDERR]
[TikTok] Extracting URL: https://www.tiktok.com/@dasha.eg0o/video/7511751966347775254
[TikTok] 7511751966347775254: Downloading webpage
[TikTok] Solving JS challenge using native Python implementation
[TikTok] 7511751966347775254: Downloading webpage with challenge cookie
ERROR: [TikTok] 7511751966347775254: Unable to extract universal data for rehydration; please report this issue on  https://github.com/yt-dlp/yt-dlp/issues?q= , filling out the appropriate issue template. Confirm you are on the latest version using  yt-dlp -U

[REQUEST]
task_id=81886A
cookie=true
ua=true
referer=true
concurrency=8
action=REFRESH_BROWSER_STATE
js_runtime_args=--no-js-runtimes --js-runtimes node:C:\Program Files\nodejs\node.exe
cookie_exists=true
cookie_count=45
cookie_size=9899
cookie_mtime=2026-08-22 13:41:55
cookie_header=REDACTED
retry_reason=ERROR: [TikTok] 7511751966347775254: Unable to extract universal data for rehydration; please report this issue on  https://github.com/yt-dlp/yt-dlp/issues?q= , filling out the appropriate issue template. Confirm you are on the latest version using  yt-dlp -U
sessionid=absent
msToken=present
sid_tt=absent
ttwid=absent
tt_chain_token=absent
passport_csrf_token=absent

============================================================
[ATTEMPT]
task_id=81886A
attempt=3
concurrency=8
============================================================

[COOKIE]
task_id=81886A
source=extension
file=_all_cookies.txt
session_copy=_session_cookie_81886A.txt
exists=true
size=9899
mtime=2026-08-22 13:41:37
refreshed=true

[UA]
task_id=81886A
source=extension
length=111

[REFERER]
task_id=81886A
source=extension
value=https://www.tiktok.com/search?q=Jack+Jerry+prediction+filter&t=1787376624627

[PROXY]
task_id=81886A
enabled=false
source=system
value=default

[JS RUNTIME]
task_id=81886A
attempt=3
enabled=true
runtime=node
path=C:\Program Files\nodejs\node.exe
js_runtime_args=--no-js-runtimes --js-runtimes node:C:\Program Files\nodejs\node.exe

[YTDLP]
task_id=81886A
attempt=3
stage=RESOLVE+DOWNLOAD
concurrency=8
retries=5
extractor_retries=3
fragment_retries=5

[COMMAND] task_id=81886A C:\Users\Administrator\Desktop\下载\bin\yt-dlp.exe --newline --no-warnings --no-playlist --no-check-certificates --no-mtime --encoding utf-8 --user-agent Mozilla/5.0 (Windows NT 10.0; Win64; x64) AppleWebKit/537.36 (KHTML, like Gecko) Chrome/151.0.0.0 Safari/537.36 --ffmpeg-location C:\Users\Administrator\Desktop\下载\ffmpeg\bin\ffmpeg.exe -f bv*+ba/b --merge-output-format mp4 --windows-filenames --socket-timeout 30 --retries 5 --fragment-retries 5 --extractor-retries 3 --file-access-retries 3 --retry-sleep exp=1:30 --buffer-size 16M --trim-filenames 200 --skip-unavailable-fragments -o C:\Users\Administrator\Desktop\下载\_download_temp\job_11_1787377283\source.%(ext)s --no-js-runtimes --js-runtimes node:C:\Program Files\nodejs\node.exe --cookies REDACTED --referer https://www.tiktok.com/search?q=Jack%20Jerry%20prediction%20filter&t=1787376624627 --add-header Referer: https://www.tiktok.com/search?q=Jack%20Jerry%20prediction%20filter&t=1787376624627 --http-chunk-size 10M --add-header Accept: text/html,application/xhtml+xml,application/xml;q=0.9,image/avif,image/webp,image/apng,*/*;q=0.8 --add-header Accept-Language: en-US,en;q=0.9,zh-CN;q=0.8,zh;q=0.7 --add-header Accept-Encoding: gzip, deflate, br --add-header Connection: keep-alive --add-header Upgrade-Insecure-Requests: 1 --add-header Sec-Fetch-Dest: document --add-header Sec-Fetch-Mode: navigate --add-header Sec-Fetch-Site: none --add-header Sec-Fetch-User: ?1 -N 8 https://www.tiktok.com/@dasha.eg0o/video/7511751966347775254
[RESOLVE] task_id=81886A attempt=3 status=START
[CHALLENGE] task_id=81886A attempt=3 challenge_solver=NA
============================================================
[TIKTOK TASK END]
task_id=81886A
result=ABORTED
attempts=3
elapsed=37.1s
final_error_class=EXTRACTOR
final_failed_stage=RESOLVE
============================================================

============================================================
[TASK END]
task_id=81886A
result=ABORTED
attempts=3
elapsed=37.1s
final_error_class=EXTRACTOR
============================================================

============================================================
[TIKTOK TASK START]
task_id=C719E6
url=https://www.tiktok.com/@a/video/1
time=2026-08-22 13:49:21
============================================================

[REQUEST]
task_id=C719E6
cookie=true
ua=true
referer=false
concurrency=8
action=INITIAL_READ
js_runtime_args=NA
cookie_exists=true
cookie_count=0
cookie_size=29
cookie_mtime=2026-08-22 13:49:21
cookie_header=REDACTED
sessionid=absent
msToken=absent
sid_tt=absent
ttwid=absent
tt_chain_token=absent
passport_csrf_token=absent

============================================================
[ATTEMPT]
task_id=C719E6
attempt=1
concurrency=8
============================================================

[COOKIE]
task_id=C719E6
source=extension
file=_dbg_orig.txt
session_copy=_session_cookie_C719E6.txt
exists=true
size=29
mtime=2026-08-22 13:49:21
refreshed=true

[UA]
task_id=C719E6
source=extension
length=2

[REFERER]
task_id=C719E6
source=NA
value=NA

[PROXY]
task_id=C719E6
enabled=false
source=system
value=default

[YTDLP]
task_id=C719E6
attempt=1
stage=RESOLVE+DOWNLOAD
concurrency=8
retries=5
extractor_retries=3
fragment_retries=5

[COMMAND] task_id=C719E6 yt-dlp
[RESOLVE] task_id=C719E6 attempt=1 status=START
[CHALLENGE] task_id=C719E6 attempt=1 challenge_solver=NA
[RESOLVE] task_id=C719E6 attempt=1 status=FAILED
[YTDLP RESULT] task_id=C719E6 attempt=1 resolve=FAILED download=NA error_class=TIKTOK_RESOLVE reason=UNIVERSAL_DATA
[ERROR]
task_id=C719E6
attempt=1
class=EXTRACTOR
category=TIKTOK_RESOLVE
stage=RESOLVE
reason=UNIVERSAL_DATA
message=ERROR: Unable to extract universal data for rehydration
action=INITIAL_READ
challenge_solver=NA

[YTDLP STDERR]
ERROR: Unable to extract universal data for rehydration

[TIKTOK RECOVERY]
task_id=C719E6
stage=RESOLVE
attempt=2
reason=UNIVERSAL_DATA
action=REFRESH_COOKIE
action=REFRESH_UA
action=REFRESH_REFERER
action=REBUILD_YTDLP_ARGS
concurrency=8
wait=2s

[REQUEST]
task_id=C719E6
cookie=true
ua=true
referer=false
concurrency=8
action=REFRESH_BROWSER_STATE
js_runtime_args=NA
cookie_exists=true
cookie_count=0
cookie_size=29
cookie_mtime=2026-08-22 13:49:21
cookie_header=REDACTED
retry_reason=ERROR: Unable to extract universal data for rehydration
sessionid=absent
msToken=absent
sid_tt=absent
ttwid=absent
tt_chain_token=absent
passport_csrf_token=absent

============================================================
[ATTEMPT]
task_id=C719E6
attempt=2
concurrency=8
============================================================

[COOKIE]
task_id=C719E6
source=extension
file=_dbg_orig.txt
session_copy=_session_cookie_C719E6.txt
exists=true
size=29
mtime=2026-08-22 13:49:21
refreshed=true

[UA]
task_id=C719E6
source=extension
length=2

[REFERER]
task_id=C719E6
source=NA
value=NA

[PROXY]
task_id=C719E6
enabled=false
source=system
value=default

[YTDLP]
task_id=C719E6
attempt=2
stage=RESOLVE+DOWNLOAD
concurrency=8
retries=5
extractor_retries=3
fragment_retries=5

[COMMAND] task_id=C719E6 yt-dlp
[RESOLVE] task_id=C719E6 attempt=2 status=START
[CHALLENGE] task_id=C719E6 attempt=2 challenge_solver=NA
[RESOLVE] task_id=C719E6 attempt=2 status=FAILED
[YTDLP RESULT] task_id=C719E6 attempt=2 resolve=FAILED download=NA error_class=TIKTOK_RESOLVE reason=UNIVERSAL_DATA
[ERROR]
task_id=C719E6
attempt=2
class=EXTRACTOR
category=TIKTOK_RESOLVE
stage=RESOLVE
reason=UNIVERSAL_DATA
message=ERROR: Unable to extract universal data for rehydration
action=REFRESH_BROWSER_STATE
challenge_solver=NA

[YTDLP STDERR]
ERROR: Unable to extract universal data for rehydration

[TIKTOK RECOVERY]
task_id=C719E6
stage=RESOLVE
attempt=3
reason=UNIVERSAL_DATA
action=REFRESH_COOKIE
action=REFRESH_UA
action=REFRESH_REFERER
action=REBUILD_YTDLP_ARGS
concurrency=8
wait=6s

[REQUEST]
task_id=C719E6
cookie=true
ua=true
referer=false
concurrency=8
action=REFRESH_BROWSER_STATE
js_runtime_args=NA
cookie_exists=true
cookie_count=0
cookie_size=29
cookie_mtime=2026-08-22 13:49:21
cookie_header=REDACTED
retry_reason=ERROR: Unable to extract universal data for rehydration
sessionid=absent
msToken=absent
sid_tt=absent
ttwid=absent
tt_chain_token=absent
passport_csrf_token=absent

============================================================
[ATTEMPT]
task_id=C719E6
attempt=3
concurrency=8
============================================================

[COOKIE]
task_id=C719E6
source=extension
file=_dbg_orig.txt
session_copy=_session_cookie_C719E6.txt
exists=true
size=29
mtime=2026-08-22 13:49:21
refreshed=true

[UA]
task_id=C719E6
source=extension
length=2

[REFERER]
task_id=C719E6
source=NA
value=NA

[PROXY]
task_id=C719E6
enabled=false
source=system
value=default

[YTDLP]
task_id=C719E6
attempt=3
stage=RESOLVE+DOWNLOAD
concurrency=8
retries=5
extractor_retries=3
fragment_retries=5

[COMMAND] task_id=C719E6 yt-dlp
[RESOLVE] task_id=C719E6 attempt=3 status=START
[CHALLENGE] task_id=C719E6 attempt=3 challenge_solver=NA
[RESOLVE] task_id=C719E6 attempt=3 status=FAILED
[YTDLP RESULT] task_id=C719E6 attempt=3 resolve=FAILED download=NA error_class=TIKTOK_RESOLVE reason=UNIVERSAL_DATA
[ERROR]
task_id=C719E6
attempt=3
class=EXTRACTOR
category=TIKTOK_RESOLVE
stage=RESOLVE
reason=UNIVERSAL_DATA
message=ERROR: Unable to extract universal data for rehydration
action=REFRESH_BROWSER_STATE
challenge_solver=NA

[YTDLP STDERR]
ERROR: Unable to extract universal data for rehydration

[TIKTOK RECOVERY]
task_id=C719E6
stage=RESOLVE
attempt=4
reason=UNIVERSAL_DATA
action=REFRESH_COOKIE
action=REFRESH_UA
action=REFRESH_REFERER
action=REBUILD_YTDLP_ARGS
concurrency=8
wait=12s

[REQUEST]
task_id=C719E6
cookie=true
ua=true
referer=false
concurrency=8
action=REFRESH_BROWSER_STATE
js_runtime_args=NA
cookie_exists=true
cookie_count=0
cookie_size=29
cookie_mtime=2026-08-22 13:49:21
cookie_header=REDACTED
retry_reason=ERROR: Unable to extract universal data for rehydration
sessionid=absent
msToken=absent
sid_tt=absent
ttwid=absent
tt_chain_token=absent
passport_csrf_token=absent

============================================================
[ATTEMPT]
task_id=C719E6
attempt=4
concurrency=8
============================================================

[COOKIE]
task_id=C719E6
source=extension
file=_dbg_orig.txt
session_copy=_session_cookie_C719E6.txt
exists=true
size=29
mtime=2026-08-22 13:49:21
refreshed=true

[UA]
task_id=C719E6
source=extension
length=2

[REFERER]
task_id=C719E6
source=NA
value=NA

[PROXY]
task_id=C719E6
enabled=false
source=system
value=default

[YTDLP]
task_id=C719E6
attempt=4
stage=RESOLVE+DOWNLOAD
concurrency=8
retries=5
extractor_retries=3
fragment_retries=5

[COMMAND] task_id=C719E6 yt-dlp
[RESOLVE] task_id=C719E6 attempt=4 status=START
[CHALLENGE] task_id=C719E6 attempt=4 challenge_solver=NA
[RESOLVE] task_id=C719E6 attempt=4 status=FAILED
[YTDLP RESULT] task_id=C719E6 attempt=4 resolve=FAILED download=NA error_class=TIKTOK_RESOLVE reason=UNIVERSAL_DATA
[ERROR]
task_id=C719E6
attempt=4
class=EXTRACTOR
category=TIKTOK_RESOLVE
stage=RESOLVE
reason=UNIVERSAL_DATA
message=ERROR: Unable to extract universal data for rehydration
action=REFRESH_BROWSER_STATE
challenge_solver=NA

[YTDLP STDERR]
ERROR: Unable to extract universal data for rehydration

============================================================
[TIKTOK TASK END]
task_id=C719E6
result=FAILED
attempts=4
elapsed=1.2s
initial_error_class=TIKTOK_RESOLVE
initial_error=UNIVERSAL_DATA
initial_message=ERROR: Unable to extract universal data for rehydration
final_error_class=TIKTOK_RESOLVE
final_error=UNIVERSAL_DATA
final_failed_stage=RESOLVE
============================================================

============================================================
[TASK END]
task_id=C719E6
result=FAILED
attempts=4
elapsed=1.3s
initial_error_class=TIKTOK_RESOLVE
initial_error=UNIVERSAL_DATA
final_error_class=TIKTOK_RESOLVE
final_error=UNIVERSAL_DATA
============================================================

[YT-DLP]
path=C:\Users\Administrator\Desktop\下载\bin\yt-dlp.exe
version=2026.08.19
source=local

[ENVIRONMENT CHECK]
Python=OK (3.11.9)
FFmpeg=OK
NVENC=OK
Node.js=OK
yt-dlp=OK
yt-dlp版本=2026.08.19
Cookie=OK
Extension=OK
Proxy=SYSTEM
Chrome CDP=DISABLED

[yt-dlp] version=2026.08.19 source=local update_check=skipped(0h ago)
============================================================
[TASK START]
task_id=63136F
platform=tiktok
url=https://www.tiktok.com/@jackjerry/video/7537427845266689311
start_time=2026-08-22 13:53:36
============================================================

[ENVIRONMENT]
python_version=3.11.9
os=Windows
yt_dlp_path=C:\Users\Administrator\Desktop\下载\bin\yt-dlp.exe
yt_dlp_version=2026.08.19
node_path=C:\Program Files\nodejs\node.EXE
ffmpeg_path=C:\Users\Administrator\Desktop\下载\ffmpeg\bin\ffmpeg.exe

============================================================
[TIKTOK TASK START]
task_id=63136F
url=https://www.tiktok.com/@jackjerry/video/7537427845266689311
time=2026-08-22 13:53:40
============================================================

[REQUEST]
task_id=63136F
cookie=true
ua=true
referer=true
concurrency=8
action=INITIAL_READ
js_runtime_args=--no-js-runtimes --js-runtimes node:C:\Program Files\nodejs\node.exe
cookie_exists=true
cookie_count=45
cookie_size=9899
cookie_mtime=2026-08-22 13:53:40
cookie_header=REDACTED
sessionid=absent
msToken=present
sid_tt=absent
ttwid=absent
tt_chain_token=absent
passport_csrf_token=absent

============================================================
[ATTEMPT]
task_id=63136F
attempt=1
concurrency=8
============================================================

[COOKIE]
task_id=63136F
source=extension
file=_all_cookies.txt
session_copy=_session_cookie_63136F.txt
exists=true
size=9899
mtime=2026-08-22 13:44:37
refreshed=true

[UA]
task_id=63136F
source=extension
length=111

[REFERER]
task_id=63136F
source=extension
value=https://www.tiktok.com/search?q=Jack+Jerry+prediction+filter&t=1787376624627

[PROXY]
task_id=63136F
enabled=false
source=system
value=default

[JS RUNTIME]
task_id=63136F
attempt=1
enabled=true
runtime=node
path=C:\Program Files\nodejs\node.exe
js_runtime_args=--no-js-runtimes --js-runtimes node:C:\Program Files\nodejs\node.exe

[YTDLP]
task_id=63136F
attempt=1
stage=RESOLVE+DOWNLOAD
concurrency=8
retries=5
extractor_retries=3
fragment_retries=5

[COMMAND] task_id=63136F C:\Users\Administrator\Desktop\下载\bin\yt-dlp.exe --newline --no-warnings --no-playlist --no-check-certificates --no-mtime --encoding utf-8 --user-agent Mozilla/5.0 (Windows NT 10.0; Win64; x64) AppleWebKit/537.36 (KHTML, like Gecko) Chrome/151.0.0.0 Safari/537.36 --ffmpeg-location C:\Users\Administrator\Desktop\下载\ffmpeg\bin\ffmpeg.exe -f bv*+ba/b --merge-output-format mp4 --windows-filenames --socket-timeout 30 --retries 5 --fragment-retries 5 --extractor-retries 3 --file-access-retries 3 --retry-sleep exp=1:30 --buffer-size 16M --trim-filenames 200 --skip-unavailable-fragments -o C:\Users\Administrator\Desktop\下载\_download_temp\job_1_1787378016\source.%(ext)s --no-js-runtimes --js-runtimes node:C:\Program Files\nodejs\node.exe --cookies REDACTED --referer https://www.tiktok.com/search?q=Jack%20Jerry%20prediction%20filter&t=1787376624627 --add-header Referer: https://www.tiktok.com/search?q=Jack%20Jerry%20prediction%20filter&t=1787376624627 --http-chunk-size 10M --add-header Accept: text/html,application/xhtml+xml,application/xml;q=0.9,image/avif,image/webp,image/apng,*/*;q=0.8 --add-header Accept-Language: en-US,en;q=0.9,zh-CN;q=0.8,zh;q=0.7 --add-header Accept-Encoding: gzip, deflate, br --add-header Connection: keep-alive --add-header Upgrade-Insecure-Requests: 1 --add-header Sec-Fetch-Dest: document --add-header Sec-Fetch-Mode: navigate --add-header Sec-Fetch-Site: none --add-header Sec-Fetch-User: ?1 -N 8 https://www.tiktok.com/@jackjerry/video/7537427845266689311
[RESOLVE] task_id=63136F attempt=1 status=START
[CHALLENGE] task_id=63136F attempt=1 challenge_solver=native_python
[RESOLVE] task_id=63136F attempt=1 status=FAILED
[YTDLP RESULT] task_id=63136F attempt=1 resolve=FAILED download=NA error_class=TIKTOK_RESOLVE reason=UNIVERSAL_DATA
[ERROR]
task_id=63136F
attempt=1
class=EXTRACTOR
category=TIKTOK_RESOLVE
stage=RESOLVE
reason=UNIVERSAL_DATA
message=ERROR: [TikTok] 7537427845266689311: Unable to extract universal data for rehydration; please report this issue on  https://github.com/yt-dlp/yt-dlp/issues?q= , filling out the appropriate issue template. Confirm you are on the latest version using  yt-dlp -U
action=INITIAL_READ
challenge_solver=native_python

[YTDLP STDERR]
[TikTok] Extracting URL: https://www.tiktok.com/@jackjerry/video/7537427845266689311
[TikTok] 7537427845266689311: Downloading webpage
[TikTok] Solving JS challenge using native Python implementation
[TikTok] 7537427845266689311: Downloading webpage with challenge cookie
ERROR: [TikTok] 7537427845266689311: Unable to extract universal data for rehydration; please report this issue on  https://github.com/yt-dlp/yt-dlp/issues?q= , filling out the appropriate issue template. Confirm you are on the latest version using  yt-dlp -U

[TIKTOK RECOVERY]
task_id=63136F
stage=RESOLVE
attempt=2
reason=UNIVERSAL_DATA
action=REFRESH_COOKIE
action=REFRESH_UA
action=REFRESH_REFERER
action=REBUILD_YTDLP_ARGS
concurrency=8
wait=2s

[REQUEST]
task_id=63136F
cookie=true
ua=true
referer=true
concurrency=8
action=REFRESH_BROWSER_STATE
js_runtime_args=--no-js-runtimes --js-runtimes node:C:\Program Files\nodejs\node.exe
cookie_exists=true
cookie_count=45
cookie_size=9899
cookie_mtime=2026-08-22 13:53:53
cookie_header=REDACTED
retry_reason=ERROR: [TikTok] 7537427845266689311: Unable to extract universal data for rehydration; please report this issue on  https://github.com/yt-dlp/yt-dlp/issues?q= , filling out the appropriate issue template. Confirm you are on the latest version using  yt-dlp -U
sessionid=absent
msToken=present
sid_tt=absent
ttwid=absent
tt_chain_token=absent
passport_csrf_token=absent

============================================================
[ATTEMPT]
task_id=63136F
attempt=2
concurrency=8
============================================================

[COOKIE]
task_id=63136F
source=extension
file=_all_cookies.txt
session_copy=_session_cookie_63136F.txt
exists=true
size=9899
mtime=2026-08-22 13:44:37
refreshed=true

[UA]
task_id=63136F
source=extension
length=111

[REFERER]
task_id=63136F
source=extension
value=https://www.tiktok.com/search?q=Jack+Jerry+prediction+filter&t=1787376624627

[PROXY]
task_id=63136F
enabled=false
source=system
value=default

[JS RUNTIME]
task_id=63136F
attempt=2
enabled=true
runtime=node
path=C:\Program Files\nodejs\node.exe
js_runtime_args=--no-js-runtimes --js-runtimes node:C:\Program Files\nodejs\node.exe

[YTDLP]
task_id=63136F
attempt=2
stage=RESOLVE+DOWNLOAD
concurrency=8
retries=5
extractor_retries=3
fragment_retries=5

[COMMAND] task_id=63136F C:\Users\Administrator\Desktop\下载\bin\yt-dlp.exe --newline --no-warnings --no-playlist --no-check-certificates --no-mtime --encoding utf-8 --user-agent Mozilla/5.0 (Windows NT 10.0; Win64; x64) AppleWebKit/537.36 (KHTML, like Gecko) Chrome/151.0.0.0 Safari/537.36 --ffmpeg-location C:\Users\Administrator\Desktop\下载\ffmpeg\bin\ffmpeg.exe -f bv*+ba/b --merge-output-format mp4 --windows-filenames --socket-timeout 30 --retries 5 --fragment-retries 5 --extractor-retries 3 --file-access-retries 3 --retry-sleep exp=1:30 --buffer-size 16M --trim-filenames 200 --skip-unavailable-fragments -o C:\Users\Administrator\Desktop\下载\_download_temp\job_1_1787378016\source.%(ext)s --no-js-runtimes --js-runtimes node:C:\Program Files\nodejs\node.exe --cookies REDACTED --referer https://www.tiktok.com/search?q=Jack%20Jerry%20prediction%20filter&t=1787376624627 --add-header Referer: https://www.tiktok.com/search?q=Jack%20Jerry%20prediction%20filter&t=1787376624627 --http-chunk-size 10M --add-header Accept: text/html,application/xhtml+xml,application/xml;q=0.9,image/avif,image/webp,image/apng,*/*;q=0.8 --add-header Accept-Language: en-US,en;q=0.9,zh-CN;q=0.8,zh;q=0.7 --add-header Accept-Encoding: gzip, deflate, br --add-header Connection: keep-alive --add-header Upgrade-Insecure-Requests: 1 --add-header Sec-Fetch-Dest: document --add-header Sec-Fetch-Mode: navigate --add-header Sec-Fetch-Site: none --add-header Sec-Fetch-User: ?1 -N 8 https://www.tiktok.com/@jackjerry/video/7537427845266689311
[RESOLVE] task_id=63136F attempt=2 status=START
[CHALLENGE] task_id=63136F attempt=2 challenge_solver=native_python
[RESOLVE] task_id=63136F attempt=2 status=FAILED
[YTDLP RESULT] task_id=63136F attempt=2 resolve=FAILED download=NA error_class=TIKTOK_RESOLVE reason=UNIVERSAL_DATA
[ERROR]
task_id=63136F
attempt=2
class=EXTRACTOR
category=TIKTOK_RESOLVE
stage=RESOLVE
reason=UNIVERSAL_DATA
message=ERROR: [TikTok] 7537427845266689311: Unable to extract universal data for rehydration; please report this issue on  https://github.com/yt-dlp/yt-dlp/issues?q= , filling out the appropriate issue template. Confirm you are on the latest version using  yt-dlp -U
action=REFRESH_BROWSER_STATE
challenge_solver=native_python

[YTDLP STDERR]
[TikTok] Extracting URL: https://www.tiktok.com/@jackjerry/video/7537427845266689311
[TikTok] 7537427845266689311: Downloading webpage
[TikTok] Solving JS challenge using native Python implementation
[TikTok] 7537427845266689311: Downloading webpage with challenge cookie
ERROR: [TikTok] 7537427845266689311: Unable to extract universal data for rehydration; please report this issue on  https://github.com/yt-dlp/yt-dlp/issues?q= , filling out the appropriate issue template. Confirm you are on the latest version using  yt-dlp -U

[TIKTOK RECOVERY]
task_id=63136F
stage=RESOLVE
attempt=3
reason=UNIVERSAL_DATA
action=REFRESH_COOKIE
action=REFRESH_UA
action=REFRESH_REFERER
action=REBUILD_YTDLP_ARGS
concurrency=8
wait=6s

[REQUEST]
task_id=63136F
cookie=true
ua=true
referer=true
concurrency=8
action=REFRESH_BROWSER_STATE
js_runtime_args=--no-js-runtimes --js-runtimes node:C:\Program Files\nodejs\node.exe
cookie_exists=true
cookie_count=45
cookie_size=9899
cookie_mtime=2026-08-22 13:54:09
cookie_header=REDACTED
retry_reason=ERROR: [TikTok] 7537427845266689311: Unable to extract universal data for rehydration; please report this issue on  https://github.com/yt-dlp/yt-dlp/issues?q= , filling out the appropriate issue template. Confirm you are on the latest version using  yt-dlp -U
sessionid=absent
msToken=present
sid_tt=absent
ttwid=absent
tt_chain_token=absent
passport_csrf_token=absent

============================================================
[ATTEMPT]
task_id=63136F
attempt=3
concurrency=8
============================================================

[COOKIE]
task_id=63136F
source=extension
file=_all_cookies.txt
session_copy=_session_cookie_63136F.txt
exists=true
size=9899
mtime=2026-08-22 13:44:37
refreshed=true

[UA]
task_id=63136F
source=extension
length=111

[REFERER]
task_id=63136F
source=extension
value=https://www.tiktok.com/search?q=Jack+Jerry+prediction+filter&t=1787376624627

[PROXY]
task_id=63136F
enabled=false
source=system
value=default

[JS RUNTIME]
task_id=63136F
attempt=3
enabled=true
runtime=node
path=C:\Program Files\nodejs\node.exe
js_runtime_args=--no-js-runtimes --js-runtimes node:C:\Program Files\nodejs\node.exe

[YTDLP]
task_id=63136F
attempt=3
stage=RESOLVE+DOWNLOAD
concurrency=8
retries=5
extractor_retries=3
fragment_retries=5

[COMMAND] task_id=63136F C:\Users\Administrator\Desktop\下载\bin\yt-dlp.exe --newline --no-warnings --no-playlist --no-check-certificates --no-mtime --encoding utf-8 --user-agent Mozilla/5.0 (Windows NT 10.0; Win64; x64) AppleWebKit/537.36 (KHTML, like Gecko) Chrome/151.0.0.0 Safari/537.36 --ffmpeg-location C:\Users\Administrator\Desktop\下载\ffmpeg\bin\ffmpeg.exe -f bv*+ba/b --merge-output-format mp4 --windows-filenames --socket-timeout 30 --retries 5 --fragment-retries 5 --extractor-retries 3 --file-access-retries 3 --retry-sleep exp=1:30 --buffer-size 16M --trim-filenames 200 --skip-unavailable-fragments -o C:\Users\Administrator\Desktop\下载\_download_temp\job_1_1787378016\source.%(ext)s --no-js-runtimes --js-runtimes node:C:\Program Files\nodejs\node.exe --cookies REDACTED --referer https://www.tiktok.com/search?q=Jack%20Jerry%20prediction%20filter&t=1787376624627 --add-header Referer: https://www.tiktok.com/search?q=Jack%20Jerry%20prediction%20filter&t=1787376624627 --http-chunk-size 10M --add-header Accept: text/html,application/xhtml+xml,application/xml;q=0.9,image/avif,image/webp,image/apng,*/*;q=0.8 --add-header Accept-Language: en-US,en;q=0.9,zh-CN;q=0.8,zh;q=0.7 --add-header Accept-Encoding: gzip, deflate, br --add-header Connection: keep-alive --add-header Upgrade-Insecure-Requests: 1 --add-header Sec-Fetch-Dest: document --add-header Sec-Fetch-Mode: navigate --add-header Sec-Fetch-Site: none --add-header Sec-Fetch-User: ?1 -N 8 https://www.tiktok.com/@jackjerry/video/7537427845266689311
[RESOLVE] task_id=63136F attempt=3 status=START
[CHALLENGE] task_id=63136F attempt=3 challenge_solver=native_python
[RESOLVE] task_id=63136F attempt=3 status=FAILED
[YTDLP RESULT] task_id=63136F attempt=3 resolve=FAILED download=NA error_class=TIKTOK_RESOLVE reason=UNIVERSAL_DATA
[ERROR]
task_id=63136F
attempt=3
class=EXTRACTOR
category=TIKTOK_RESOLVE
stage=RESOLVE
reason=UNIVERSAL_DATA
message=ERROR: [TikTok] 7537427845266689311: Unable to extract universal data for rehydration; please report this issue on  https://github.com/yt-dlp/yt-dlp/issues?q= , filling out the appropriate issue template. Confirm you are on the latest version using  yt-dlp -U
action=REFRESH_BROWSER_STATE
challenge_solver=native_python

[YTDLP STDERR]
[TikTok] Extracting URL: https://www.tiktok.com/@jackjerry/video/7537427845266689311
[TikTok] 7537427845266689311: Downloading webpage
[TikTok] Solving JS challenge using native Python implementation
[TikTok] 7537427845266689311: Downloading webpage with challenge cookie
ERROR: [TikTok] 7537427845266689311: Unable to extract universal data for rehydration; please report this issue on  https://github.com/yt-dlp/yt-dlp/issues?q= , filling out the appropriate issue template. Confirm you are on the latest version using  yt-dlp -U

[TIKTOK RECOVERY]
task_id=63136F
stage=RESOLVE
attempt=4
reason=UNIVERSAL_DATA
action=REFRESH_COOKIE
action=REFRESH_UA
action=REFRESH_REFERER
action=REBUILD_YTDLP_ARGS
concurrency=8
wait=12s

[REQUEST]
task_id=63136F
cookie=true
ua=true
referer=true
concurrency=8
action=REFRESH_BROWSER_STATE
js_runtime_args=--no-js-runtimes --js-runtimes node:C:\Program Files\nodejs\node.exe
cookie_exists=true
cookie_count=45
cookie_size=9899
cookie_mtime=2026-08-22 13:54:31
cookie_header=REDACTED
retry_reason=ERROR: [TikTok] 7537427845266689311: Unable to extract universal data for rehydration; please report this issue on  https://github.com/yt-dlp/yt-dlp/issues?q= , filling out the appropriate issue template. Confirm you are on the latest version using  yt-dlp -U
sessionid=absent
msToken=present
sid_tt=absent
ttwid=absent
tt_chain_token=absent
passport_csrf_token=absent

============================================================
[ATTEMPT]
task_id=63136F
attempt=4
concurrency=8
============================================================

[COOKIE]
task_id=63136F
source=extension
file=_all_cookies.txt
session_copy=_session_cookie_63136F.txt
exists=true
size=9899
mtime=2026-08-22 13:54:31
refreshed=true

[UA]
task_id=63136F
source=extension
length=111

[REFERER]
task_id=63136F
source=extension
value=https://www.tiktok.com/search?q=Jack+Jerry+prediction+filter&t=1787376624627

[PROXY]
task_id=63136F
enabled=false
source=system
value=default

[JS RUNTIME]
task_id=63136F
attempt=4
enabled=true
runtime=node
path=C:\Program Files\nodejs\node.exe
js_runtime_args=--no-js-runtimes --js-runtimes node:C:\Program Files\nodejs\node.exe

[YTDLP]
task_id=63136F
attempt=4
stage=RESOLVE+DOWNLOAD
concurrency=8
retries=5
extractor_retries=3
fragment_retries=5

[COMMAND] task_id=63136F C:\Users\Administrator\Desktop\下载\bin\yt-dlp.exe --newline --no-warnings --no-playlist --no-check-certificates --no-mtime --encoding utf-8 --user-agent Mozilla/5.0 (Windows NT 10.0; Win64; x64) AppleWebKit/537.36 (KHTML, like Gecko) Chrome/151.0.0.0 Safari/537.36 --ffmpeg-location C:\Users\Administrator\Desktop\下载\ffmpeg\bin\ffmpeg.exe -f bv*+ba/b --merge-output-format mp4 --windows-filenames --socket-timeout 30 --retries 5 --fragment-retries 5 --extractor-retries 3 --file-access-retries 3 --retry-sleep exp=1:30 --buffer-size 16M --trim-filenames 200 --skip-unavailable-fragments -o C:\Users\Administrator\Desktop\下载\_download_temp\job_1_1787378016\source.%(ext)s --no-js-runtimes --js-runtimes node:C:\Program Files\nodejs\node.exe --cookies REDACTED --referer https://www.tiktok.com/search?q=Jack%20Jerry%20prediction%20filter&t=1787376624627 --add-header Referer: https://www.tiktok.com/search?q=Jack%20Jerry%20prediction%20filter&t=1787376624627 --http-chunk-size 10M --add-header Accept: text/html,application/xhtml+xml,application/xml;q=0.9,image/avif,image/webp,image/apng,*/*;q=0.8 --add-header Accept-Language: en-US,en;q=0.9,zh-CN;q=0.8,zh;q=0.7 --add-header Accept-Encoding: gzip, deflate, br --add-header Connection: keep-alive --add-header Upgrade-Insecure-Requests: 1 --add-header Sec-Fetch-Dest: document --add-header Sec-Fetch-Mode: navigate --add-header Sec-Fetch-Site: none --add-header Sec-Fetch-User: ?1 -N 8 https://www.tiktok.com/@jackjerry/video/7537427845266689311
[RESOLVE] task_id=63136F attempt=4 status=START
[CHALLENGE] task_id=63136F attempt=4 challenge_solver=native_python
[RESOLVE] task_id=63136F attempt=4 status=SUCCESS
[DOWNLOAD] task_id=63136F attempt=4 status=SUCCESS
[YTDLP RESULT] task_id=63136F attempt=4 resolve=SUCCESS download=SUCCESS error_class=NA
============================================================
[TIKTOK TASK END]
task_id=63136F
result=SUCCESS
attempts=4
elapsed=75.6s
initial_error_class=TIKTOK_RESOLVE
initial_error=UNIVERSAL_DATA
initial_message=NONE
final_error_class=NONE
final_error=NONE
final_failed_stage=NA
============================================================

============================================================
[TASK END]
task_id=63136F
result=SUCCESS
attempts=4
elapsed=75.6s
initial_error_class=TIKTOK_RESOLVE
initial_error=UNIVERSAL_DATA
final_error_class=NONE
final_error=NONE
============================================================

============================================================
[TASK START]
task_id=4D5D52
platform=tiktok
url=https://www.tiktok.com/@jackjerry/video/7516653846811266334
start_time=2026-08-22 13:55:12
============================================================

[ENVIRONMENT]
python_version=3.11.9
os=Windows
yt_dlp_path=C:\Users\Administrator\Desktop\下载\bin\yt-dlp.exe
yt_dlp_version=2026.08.19
node_path=C:\Program Files\nodejs\node.EXE
ffmpeg_path=C:\Users\Administrator\Desktop\下载\ffmpeg\bin\ffmpeg.exe

============================================================
[TIKTOK TASK START]
task_id=4D5D52
url=https://www.tiktok.com/@jackjerry/video/7516653846811266334
time=2026-08-22 13:55:16
============================================================

[REQUEST]
task_id=4D5D52
cookie=true
ua=true
referer=true
concurrency=8
action=INITIAL_READ
js_runtime_args=--no-js-runtimes --js-runtimes node:C:\Program Files\nodejs\node.exe
cookie_exists=true
cookie_count=45
cookie_size=9899
cookie_mtime=2026-08-22 13:55:16
cookie_header=REDACTED
sessionid=absent
msToken=present
sid_tt=absent
ttwid=absent
tt_chain_token=absent
passport_csrf_token=absent

============================================================
[ATTEMPT]
task_id=4D5D52
attempt=1
concurrency=8
============================================================

[COOKIE]
task_id=4D5D52
source=extension
file=_all_cookies.txt
session_copy=_session_cookie_4D5D52.txt
exists=true
size=9899
mtime=2026-08-22 13:55:05
refreshed=true

[UA]
task_id=4D5D52
source=extension
length=111

[REFERER]
task_id=4D5D52
source=extension
value=https://www.tiktok.com/search?q=Jack+Jerry+prediction+filter&t=1787376624627

[PROXY]
task_id=4D5D52
enabled=false
source=system
value=default

[JS RUNTIME]
task_id=4D5D52
attempt=1
enabled=true
runtime=node
path=C:\Program Files\nodejs\node.exe
js_runtime_args=--no-js-runtimes --js-runtimes node:C:\Program Files\nodejs\node.exe

[YTDLP]
task_id=4D5D52
attempt=1
stage=RESOLVE+DOWNLOAD
concurrency=8
retries=5
extractor_retries=3
fragment_retries=5

[COMMAND] task_id=4D5D52 C:\Users\Administrator\Desktop\下载\bin\yt-dlp.exe --newline --no-warnings --no-playlist --no-check-certificates --no-mtime --encoding utf-8 --user-agent Mozilla/5.0 (Windows NT 10.0; Win64; x64) AppleWebKit/537.36 (KHTML, like Gecko) Chrome/151.0.0.0 Safari/537.36 --ffmpeg-location C:\Users\Administrator\Desktop\下载\ffmpeg\bin\ffmpeg.exe -f bv*+ba/b --merge-output-format mp4 --windows-filenames --socket-timeout 30 --retries 5 --fragment-retries 5 --extractor-retries 3 --file-access-retries 3 --retry-sleep exp=1:30 --buffer-size 16M --trim-filenames 200 --skip-unavailable-fragments -o C:\Users\Administrator\Desktop\下载\_download_temp\job_2_1787378112\source.%(ext)s --no-js-runtimes --js-runtimes node:C:\Program Files\nodejs\node.exe --cookies REDACTED --referer https://www.tiktok.com/search?q=Jack%20Jerry%20prediction%20filter&t=1787376624627 --add-header Referer: https://www.tiktok.com/search?q=Jack%20Jerry%20prediction%20filter&t=1787376624627 --http-chunk-size 10M --add-header Accept: text/html,application/xhtml+xml,application/xml;q=0.9,image/avif,image/webp,image/apng,*/*;q=0.8 --add-header Accept-Language: en-US,en;q=0.9,zh-CN;q=0.8,zh;q=0.7 --add-header Accept-Encoding: gzip, deflate, br --add-header Connection: keep-alive --add-header Upgrade-Insecure-Requests: 1 --add-header Sec-Fetch-Dest: document --add-header Sec-Fetch-Mode: navigate --add-header Sec-Fetch-Site: none --add-header Sec-Fetch-User: ?1 -N 8 https://www.tiktok.com/@jackjerry/video/7516653846811266334
[RESOLVE] task_id=4D5D52 attempt=1 status=START
[CHALLENGE] task_id=4D5D52 attempt=1 challenge_solver=native_python
[RESOLVE] task_id=4D5D52 attempt=1 status=FAILED
[YTDLP RESULT] task_id=4D5D52 attempt=1 resolve=FAILED download=NA error_class=TIKTOK_RESOLVE reason=UNIVERSAL_DATA
[ERROR]
task_id=4D5D52
attempt=1
class=EXTRACTOR
category=TIKTOK_RESOLVE
stage=RESOLVE
reason=UNIVERSAL_DATA
message=ERROR: [TikTok] 7516653846811266334: Unable to extract universal data for rehydration; please report this issue on  https://github.com/yt-dlp/yt-dlp/issues?q= , filling out the appropriate issue template. Confirm you are on the latest version using  yt-dlp -U
action=INITIAL_READ
challenge_solver=native_python

[YTDLP STDERR]
[TikTok] Extracting URL: https://www.tiktok.com/@jackjerry/video/7516653846811266334
[TikTok] 7516653846811266334: Downloading webpage
[TikTok] Solving JS challenge using native Python implementation
[TikTok] 7516653846811266334: Downloading webpage with challenge cookie
ERROR: [TikTok] 7516653846811266334: Unable to extract universal data for rehydration; please report this issue on  https://github.com/yt-dlp/yt-dlp/issues?q= , filling out the appropriate issue template. Confirm you are on the latest version using  yt-dlp -U

[TIKTOK RECOVERY]
task_id=4D5D52
stage=RESOLVE
attempt=2
reason=UNIVERSAL_DATA
action=REFRESH_COOKIE
action=REFRESH_UA
action=REFRESH_REFERER
action=REBUILD_YTDLP_ARGS
concurrency=8
wait=2s

[REQUEST]
task_id=4D5D52
cookie=true
ua=true
referer=true
concurrency=8
action=REFRESH_BROWSER_STATE
js_runtime_args=--no-js-runtimes --js-runtimes node:C:\Program Files\nodejs\node.exe
cookie_exists=true
cookie_count=45
cookie_size=9899
cookie_mtime=2026-08-22 13:55:28
cookie_header=REDACTED
retry_reason=ERROR: [TikTok] 7516653846811266334: Unable to extract universal data for rehydration; please report this issue on  https://github.com/yt-dlp/yt-dlp/issues?q= , filling out the appropriate issue template. Confirm you are on the latest version using  yt-dlp -U
sessionid=absent
msToken=present
sid_tt=absent
ttwid=absent
tt_chain_token=absent
passport_csrf_token=absent

============================================================
[ATTEMPT]
task_id=4D5D52
attempt=2
concurrency=8
============================================================

[COOKIE]
task_id=4D5D52
source=extension
file=_all_cookies.txt
session_copy=_session_cookie_4D5D52.txt
exists=true
size=9899
mtime=2026-08-22 13:55:05
refreshed=true

[UA]
task_id=4D5D52
source=extension
length=111

[REFERER]
task_id=4D5D52
source=extension
value=https://www.tiktok.com/search?q=Jack+Jerry+prediction+filter&t=1787376624627

[PROXY]
task_id=4D5D52
enabled=false
source=system
value=default

[JS RUNTIME]
task_id=4D5D52
attempt=2
enabled=true
runtime=node
path=C:\Program Files\nodejs\node.exe
js_runtime_args=--no-js-runtimes --js-runtimes node:C:\Program Files\nodejs\node.exe

[YTDLP]
task_id=4D5D52
attempt=2
stage=RESOLVE+DOWNLOAD
concurrency=8
retries=5
extractor_retries=3
fragment_retries=5

[COMMAND] task_id=4D5D52 C:\Users\Administrator\Desktop\下载\bin\yt-dlp.exe --newline --no-warnings --no-playlist --no-check-certificates --no-mtime --encoding utf-8 --user-agent Mozilla/5.0 (Windows NT 10.0; Win64; x64) AppleWebKit/537.36 (KHTML, like Gecko) Chrome/151.0.0.0 Safari/537.36 --ffmpeg-location C:\Users\Administrator\Desktop\下载\ffmpeg\bin\ffmpeg.exe -f bv*+ba/b --merge-output-format mp4 --windows-filenames --socket-timeout 30 --retries 5 --fragment-retries 5 --extractor-retries 3 --file-access-retries 3 --retry-sleep exp=1:30 --buffer-size 16M --trim-filenames 200 --skip-unavailable-fragments -o C:\Users\Administrator\Desktop\下载\_download_temp\job_2_1787378112\source.%(ext)s --no-js-runtimes --js-runtimes node:C:\Program Files\nodejs\node.exe --cookies REDACTED --referer https://www.tiktok.com/search?q=Jack%20Jerry%20prediction%20filter&t=1787376624627 --add-header Referer: https://www.tiktok.com/search?q=Jack%20Jerry%20prediction%20filter&t=1787376624627 --http-chunk-size 10M --add-header Accept: text/html,application/xhtml+xml,application/xml;q=0.9,image/avif,image/webp,image/apng,*/*;q=0.8 --add-header Accept-Language: en-US,en;q=0.9,zh-CN;q=0.8,zh;q=0.7 --add-header Accept-Encoding: gzip, deflate, br --add-header Connection: keep-alive --add-header Upgrade-Insecure-Requests: 1 --add-header Sec-Fetch-Dest: document --add-header Sec-Fetch-Mode: navigate --add-header Sec-Fetch-Site: none --add-header Sec-Fetch-User: ?1 -N 8 https://www.tiktok.com/@jackjerry/video/7516653846811266334
[RESOLVE] task_id=4D5D52 attempt=2 status=START
[CHALLENGE] task_id=4D5D52 attempt=2 challenge_solver=native_python
[RESOLVE] task_id=4D5D52 attempt=2 status=FAILED
[YTDLP RESULT] task_id=4D5D52 attempt=2 resolve=FAILED download=NA error_class=TIKTOK_RESOLVE reason=UNIVERSAL_DATA
[ERROR]
task_id=4D5D52
attempt=2
class=EXTRACTOR
category=TIKTOK_RESOLVE
stage=RESOLVE
reason=UNIVERSAL_DATA
message=ERROR: [TikTok] 7516653846811266334: Unable to extract universal data for rehydration; please report this issue on  https://github.com/yt-dlp/yt-dlp/issues?q= , filling out the appropriate issue template. Confirm you are on the latest version using  yt-dlp -U
action=REFRESH_BROWSER_STATE
challenge_solver=native_python

[YTDLP STDERR]
[TikTok] Extracting URL: https://www.tiktok.com/@jackjerry/video/7516653846811266334
[TikTok] 7516653846811266334: Downloading webpage
[TikTok] Solving JS challenge using native Python implementation
[TikTok] 7516653846811266334: Downloading webpage with challenge cookie
ERROR: [TikTok] 7516653846811266334: Unable to extract universal data for rehydration; please report this issue on  https://github.com/yt-dlp/yt-dlp/issues?q= , filling out the appropriate issue template. Confirm you are on the latest version using  yt-dlp -U

[TIKTOK RECOVERY]
task_id=4D5D52
stage=RESOLVE
attempt=3
reason=UNIVERSAL_DATA
action=REFRESH_COOKIE
action=REFRESH_UA
action=REFRESH_REFERER
action=REBUILD_YTDLP_ARGS
concurrency=8
wait=6s

[REQUEST]
task_id=4D5D52
cookie=true
ua=true
referer=true
concurrency=8
action=REFRESH_BROWSER_STATE
js_runtime_args=--no-js-runtimes --js-runtimes node:C:\Program Files\nodejs\node.exe
cookie_exists=true
cookie_count=45
cookie_size=9899
cookie_mtime=2026-08-22 13:55:44
cookie_header=REDACTED
retry_reason=ERROR: [TikTok] 7516653846811266334: Unable to extract universal data for rehydration; please report this issue on  https://github.com/yt-dlp/yt-dlp/issues?q= , filling out the appropriate issue template. Confirm you are on the latest version using  yt-dlp -U
sessionid=absent
msToken=present
sid_tt=absent
ttwid=absent
tt_chain_token=absent
passport_csrf_token=absent

============================================================
[ATTEMPT]
task_id=4D5D52
attempt=3
concurrency=8
============================================================

[COOKIE]
task_id=4D5D52
source=extension
file=_all_cookies.txt
session_copy=_session_cookie_4D5D52.txt
exists=true
size=9899
mtime=2026-08-22 13:55:05
refreshed=true

[UA]
task_id=4D5D52
source=extension
length=111

[REFERER]
task_id=4D5D52
source=extension
value=https://www.tiktok.com/search?q=Jack+Jerry+prediction+filter&t=1787376624627

[PROXY]
task_id=4D5D52
enabled=false
source=system
value=default

[JS RUNTIME]
task_id=4D5D52
attempt=3
enabled=true
runtime=node
path=C:\Program Files\nodejs\node.exe
js_runtime_args=--no-js-runtimes --js-runtimes node:C:\Program Files\nodejs\node.exe

[YTDLP]
task_id=4D5D52
attempt=3
stage=RESOLVE+DOWNLOAD
concurrency=8
retries=5
extractor_retries=3
fragment_retries=5

[COMMAND] task_id=4D5D52 C:\Users\Administrator\Desktop\下载\bin\yt-dlp.exe --newline --no-warnings --no-playlist --no-check-certificates --no-mtime --encoding utf-8 --user-agent Mozilla/5.0 (Windows NT 10.0; Win64; x64) AppleWebKit/537.36 (KHTML, like Gecko) Chrome/151.0.0.0 Safari/537.36 --ffmpeg-location C:\Users\Administrator\Desktop\下载\ffmpeg\bin\ffmpeg.exe -f bv*+ba/b --merge-output-format mp4 --windows-filenames --socket-timeout 30 --retries 5 --fragment-retries 5 --extractor-retries 3 --file-access-retries 3 --retry-sleep exp=1:30 --buffer-size 16M --trim-filenames 200 --skip-unavailable-fragments -o C:\Users\Administrator\Desktop\下载\_download_temp\job_2_1787378112\source.%(ext)s --no-js-runtimes --js-runtimes node:C:\Program Files\nodejs\node.exe --cookies REDACTED --referer https://www.tiktok.com/search?q=Jack%20Jerry%20prediction%20filter&t=1787376624627 --add-header Referer: https://www.tiktok.com/search?q=Jack%20Jerry%20prediction%20filter&t=1787376624627 --http-chunk-size 10M --add-header Accept: text/html,application/xhtml+xml,application/xml;q=0.9,image/avif,image/webp,image/apng,*/*;q=0.8 --add-header Accept-Language: en-US,en;q=0.9,zh-CN;q=0.8,zh;q=0.7 --add-header Accept-Encoding: gzip, deflate, br --add-header Connection: keep-alive --add-header Upgrade-Insecure-Requests: 1 --add-header Sec-Fetch-Dest: document --add-header Sec-Fetch-Mode: navigate --add-header Sec-Fetch-Site: none --add-header Sec-Fetch-User: ?1 -N 8 https://www.tiktok.com/@jackjerry/video/7516653846811266334
[RESOLVE] task_id=4D5D52 attempt=3 status=START
[CHALLENGE] task_id=4D5D52 attempt=3 challenge_solver=native_python
[RESOLVE] task_id=4D5D52 attempt=3 status=FAILED
[YTDLP RESULT] task_id=4D5D52 attempt=3 resolve=FAILED download=NA error_class=TIKTOK_RESOLVE reason=UNIVERSAL_DATA
[ERROR]
task_id=4D5D52
attempt=3
class=EXTRACTOR
category=TIKTOK_RESOLVE
stage=RESOLVE
reason=UNIVERSAL_DATA
message=ERROR: [TikTok] 7516653846811266334: Unable to extract universal data for rehydration; please report this issue on  https://github.com/yt-dlp/yt-dlp/issues?q= , filling out the appropriate issue template. Confirm you are on the latest version using  yt-dlp -U
action=REFRESH_BROWSER_STATE
challenge_solver=native_python

[YTDLP STDERR]
[TikTok] Extracting URL: https://www.tiktok.com/@jackjerry/video/7516653846811266334
[TikTok] 7516653846811266334: Downloading webpage
[TikTok] Solving JS challenge using native Python implementation
[TikTok] 7516653846811266334: Downloading webpage with challenge cookie
ERROR: [TikTok] 7516653846811266334: Unable to extract universal data for rehydration; please report this issue on  https://github.com/yt-dlp/yt-dlp/issues?q= , filling out the appropriate issue template. Confirm you are on the latest version using  yt-dlp -U

[TIKTOK RECOVERY]
task_id=4D5D52
stage=RESOLVE
attempt=4
reason=UNIVERSAL_DATA
action=REFRESH_COOKIE
action=REFRESH_UA
action=REFRESH_REFERER
action=REBUILD_YTDLP_ARGS
concurrency=8
wait=12s

[REQUEST]
task_id=4D5D52
cookie=true
ua=true
referer=true
concurrency=8
action=REFRESH_BROWSER_STATE
js_runtime_args=--no-js-runtimes --js-runtimes node:C:\Program Files\nodejs\node.exe
cookie_exists=true
cookie_count=45
cookie_size=9899
cookie_mtime=2026-08-22 13:56:07
cookie_header=REDACTED
retry_reason=ERROR: [TikTok] 7516653846811266334: Unable to extract universal data for rehydration; please report this issue on  https://github.com/yt-dlp/yt-dlp/issues?q= , filling out the appropriate issue template. Confirm you are on the latest version using  yt-dlp -U
sessionid=absent
msToken=present
sid_tt=absent
ttwid=absent
tt_chain_token=absent
passport_csrf_token=absent

============================================================
[ATTEMPT]
task_id=4D5D52
attempt=4
concurrency=8
============================================================

[COOKIE]
task_id=4D5D52
source=extension
file=_all_cookies.txt
session_copy=_session_cookie_4D5D52.txt
exists=true
size=9899
mtime=2026-08-22 13:55:05
refreshed=true

[UA]
task_id=4D5D52
source=extension
length=111

[REFERER]
task_id=4D5D52
source=extension
value=https://www.tiktok.com/search?q=Jack+Jerry+prediction+filter&t=1787376624627

[PROXY]
task_id=4D5D52
enabled=false
source=system
value=default

[JS RUNTIME]
task_id=4D5D52
attempt=4
enabled=true
runtime=node
path=C:\Program Files\nodejs\node.exe
js_runtime_args=--no-js-runtimes --js-runtimes node:C:\Program Files\nodejs\node.exe

[YTDLP]
task_id=4D5D52
attempt=4
stage=RESOLVE+DOWNLOAD
concurrency=8
retries=5
extractor_retries=3
fragment_retries=5

[COMMAND] task_id=4D5D52 C:\Users\Administrator\Desktop\下载\bin\yt-dlp.exe --newline --no-warnings --no-playlist --no-check-certificates --no-mtime --encoding utf-8 --user-agent Mozilla/5.0 (Windows NT 10.0; Win64; x64) AppleWebKit/537.36 (KHTML, like Gecko) Chrome/151.0.0.0 Safari/537.36 --ffmpeg-location C:\Users\Administrator\Desktop\下载\ffmpeg\bin\ffmpeg.exe -f bv*+ba/b --merge-output-format mp4 --windows-filenames --socket-timeout 30 --retries 5 --fragment-retries 5 --extractor-retries 3 --file-access-retries 3 --retry-sleep exp=1:30 --buffer-size 16M --trim-filenames 200 --skip-unavailable-fragments -o C:\Users\Administrator\Desktop\下载\_download_temp\job_2_1787378112\source.%(ext)s --no-js-runtimes --js-runtimes node:C:\Program Files\nodejs\node.exe --cookies REDACTED --referer https://www.tiktok.com/search?q=Jack%20Jerry%20prediction%20filter&t=1787376624627 --add-header Referer: https://www.tiktok.com/search?q=Jack%20Jerry%20prediction%20filter&t=1787376624627 --http-chunk-size 10M --add-header Accept: text/html,application/xhtml+xml,application/xml;q=0.9,image/avif,image/webp,image/apng,*/*;q=0.8 --add-header Accept-Language: en-US,en;q=0.9,zh-CN;q=0.8,zh;q=0.7 --add-header Accept-Encoding: gzip, deflate, br --add-header Connection: keep-alive --add-header Upgrade-Insecure-Requests: 1 --add-header Sec-Fetch-Dest: document --add-header Sec-Fetch-Mode: navigate --add-header Sec-Fetch-Site: none --add-header Sec-Fetch-User: ?1 -N 8 https://www.tiktok.com/@jackjerry/video/7516653846811266334
[RESOLVE] task_id=4D5D52 attempt=4 status=START
[CHALLENGE] task_id=4D5D52 attempt=4 challenge_solver=native_python
[RESOLVE] task_id=4D5D52 attempt=4 status=SUCCESS
[DOWNLOAD] task_id=4D5D52 attempt=4 status=SUCCESS
[YTDLP RESULT] task_id=4D5D52 attempt=4 resolve=SUCCESS download=SUCCESS error_class=NA
============================================================
[TIKTOK TASK END]
task_id=4D5D52
result=SUCCESS
attempts=4
elapsed=74.2s
initial_error_class=TIKTOK_RESOLVE
initial_error=UNIVERSAL_DATA
initial_message=NONE
final_error_class=NONE
final_error=NONE
final_failed_stage=NA
============================================================

============================================================
[TASK END]
task_id=4D5D52
result=SUCCESS
attempts=4
elapsed=74.2s
initial_error_class=TIKTOK_RESOLVE
initial_error=UNIVERSAL_DATA
final_error_class=NONE
final_error=NONE
============================================================

============================================================
[TASK START]
task_id=4291FB
platform=tiktok
url=https://www.tiktok.com/@notitsmenicksmithy/video/7574459911367609613
start_time=2026-08-22 13:56:42
============================================================

[ENVIRONMENT]
python_version=3.11.9
os=Windows
yt_dlp_path=C:\Users\Administrator\Desktop\下载\bin\yt-dlp.exe
yt_dlp_version=2026.08.19
node_path=C:\Program Files\nodejs\node.EXE
ffmpeg_path=C:\Users\Administrator\Desktop\下载\ffmpeg\bin\ffmpeg.exe

============================================================
[TIKTOK TASK START]
task_id=4291FB
url=https://www.tiktok.com/@notitsmenicksmithy/video/7574459911367609613
time=2026-08-22 13:56:46
============================================================

[REQUEST]
task_id=4291FB
cookie=true
ua=true
referer=true
concurrency=8
action=INITIAL_READ
js_runtime_args=--no-js-runtimes --js-runtimes node:C:\Program Files\nodejs\node.exe
cookie_exists=true
cookie_count=45
cookie_size=9899
cookie_mtime=2026-08-22 13:56:46
cookie_header=REDACTED
sessionid=absent
msToken=present
sid_tt=absent
ttwid=absent
tt_chain_token=absent
passport_csrf_token=absent

============================================================
[ATTEMPT]
task_id=4291FB
attempt=1
concurrency=8
============================================================

[COOKIE]
task_id=4291FB
source=extension
file=_all_cookies.txt
session_copy=_session_cookie_4291FB.txt
exists=true
size=9899
mtime=2026-08-22 13:55:05
refreshed=true

[UA]
task_id=4291FB
source=extension
length=111

[REFERER]
task_id=4291FB
source=extension
value=https://www.tiktok.com/search?q=Jack+Jerry+prediction+filter&t=1787376624627

[PROXY]
task_id=4291FB
enabled=false
source=system
value=default

[JS RUNTIME]
task_id=4291FB
attempt=1
enabled=true
runtime=node
path=C:\Program Files\nodejs\node.exe
js_runtime_args=--no-js-runtimes --js-runtimes node:C:\Program Files\nodejs\node.exe

[YTDLP]
task_id=4291FB
attempt=1
stage=RESOLVE+DOWNLOAD
concurrency=8
retries=5
extractor_retries=3
fragment_retries=5

[COMMAND] task_id=4291FB C:\Users\Administrator\Desktop\下载\bin\yt-dlp.exe --newline --no-warnings --no-playlist --no-check-certificates --no-mtime --encoding utf-8 --user-agent Mozilla/5.0 (Windows NT 10.0; Win64; x64) AppleWebKit/537.36 (KHTML, like Gecko) Chrome/151.0.0.0 Safari/537.36 --ffmpeg-location C:\Users\Administrator\Desktop\下载\ffmpeg\bin\ffmpeg.exe -f bv*+ba/b --merge-output-format mp4 --windows-filenames --socket-timeout 30 --retries 5 --fragment-retries 5 --extractor-retries 3 --file-access-retries 3 --retry-sleep exp=1:30 --buffer-size 16M --trim-filenames 200 --skip-unavailable-fragments -o C:\Users\Administrator\Desktop\下载\_download_temp\job_3_1787378202\source.%(ext)s --no-js-runtimes --js-runtimes node:C:\Program Files\nodejs\node.exe --cookies REDACTED --referer https://www.tiktok.com/search?q=Jack%20Jerry%20prediction%20filter&t=1787376624627 --add-header Referer: https://www.tiktok.com/search?q=Jack%20Jerry%20prediction%20filter&t=1787376624627 --http-chunk-size 10M --add-header Accept: text/html,application/xhtml+xml,application/xml;q=0.9,image/avif,image/webp,image/apng,*/*;q=0.8 --add-header Accept-Language: en-US,en;q=0.9,zh-CN;q=0.8,zh;q=0.7 --add-header Accept-Encoding: gzip, deflate, br --add-header Connection: keep-alive --add-header Upgrade-Insecure-Requests: 1 --add-header Sec-Fetch-Dest: document --add-header Sec-Fetch-Mode: navigate --add-header Sec-Fetch-Site: none --add-header Sec-Fetch-User: ?1 -N 8 https://www.tiktok.com/@notitsmenicksmithy/video/7574459911367609613
[RESOLVE] task_id=4291FB attempt=1 status=START
[CHALLENGE] task_id=4291FB attempt=1 challenge_solver=native_python
[RESOLVE] task_id=4291FB attempt=1 status=SUCCESS
[DOWNLOAD] task_id=4291FB attempt=1 status=SUCCESS
[YTDLP RESULT] task_id=4291FB attempt=1 resolve=SUCCESS download=SUCCESS error_class=NA
============================================================
[TIKTOK TASK END]
task_id=4291FB
result=SUCCESS
attempts=1
elapsed=21.6s
initial_error_class=NONE
initial_error=NONE
initial_message=NONE
final_error_class=NONE
final_error=NONE
final_failed_stage=NA
============================================================

============================================================
[TASK END]
task_id=4291FB
result=SUCCESS
attempts=1
elapsed=21.6s
initial_error_class=NONE
initial_error=NONE
final_error_class=NONE
final_error=NONE
============================================================

============================================================
[TASK START]
task_id=7030BD
platform=tiktok
url=https://www.tiktok.com/@jakeg_21/video/7490179416308436246
start_time=2026-08-22 13:57:20
============================================================

[ENVIRONMENT]
python_version=3.11.9
os=Windows
yt_dlp_path=C:\Users\Administrator\Desktop\下载\bin\yt-dlp.exe
yt_dlp_version=2026.08.19
node_path=C:\Program Files\nodejs\node.EXE
ffmpeg_path=C:\Users\Administrator\Desktop\下载\ffmpeg\bin\ffmpeg.exe

============================================================
[TIKTOK TASK START]
task_id=7030BD
url=https://www.tiktok.com/@jakeg_21/video/7490179416308436246
time=2026-08-22 13:57:26
============================================================

[REQUEST]
task_id=7030BD
cookie=true
ua=true
referer=true
concurrency=8
action=INITIAL_READ
js_runtime_args=--no-js-runtimes --js-runtimes node:C:\Program Files\nodejs\node.exe
cookie_exists=true
cookie_count=45
cookie_size=9899
cookie_mtime=2026-08-22 13:57:26
cookie_header=REDACTED
sessionid=absent
msToken=present
sid_tt=absent
ttwid=absent
tt_chain_token=absent
passport_csrf_token=absent

============================================================
[ATTEMPT]
task_id=7030BD
attempt=1
concurrency=8
============================================================

[COOKIE]
task_id=7030BD
source=extension
file=_all_cookies.txt
session_copy=_session_cookie_7030BD.txt
exists=true
size=9899
mtime=2026-08-22 13:57:05
refreshed=true

[UA]
task_id=7030BD
source=extension
length=111

[REFERER]
task_id=7030BD
source=extension
value=https://www.tiktok.com/search?q=Jack+Jerry+prediction+filter&t=1787376624627

[PROXY]
task_id=7030BD
enabled=false
source=system
value=default

[JS RUNTIME]
task_id=7030BD
attempt=1
enabled=true
runtime=node
path=C:\Program Files\nodejs\node.exe
js_runtime_args=--no-js-runtimes --js-runtimes node:C:\Program Files\nodejs\node.exe

[YTDLP]
task_id=7030BD
attempt=1
stage=RESOLVE+DOWNLOAD
concurrency=8
retries=5
extractor_retries=3
fragment_retries=5

[COMMAND] task_id=7030BD C:\Users\Administrator\Desktop\下载\bin\yt-dlp.exe --newline --no-warnings --no-playlist --no-check-certificates --no-mtime --encoding utf-8 --user-agent Mozilla/5.0 (Windows NT 10.0; Win64; x64) AppleWebKit/537.36 (KHTML, like Gecko) Chrome/151.0.0.0 Safari/537.36 --ffmpeg-location C:\Users\Administrator\Desktop\下载\ffmpeg\bin\ffmpeg.exe -f bv*+ba/b --merge-output-format mp4 --windows-filenames --socket-timeout 30 --retries 5 --fragment-retries 5 --extractor-retries 3 --file-access-retries 3 --retry-sleep exp=1:30 --buffer-size 16M --trim-filenames 200 --skip-unavailable-fragments -o C:\Users\Administrator\Desktop\下载\_download_temp\job_4_1787378240\source.%(ext)s --no-js-runtimes --js-runtimes node:C:\Program Files\nodejs\node.exe --cookies REDACTED --referer https://www.tiktok.com/search?q=Jack%20Jerry%20prediction%20filter&t=1787376624627 --add-header Referer: https://www.tiktok.com/search?q=Jack%20Jerry%20prediction%20filter&t=1787376624627 --http-chunk-size 10M --add-header Accept: text/html,application/xhtml+xml,application/xml;q=0.9,image/avif,image/webp,image/apng,*/*;q=0.8 --add-header Accept-Language: en-US,en;q=0.9,zh-CN;q=0.8,zh;q=0.7 --add-header Accept-Encoding: gzip, deflate, br --add-header Connection: keep-alive --add-header Upgrade-Insecure-Requests: 1 --add-header Sec-Fetch-Dest: document --add-header Sec-Fetch-Mode: navigate --add-header Sec-Fetch-Site: none --add-header Sec-Fetch-User: ?1 -N 8 https://www.tiktok.com/@jakeg_21/video/7490179416308436246
[RESOLVE] task_id=7030BD attempt=1 status=START
[CHALLENGE] task_id=7030BD attempt=1 challenge_solver=native_python
[RESOLVE] task_id=7030BD attempt=1 status=FAILED
[YTDLP RESULT] task_id=7030BD attempt=1 resolve=FAILED download=NA error_class=TIKTOK_RESOLVE reason=UNIVERSAL_DATA
[ERROR]
task_id=7030BD
attempt=1
class=EXTRACTOR
category=TIKTOK_RESOLVE
stage=RESOLVE
reason=UNIVERSAL_DATA
message=ERROR: [TikTok] 7490179416308436246: Unable to extract universal data for rehydration; please report this issue on  https://github.com/yt-dlp/yt-dlp/issues?q= , filling out the appropriate issue template. Confirm you are on the latest version using  yt-dlp -U
action=INITIAL_READ
challenge_solver=native_python

[YTDLP STDERR]
[TikTok] Extracting URL: https://www.tiktok.com/@jakeg_21/video/7490179416308436246
[TikTok] 7490179416308436246: Downloading webpage
[TikTok] Solving JS challenge using native Python implementation
[TikTok] 7490179416308436246: Downloading webpage with challenge cookie
ERROR: [TikTok] 7490179416308436246: Unable to extract universal data for rehydration; please report this issue on  https://github.com/yt-dlp/yt-dlp/issues?q= , filling out the appropriate issue template. Confirm you are on the latest version using  yt-dlp -U

[TIKTOK RECOVERY]
task_id=7030BD
stage=RESOLVE
attempt=2
reason=UNIVERSAL_DATA
action=REFRESH_COOKIE
action=REFRESH_UA
action=REFRESH_REFERER
action=REBUILD_YTDLP_ARGS
concurrency=8
wait=2s

[REQUEST]
task_id=7030BD
cookie=true
ua=true
referer=true
concurrency=8
action=REFRESH_BROWSER_STATE
js_runtime_args=--no-js-runtimes --js-runtimes node:C:\Program Files\nodejs\node.exe
cookie_exists=true
cookie_count=45
cookie_size=9899
cookie_mtime=2026-08-22 13:57:39
cookie_header=REDACTED
retry_reason=ERROR: [TikTok] 7490179416308436246: Unable to extract universal data for rehydration; please report this issue on  https://github.com/yt-dlp/yt-dlp/issues?q= , filling out the appropriate issue template. Confirm you are on the latest version using  yt-dlp -U
sessionid=absent
msToken=present
sid_tt=absent
ttwid=absent
tt_chain_token=absent
passport_csrf_token=absent

============================================================
[ATTEMPT]
task_id=7030BD
attempt=2
concurrency=8
============================================================

[COOKIE]
task_id=7030BD
source=extension
file=_all_cookies.txt
session_copy=_session_cookie_7030BD.txt
exists=true
size=9899
mtime=2026-08-22 13:57:05
refreshed=true

[UA]
task_id=7030BD
source=extension
length=111

[REFERER]
task_id=7030BD
source=extension
value=https://www.tiktok.com/search?q=Jack+Jerry+prediction+filter&t=1787376624627

[PROXY]
task_id=7030BD
enabled=false
source=system
value=default

[JS RUNTIME]
task_id=7030BD
attempt=2
enabled=true
runtime=node
path=C:\Program Files\nodejs\node.exe
js_runtime_args=--no-js-runtimes --js-runtimes node:C:\Program Files\nodejs\node.exe

[YTDLP]
task_id=7030BD
attempt=2
stage=RESOLVE+DOWNLOAD
concurrency=8
retries=5
extractor_retries=3
fragment_retries=5

[COMMAND] task_id=7030BD C:\Users\Administrator\Desktop\下载\bin\yt-dlp.exe --newline --no-warnings --no-playlist --no-check-certificates --no-mtime --encoding utf-8 --user-agent Mozilla/5.0 (Windows NT 10.0; Win64; x64) AppleWebKit/537.36 (KHTML, like Gecko) Chrome/151.0.0.0 Safari/537.36 --ffmpeg-location C:\Users\Administrator\Desktop\下载\ffmpeg\bin\ffmpeg.exe -f bv*+ba/b --merge-output-format mp4 --windows-filenames --socket-timeout 30 --retries 5 --fragment-retries 5 --extractor-retries 3 --file-access-retries 3 --retry-sleep exp=1:30 --buffer-size 16M --trim-filenames 200 --skip-unavailable-fragments -o C:\Users\Administrator\Desktop\下载\_download_temp\job_4_1787378240\source.%(ext)s --no-js-runtimes --js-runtimes node:C:\Program Files\nodejs\node.exe --cookies REDACTED --referer https://www.tiktok.com/search?q=Jack%20Jerry%20prediction%20filter&t=1787376624627 --add-header Referer: https://www.tiktok.com/search?q=Jack%20Jerry%20prediction%20filter&t=1787376624627 --http-chunk-size 10M --add-header Accept: text/html,application/xhtml+xml,application/xml;q=0.9,image/avif,image/webp,image/apng,*/*;q=0.8 --add-header Accept-Language: en-US,en;q=0.9,zh-CN;q=0.8,zh;q=0.7 --add-header Accept-Encoding: gzip, deflate, br --add-header Connection: keep-alive --add-header Upgrade-Insecure-Requests: 1 --add-header Sec-Fetch-Dest: document --add-header Sec-Fetch-Mode: navigate --add-header Sec-Fetch-Site: none --add-header Sec-Fetch-User: ?1 -N 8 https://www.tiktok.com/@jakeg_21/video/7490179416308436246
[RESOLVE] task_id=7030BD attempt=2 status=START
[CHALLENGE] task_id=7030BD attempt=2 challenge_solver=native_python
[RESOLVE] task_id=7030BD attempt=2 status=FAILED
[YTDLP RESULT] task_id=7030BD attempt=2 resolve=FAILED download=NA error_class=TIKTOK_RESOLVE reason=UNIVERSAL_DATA
[ERROR]
task_id=7030BD
attempt=2
class=EXTRACTOR
category=TIKTOK_RESOLVE
stage=RESOLVE
reason=UNIVERSAL_DATA
message=ERROR: [TikTok] 7490179416308436246: Unable to extract universal data for rehydration; please report this issue on  https://github.com/yt-dlp/yt-dlp/issues?q= , filling out the appropriate issue template. Confirm you are on the latest version using  yt-dlp -U
action=REFRESH_BROWSER_STATE
challenge_solver=native_python

[YTDLP STDERR]
[TikTok] Extracting URL: https://www.tiktok.com/@jakeg_21/video/7490179416308436246
[TikTok] 7490179416308436246: Downloading webpage
[TikTok] Solving JS challenge using native Python implementation
[TikTok] 7490179416308436246: Downloading webpage with challenge cookie
ERROR: [TikTok] 7490179416308436246: Unable to extract universal data for rehydration; please report this issue on  https://github.com/yt-dlp/yt-dlp/issues?q= , filling out the appropriate issue template. Confirm you are on the latest version using  yt-dlp -U

[TIKTOK RECOVERY]
task_id=7030BD
stage=RESOLVE
attempt=3
reason=UNIVERSAL_DATA
action=REFRESH_COOKIE
action=REFRESH_UA
action=REFRESH_REFERER
action=REBUILD_YTDLP_ARGS
concurrency=8
wait=6s

[REQUEST]
task_id=7030BD
cookie=true
ua=true
referer=true
concurrency=8
action=REFRESH_BROWSER_STATE
js_runtime_args=--no-js-runtimes --js-runtimes node:C:\Program Files\nodejs\node.exe
cookie_exists=true
cookie_count=45
cookie_size=9899
cookie_mtime=2026-08-22 13:57:57
cookie_header=REDACTED
retry_reason=ERROR: [TikTok] 7490179416308436246: Unable to extract universal data for rehydration; please report this issue on  https://github.com/yt-dlp/yt-dlp/issues?q= , filling out the appropriate issue template. Confirm you are on the latest version using  yt-dlp -U
sessionid=absent
msToken=present
sid_tt=absent
ttwid=absent
tt_chain_token=absent
passport_csrf_token=absent

============================================================
[ATTEMPT]
task_id=7030BD
attempt=3
concurrency=8
============================================================

[COOKIE]
task_id=7030BD
source=extension
file=_all_cookies.txt
session_copy=_session_cookie_7030BD.txt
exists=true
size=9899
mtime=2026-08-22 13:57:05
refreshed=true

[UA]
task_id=7030BD
source=extension
length=111

[REFERER]
task_id=7030BD
source=extension
value=https://www.tiktok.com/search?q=Jack+Jerry+prediction+filter&t=1787376624627

[PROXY]
task_id=7030BD
enabled=false
source=system
value=default

[JS RUNTIME]
task_id=7030BD
attempt=3
enabled=true
runtime=node
path=C:\Program Files\nodejs\node.exe
js_runtime_args=--no-js-runtimes --js-runtimes node:C:\Program Files\nodejs\node.exe

[YTDLP]
task_id=7030BD
attempt=3
stage=RESOLVE+DOWNLOAD
concurrency=8
retries=5
extractor_retries=3
fragment_retries=5

[COMMAND] task_id=7030BD C:\Users\Administrator\Desktop\下载\bin\yt-dlp.exe --newline --no-warnings --no-playlist --no-check-certificates --no-mtime --encoding utf-8 --user-agent Mozilla/5.0 (Windows NT 10.0; Win64; x64) AppleWebKit/537.36 (KHTML, like Gecko) Chrome/151.0.0.0 Safari/537.36 --ffmpeg-location C:\Users\Administrator\Desktop\下载\ffmpeg\bin\ffmpeg.exe -f bv*+ba/b --merge-output-format mp4 --windows-filenames --socket-timeout 30 --retries 5 --fragment-retries 5 --extractor-retries 3 --file-access-retries 3 --retry-sleep exp=1:30 --buffer-size 16M --trim-filenames 200 --skip-unavailable-fragments -o C:\Users\Administrator\Desktop\下载\_download_temp\job_4_1787378240\source.%(ext)s --no-js-runtimes --js-runtimes node:C:\Program Files\nodejs\node.exe --cookies REDACTED --referer https://www.tiktok.com/search?q=Jack%20Jerry%20prediction%20filter&t=1787376624627 --add-header Referer: https://www.tiktok.com/search?q=Jack%20Jerry%20prediction%20filter&t=1787376624627 --http-chunk-size 10M --add-header Accept: text/html,application/xhtml+xml,application/xml;q=0.9,image/avif,image/webp,image/apng,*/*;q=0.8 --add-header Accept-Language: en-US,en;q=0.9,zh-CN;q=0.8,zh;q=0.7 --add-header Accept-Encoding: gzip, deflate, br --add-header Connection: keep-alive --add-header Upgrade-Insecure-Requests: 1 --add-header Sec-Fetch-Dest: document --add-header Sec-Fetch-Mode: navigate --add-header Sec-Fetch-Site: none --add-header Sec-Fetch-User: ?1 -N 8 https://www.tiktok.com/@jakeg_21/video/7490179416308436246
[RESOLVE] task_id=7030BD attempt=3 status=START
[CHALLENGE] task_id=7030BD attempt=3 challenge_solver=native_python
[RESOLVE] task_id=7030BD attempt=3 status=FAILED
[YTDLP RESULT] task_id=7030BD attempt=3 resolve=FAILED download=NA error_class=TIKTOK_RESOLVE reason=UNIVERSAL_DATA
[ERROR]
task_id=7030BD
attempt=3
class=EXTRACTOR
category=TIKTOK_RESOLVE
stage=RESOLVE
reason=UNIVERSAL_DATA
message=ERROR: [TikTok] 7490179416308436246: Unable to extract universal data for rehydration; please report this issue on  https://github.com/yt-dlp/yt-dlp/issues?q= , filling out the appropriate issue template. Confirm you are on the latest version using  yt-dlp -U
action=REFRESH_BROWSER_STATE
challenge_solver=native_python

[YTDLP STDERR]
[TikTok] Extracting URL: https://www.tiktok.com/@jakeg_21/video/7490179416308436246
[TikTok] 7490179416308436246: Downloading webpage
[TikTok] Solving JS challenge using native Python implementation
[TikTok] 7490179416308436246: Downloading webpage with challenge cookie
ERROR: [TikTok] 7490179416308436246: Unable to extract universal data for rehydration; please report this issue on  https://github.com/yt-dlp/yt-dlp/issues?q= , filling out the appropriate issue template. Confirm you are on the latest version using  yt-dlp -U

[TIKTOK RECOVERY]
task_id=7030BD
stage=RESOLVE
attempt=4
reason=UNIVERSAL_DATA
action=REFRESH_COOKIE
action=REFRESH_UA
action=REFRESH_REFERER
action=REBUILD_YTDLP_ARGS
concurrency=8
wait=12s

[REQUEST]
task_id=7030BD
cookie=true
ua=true
referer=true
concurrency=8
action=REFRESH_BROWSER_STATE
js_runtime_args=--no-js-runtimes --js-runtimes node:C:\Program Files\nodejs\node.exe
cookie_exists=true
cookie_count=45
cookie_size=9899
cookie_mtime=2026-08-22 13:58:27
cookie_header=REDACTED
retry_reason=ERROR: [TikTok] 7490179416308436246: Unable to extract universal data for rehydration; please report this issue on  https://github.com/yt-dlp/yt-dlp/issues?q= , filling out the appropriate issue template. Confirm you are on the latest version using  yt-dlp -U
sessionid=absent
msToken=present
sid_tt=absent
ttwid=absent
tt_chain_token=absent
passport_csrf_token=absent

============================================================
[ATTEMPT]
task_id=7030BD
attempt=4
concurrency=8
============================================================

[COOKIE]
task_id=7030BD
source=extension
file=_all_cookies.txt
session_copy=_session_cookie_7030BD.txt
exists=true
size=9899
mtime=2026-08-22 13:57:05
refreshed=true

[UA]
task_id=7030BD
source=extension
length=111

[REFERER]
task_id=7030BD
source=extension
value=https://www.tiktok.com/search?q=Jack+Jerry+prediction+filter&t=1787376624627

[PROXY]
task_id=7030BD
enabled=false
source=system
value=default

[JS RUNTIME]
task_id=7030BD
attempt=4
enabled=true
runtime=node
path=C:\Program Files\nodejs\node.exe
js_runtime_args=--no-js-runtimes --js-runtimes node:C:\Program Files\nodejs\node.exe

[YTDLP]
task_id=7030BD
attempt=4
stage=RESOLVE+DOWNLOAD
concurrency=8
retries=5
extractor_retries=3
fragment_retries=5

[COMMAND] task_id=7030BD C:\Users\Administrator\Desktop\下载\bin\yt-dlp.exe --newline --no-warnings --no-playlist --no-check-certificates --no-mtime --encoding utf-8 --user-agent Mozilla/5.0 (Windows NT 10.0; Win64; x64) AppleWebKit/537.36 (KHTML, like Gecko) Chrome/151.0.0.0 Safari/537.36 --ffmpeg-location C:\Users\Administrator\Desktop\下载\ffmpeg\bin\ffmpeg.exe -f bv*+ba/b --merge-output-format mp4 --windows-filenames --socket-timeout 30 --retries 5 --fragment-retries 5 --extractor-retries 3 --file-access-retries 3 --retry-sleep exp=1:30 --buffer-size 16M --trim-filenames 200 --skip-unavailable-fragments -o C:\Users\Administrator\Desktop\下载\_download_temp\job_4_1787378240\source.%(ext)s --no-js-runtimes --js-runtimes node:C:\Program Files\nodejs\node.exe --cookies REDACTED --referer https://www.tiktok.com/search?q=Jack%20Jerry%20prediction%20filter&t=1787376624627 --add-header Referer: https://www.tiktok.com/search?q=Jack%20Jerry%20prediction%20filter&t=1787376624627 --http-chunk-size 10M --add-header Accept: text/html,application/xhtml+xml,application/xml;q=0.9,image/avif,image/webp,image/apng,*/*;q=0.8 --add-header Accept-Language: en-US,en;q=0.9,zh-CN;q=0.8,zh;q=0.7 --add-header Accept-Encoding: gzip, deflate, br --add-header Connection: keep-alive --add-header Upgrade-Insecure-Requests: 1 --add-header Sec-Fetch-Dest: document --add-header Sec-Fetch-Mode: navigate --add-header Sec-Fetch-Site: none --add-header Sec-Fetch-User: ?1 -N 8 https://www.tiktok.com/@jakeg_21/video/7490179416308436246
[RESOLVE] task_id=7030BD attempt=4 status=START
[CHALLENGE] task_id=7030BD attempt=4 challenge_solver=native_python
[RESOLVE] task_id=7030BD attempt=4 status=SUCCESS
[DOWNLOAD] task_id=7030BD attempt=4 status=SUCCESS
[YTDLP RESULT] task_id=7030BD attempt=4 resolve=SUCCESS download=SUCCESS error_class=NA
============================================================
[TIKTOK TASK END]
task_id=7030BD
result=SUCCESS
attempts=4
elapsed=80.2s
initial_error_class=TIKTOK_RESOLVE
initial_error=UNIVERSAL_DATA
initial_message=NONE
final_error_class=NONE
final_error=NONE
final_failed_stage=NA
============================================================

============================================================
[TASK END]
task_id=7030BD
result=SUCCESS
attempts=4
elapsed=80.3s
initial_error_class=TIKTOK_RESOLVE
initial_error=UNIVERSAL_DATA
final_error_class=NONE
final_error=NONE
============================================================

============================================================
[TASK START]
task_id=CD026E
platform=tiktok
url=https://www.tiktok.com/@jackjerry/video/7505139951973960990
start_time=2026-08-22 13:58:50
============================================================

[ENVIRONMENT]
python_version=3.11.9
os=Windows
yt_dlp_path=C:\Users\Administrator\Desktop\下载\bin\yt-dlp.exe
yt_dlp_version=2026.08.19
node_path=C:\Program Files\nodejs\node.EXE
ffmpeg_path=C:\Users\Administrator\Desktop\下载\ffmpeg\bin\ffmpeg.exe

============================================================
[TIKTOK TASK START]
task_id=CD026E
url=https://www.tiktok.com/@jackjerry/video/7505139951973960990
time=2026-08-22 13:58:53
============================================================

[REQUEST]
task_id=CD026E
cookie=true
ua=true
referer=true
concurrency=8
action=INITIAL_READ
js_runtime_args=--no-js-runtimes --js-runtimes node:C:\Program Files\nodejs\node.exe
cookie_exists=true
cookie_count=45
cookie_size=9899
cookie_mtime=2026-08-22 13:58:54
cookie_header=REDACTED
sessionid=absent
msToken=present
sid_tt=absent
ttwid=absent
tt_chain_token=absent
passport_csrf_token=absent

============================================================
[ATTEMPT]
task_id=CD026E
attempt=1
concurrency=8
============================================================

[COOKIE]
task_id=CD026E
source=extension
file=_all_cookies.txt
session_copy=_session_cookie_CD026E.txt
exists=true
size=9899
mtime=2026-08-22 13:58:37
refreshed=true

[UA]
task_id=CD026E
source=extension
length=111

[REFERER]
task_id=CD026E
source=extension
value=https://www.tiktok.com/search?q=Jack+Jerry+prediction+filter&t=1787376624627

[PROXY]
task_id=CD026E
enabled=false
source=system
value=default

[JS RUNTIME]
task_id=CD026E
attempt=1
enabled=true
runtime=node
path=C:\Program Files\nodejs\node.exe
js_runtime_args=--no-js-runtimes --js-runtimes node:C:\Program Files\nodejs\node.exe

[YTDLP]
task_id=CD026E
attempt=1
stage=RESOLVE+DOWNLOAD
concurrency=8
retries=5
extractor_retries=3
fragment_retries=5

[COMMAND] task_id=CD026E C:\Users\Administrator\Desktop\下载\bin\yt-dlp.exe --newline --no-warnings --no-playlist --no-check-certificates --no-mtime --encoding utf-8 --user-agent Mozilla/5.0 (Windows NT 10.0; Win64; x64) AppleWebKit/537.36 (KHTML, like Gecko) Chrome/151.0.0.0 Safari/537.36 --ffmpeg-location C:\Users\Administrator\Desktop\下载\ffmpeg\bin\ffmpeg.exe -f bv*+ba/b --merge-output-format mp4 --windows-filenames --socket-timeout 30 --retries 5 --fragment-retries 5 --extractor-retries 3 --file-access-retries 3 --retry-sleep exp=1:30 --buffer-size 16M --trim-filenames 200 --skip-unavailable-fragments -o C:\Users\Administrator\Desktop\下载\_download_temp\job_5_1787378330\source.%(ext)s --no-js-runtimes --js-runtimes node:C:\Program Files\nodejs\node.exe --cookies REDACTED --referer https://www.tiktok.com/search?q=Jack%20Jerry%20prediction%20filter&t=1787376624627 --add-header Referer: https://www.tiktok.com/search?q=Jack%20Jerry%20prediction%20filter&t=1787376624627 --http-chunk-size 10M --add-header Accept: text/html,application/xhtml+xml,application/xml;q=0.9,image/avif,image/webp,image/apng,*/*;q=0.8 --add-header Accept-Language: en-US,en;q=0.9,zh-CN;q=0.8,zh;q=0.7 --add-header Accept-Encoding: gzip, deflate, br --add-header Connection: keep-alive --add-header Upgrade-Insecure-Requests: 1 --add-header Sec-Fetch-Dest: document --add-header Sec-Fetch-Mode: navigate --add-header Sec-Fetch-Site: none --add-header Sec-Fetch-User: ?1 -N 8 https://www.tiktok.com/@jackjerry/video/7505139951973960990
[RESOLVE] task_id=CD026E attempt=1 status=START
[CHALLENGE] task_id=CD026E attempt=1 challenge_solver=native_python
[RESOLVE] task_id=CD026E attempt=1 status=FAILED
[YTDLP RESULT] task_id=CD026E attempt=1 resolve=FAILED download=NA error_class=TIKTOK_RESOLVE reason=UNIVERSAL_DATA
[ERROR]
task_id=CD026E
attempt=1
class=EXTRACTOR
category=TIKTOK_RESOLVE
stage=RESOLVE
reason=UNIVERSAL_DATA
message=ERROR: [TikTok] 7505139951973960990: Unable to extract universal data for rehydration; please report this issue on  https://github.com/yt-dlp/yt-dlp/issues?q= , filling out the appropriate issue template. Confirm you are on the latest version using  yt-dlp -U
action=INITIAL_READ
challenge_solver=native_python

[YTDLP STDERR]
[TikTok] Extracting URL: https://www.tiktok.com/@jackjerry/video/7505139951973960990
[TikTok] 7505139951973960990: Downloading webpage
[TikTok] Solving JS challenge using native Python implementation
[TikTok] 7505139951973960990: Downloading webpage with challenge cookie
ERROR: [TikTok] 7505139951973960990: Unable to extract universal data for rehydration; please report this issue on  https://github.com/yt-dlp/yt-dlp/issues?q= , filling out the appropriate issue template. Confirm you are on the latest version using  yt-dlp -U

[TIKTOK RECOVERY]
task_id=CD026E
stage=RESOLVE
attempt=2
reason=UNIVERSAL_DATA
action=REFRESH_COOKIE
action=REFRESH_UA
action=REFRESH_REFERER
action=REBUILD_YTDLP_ARGS
concurrency=8
wait=2s

[REQUEST]
task_id=CD026E
cookie=true
ua=true
referer=true
concurrency=8
action=REFRESH_BROWSER_STATE
js_runtime_args=--no-js-runtimes --js-runtimes node:C:\Program Files\nodejs\node.exe
cookie_exists=true
cookie_count=45
cookie_size=9899
cookie_mtime=2026-08-22 13:59:18
cookie_header=REDACTED
retry_reason=ERROR: [TikTok] 7505139951973960990: Unable to extract universal data for rehydration; please report this issue on  https://github.com/yt-dlp/yt-dlp/issues?q= , filling out the appropriate issue template. Confirm you are on the latest version using  yt-dlp -U
sessionid=absent
msToken=present
sid_tt=absent
ttwid=absent
tt_chain_token=absent
passport_csrf_token=absent

============================================================
[ATTEMPT]
task_id=CD026E
attempt=2
concurrency=8
============================================================

[COOKIE]
task_id=CD026E
source=extension
file=_all_cookies.txt
session_copy=_session_cookie_CD026E.txt
exists=true
size=9899
mtime=2026-08-22 13:59:05
refreshed=true

[UA]
task_id=CD026E
source=extension
length=111

[REFERER]
task_id=CD026E
source=extension
value=https://www.tiktok.com/search?q=Jack+Jerry+prediction+filter&t=1787376624627

[PROXY]
task_id=CD026E
enabled=false
source=system
value=default

[JS RUNTIME]
task_id=CD026E
attempt=2
enabled=true
runtime=node
path=C:\Program Files\nodejs\node.exe
js_runtime_args=--no-js-runtimes --js-runtimes node:C:\Program Files\nodejs\node.exe

[YTDLP]
task_id=CD026E
attempt=2
stage=RESOLVE+DOWNLOAD
concurrency=8
retries=5
extractor_retries=3
fragment_retries=5

[COMMAND] task_id=CD026E C:\Users\Administrator\Desktop\下载\bin\yt-dlp.exe --newline --no-warnings --no-playlist --no-check-certificates --no-mtime --encoding utf-8 --user-agent Mozilla/5.0 (Windows NT 10.0; Win64; x64) AppleWebKit/537.36 (KHTML, like Gecko) Chrome/151.0.0.0 Safari/537.36 --ffmpeg-location C:\Users\Administrator\Desktop\下载\ffmpeg\bin\ffmpeg.exe -f bv*+ba/b --merge-output-format mp4 --windows-filenames --socket-timeout 30 --retries 5 --fragment-retries 5 --extractor-retries 3 --file-access-retries 3 --retry-sleep exp=1:30 --buffer-size 16M --trim-filenames 200 --skip-unavailable-fragments -o C:\Users\Administrator\Desktop\下载\_download_temp\job_5_1787378330\source.%(ext)s --no-js-runtimes --js-runtimes node:C:\Program Files\nodejs\node.exe --cookies REDACTED --referer https://www.tiktok.com/search?q=Jack%20Jerry%20prediction%20filter&t=1787376624627 --add-header Referer: https://www.tiktok.com/search?q=Jack%20Jerry%20prediction%20filter&t=1787376624627 --http-chunk-size 10M --add-header Accept: text/html,application/xhtml+xml,application/xml;q=0.9,image/avif,image/webp,image/apng,*/*;q=0.8 --add-header Accept-Language: en-US,en;q=0.9,zh-CN;q=0.8,zh;q=0.7 --add-header Accept-Encoding: gzip, deflate, br --add-header Connection: keep-alive --add-header Upgrade-Insecure-Requests: 1 --add-header Sec-Fetch-Dest: document --add-header Sec-Fetch-Mode: navigate --add-header Sec-Fetch-Site: none --add-header Sec-Fetch-User: ?1 -N 8 https://www.tiktok.com/@jackjerry/video/7505139951973960990
[RESOLVE] task_id=CD026E attempt=2 status=START
[CHALLENGE] task_id=CD026E attempt=2 challenge_solver=native_python
[RESOLVE] task_id=CD026E attempt=2 status=FAILED
[YTDLP RESULT] task_id=CD026E attempt=2 resolve=FAILED download=NA error_class=TIKTOK_RESOLVE reason=UNIVERSAL_DATA
[ERROR]
task_id=CD026E
attempt=2
class=EXTRACTOR
category=TIKTOK_RESOLVE
stage=RESOLVE
reason=UNIVERSAL_DATA
message=ERROR: [TikTok] 7505139951973960990: Unable to extract universal data for rehydration; please report this issue on  https://github.com/yt-dlp/yt-dlp/issues?q= , filling out the appropriate issue template. Confirm you are on the latest version using  yt-dlp -U
action=REFRESH_BROWSER_STATE
challenge_solver=native_python

[YTDLP STDERR]
[TikTok] Extracting URL: https://www.tiktok.com/@jackjerry/video/7505139951973960990
[TikTok] 7505139951973960990: Downloading webpage
[TikTok] Solving JS challenge using native Python implementation
[TikTok] 7505139951973960990: Downloading webpage with challenge cookie
ERROR: [TikTok] 7505139951973960990: Unable to extract universal data for rehydration; please report this issue on  https://github.com/yt-dlp/yt-dlp/issues?q= , filling out the appropriate issue template. Confirm you are on the latest version using  yt-dlp -U

[TIKTOK RECOVERY]
task_id=CD026E
stage=RESOLVE
attempt=3
reason=UNIVERSAL_DATA
action=REFRESH_COOKIE
action=REFRESH_UA
action=REFRESH_REFERER
action=REBUILD_YTDLP_ARGS
concurrency=8
wait=6s

============================================================
[TIKTOK TASK END]
task_id=CD026E
result=ABORTED
attempts=2
elapsed=44.3s
initial_error_class=TIKTOK_RESOLVE
initial_error=UNIVERSAL_DATA
initial_message=ERROR: [TikTok] 7505139951973960990: Unable to extract universal data for rehydration; please report this issue on  https://github.com/yt-dlp/yt-dlp/issues?q= , filling out the appropriate issue template. Confirm you are on the latest version using  yt-dlp -U
final_error_class=TIKTOK_RESOLVE
final_error=UNIVERSAL_DATA
final_failed_stage=NA
============================================================

============================================================
[TASK END]
task_id=CD026E
result=ABORTED
attempts=2
elapsed=44.3s
initial_error_class=TIKTOK_RESOLVE
initial_error=UNIVERSAL_DATA
final_error_class=TIKTOK_RESOLVE
final_error=UNIVERSAL_DATA
============================================================

[YT-DLP]
path=C:\Users\Administrator\Desktop\下载\bin\yt-dlp.exe
version=2026.08.19
source=local

[ENVIRONMENT CHECK]
Python=OK (3.11.9)
FFmpeg=OK
NVENC=OK
Node.js=OK
yt-dlp=OK
yt-dlp版本=2026.08.19
Cookie=OK
Extension=OK
Proxy=SYSTEM
Chrome CDP=DISABLED

[yt-dlp] version=2026.08.19 source=local update_check=skipped(0h ago)
============================================================
[TASK START]
task_id=E85BC5
platform=youtube
url=https://www.youtube.com/shorts/X3P5aRdYURw
start_time=2026-08-22 14:22:57
============================================================

[ENVIRONMENT]
python_version=3.11.9
os=Windows
yt_dlp_path=C:\Users\Administrator\Desktop\下载\bin\yt-dlp.exe
yt_dlp_version=2026.08.19
node_path=C:\Program Files\nodejs\node.EXE
ffmpeg_path=C:\Users\Administrator\Desktop\下载\ffmpeg\bin\ffmpeg.exe

[REQUEST]
task_id=E85BC5
cookie=true
ua=true
referer=false
concurrency=NA
action=NA
js_runtime_args=NA
cookie_exists=true
cookie_count=45
cookie_size=9899
cookie_mtime=2026-08-22 14:23:01
cookie_header=REDACTED
sessionid=absent
msToken=present
sid_tt=absent
ttwid=absent
tt_chain_token=absent
passport_csrf_token=absent

============================================================
[ATTEMPT]
task_id=E85BC5
attempt=1
concurrency=NA
============================================================

============================================================
[TASK END]
task_id=E85BC5
result=SUCCESS
attempts=1
elapsed=229.6s
initial_error_class=NONE
initial_error=NONE
final_error_class=NONE
final_error=NONE
============================================================

============================================================
[TASK START]
task_id=150A67
platform=tiktok
url=https://www.tiktok.com/@mark.ohh7/video/7516353547793861931
start_time=2026-08-22 14:27:06
============================================================

[ENVIRONMENT]
python_version=3.11.9
os=Windows
yt_dlp_path=C:\Users\Administrator\Desktop\下载\bin\yt-dlp.exe
yt_dlp_version=2026.08.19
node_path=C:\Program Files\nodejs\node.EXE
ffmpeg_path=C:\Users\Administrator\Desktop\下载\ffmpeg\bin\ffmpeg.exe

============================================================
[TIKTOK TASK START]
task_id=150A67
url=https://www.tiktok.com/@mark.ohh7/video/7516353547793861931
time=2026-08-22 14:27:10
============================================================

[REQUEST]
task_id=150A67
cookie=true
ua=true
referer=true
concurrency=8
action=INITIAL_READ
js_runtime_args=--no-js-runtimes --js-runtimes node:C:\Program Files\nodejs\node.exe
cookie_exists=true
cookie_count=45
cookie_size=9899
cookie_mtime=2026-08-22 14:27:10
cookie_header=REDACTED
sessionid=absent
msToken=present
sid_tt=absent
ttwid=absent
tt_chain_token=absent
passport_csrf_token=absent

============================================================
[ATTEMPT]
task_id=150A67
attempt=1
concurrency=8
============================================================

[COOKIE]
task_id=150A67
source=extension
file=_all_cookies.txt
session_copy=_session_cookie_150A67.txt
exists=true
size=9899
mtime=2026-08-22 14:27:06
refreshed=true

[UA]
task_id=150A67
source=extension
length=111

[REFERER]
task_id=150A67
source=extension
value=https://www.tiktok.com/search?q=Jack+Jerry+prediction+filter&t=1787376624627

[PROXY]
task_id=150A67
enabled=false
source=system
value=default

[JS RUNTIME]
task_id=150A67
attempt=1
enabled=true
runtime=node
path=C:\Program Files\nodejs\node.exe
js_runtime_args=--no-js-runtimes --js-runtimes node:C:\Program Files\nodejs\node.exe

[YTDLP]
task_id=150A67
attempt=1
stage=RESOLVE+DOWNLOAD
concurrency=8
retries=5
extractor_retries=3
fragment_retries=5

[COMMAND] task_id=150A67 C:\Users\Administrator\Desktop\下载\bin\yt-dlp.exe --newline --no-warnings --no-playlist --no-check-certificates --no-mtime --encoding utf-8 --user-agent Mozilla/5.0 (Windows NT 10.0; Win64; x64) AppleWebKit/537.36 (KHTML, like Gecko) Chrome/151.0.0.0 Safari/537.36 --ffmpeg-location C:\Users\Administrator\Desktop\下载\ffmpeg\bin\ffmpeg.exe -f bv*+ba/b --merge-output-format mp4 --windows-filenames --socket-timeout 30 --retries 5 --fragment-retries 5 --extractor-retries 3 --file-access-retries 3 --retry-sleep exp=1:30 --buffer-size 16M --trim-filenames 200 --skip-unavailable-fragments -o C:\Users\Administrator\Desktop\下载\_download_temp\job_2_1787380026\source.%(ext)s --no-js-runtimes --js-runtimes node:C:\Program Files\nodejs\node.exe --cookies REDACTED --referer https://www.tiktok.com/search?q=Jack%20Jerry%20prediction%20filter&t=1787376624627 --add-header Referer: https://www.tiktok.com/search?q=Jack%20Jerry%20prediction%20filter&t=1787376624627 --http-chunk-size 10M --add-header Accept: text/html,application/xhtml+xml,application/xml;q=0.9,image/avif,image/webp,image/apng,*/*;q=0.8 --add-header Accept-Language: en-US,en;q=0.9,zh-CN;q=0.8,zh;q=0.7 --add-header Accept-Encoding: gzip, deflate, br --add-header Connection: keep-alive --add-header Upgrade-Insecure-Requests: 1 --add-header Sec-Fetch-Dest: document --add-header Sec-Fetch-Mode: navigate --add-header Sec-Fetch-Site: none --add-header Sec-Fetch-User: ?1 -N 8 https://www.tiktok.com/@mark.ohh7/video/7516353547793861931
[RESOLVE] task_id=150A67 attempt=1 status=START
[CHALLENGE] task_id=150A67 attempt=1 challenge_solver=native_python
[RESOLVE] task_id=150A67 attempt=1 status=FAILED
[YTDLP RESULT] task_id=150A67 attempt=1 resolve=FAILED download=NA error_class=TIKTOK_RESOLVE reason=UNIVERSAL_DATA
[ERROR]
task_id=150A67
attempt=1
class=EXTRACTOR
category=TIKTOK_RESOLVE
stage=RESOLVE
reason=UNIVERSAL_DATA
message=ERROR: [TikTok] 7516353547793861931: Unable to extract universal data for rehydration; please report this issue on  https://github.com/yt-dlp/yt-dlp/issues?q= , filling out the appropriate issue template. Confirm you are on the latest version using  yt-dlp -U
action=INITIAL_READ
challenge_solver=native_python

[YTDLP STDERR]
[TikTok] Extracting URL: https://www.tiktok.com/@mark.ohh7/video/7516353547793861931
[TikTok] 7516353547793861931: Downloading webpage
[TikTok] Solving JS challenge using native Python implementation
[TikTok] 7516353547793861931: Downloading webpage with challenge cookie
ERROR: [TikTok] 7516353547793861931: Unable to extract universal data for rehydration; please report this issue on  https://github.com/yt-dlp/yt-dlp/issues?q= , filling out the appropriate issue template. Confirm you are on the latest version using  yt-dlp -U

[TIKTOK RECOVERY]
task_id=150A67
stage=RESOLVE
attempt=2
reason=UNIVERSAL_DATA
action=REFRESH_COOKIE
action=REFRESH_UA
action=REFRESH_REFERER
action=REBUILD_YTDLP_ARGS
concurrency=8
wait=2s

[REQUEST]
task_id=150A67
cookie=true
ua=true
referer=true
concurrency=8
action=REFRESH_BROWSER_STATE
js_runtime_args=--no-js-runtimes --js-runtimes node:C:\Program Files\nodejs\node.exe
cookie_exists=true
cookie_count=45
cookie_size=9899
cookie_mtime=2026-08-22 14:27:23
cookie_header=REDACTED
retry_reason=ERROR: [TikTok] 7516353547793861931: Unable to extract universal data for rehydration; please report this issue on  https://github.com/yt-dlp/yt-dlp/issues?q= , filling out the appropriate issue template. Confirm you are on the latest version using  yt-dlp -U
sessionid=absent
msToken=present
sid_tt=absent
ttwid=absent
tt_chain_token=absent
passport_csrf_token=absent

============================================================
[ATTEMPT]
task_id=150A67
attempt=2
concurrency=8
============================================================

[COOKIE]
task_id=150A67
source=extension
file=_all_cookies.txt
session_copy=_session_cookie_150A67.txt
exists=true
size=9899
mtime=2026-08-22 14:27:06
refreshed=true

[UA]
task_id=150A67
source=extension
length=111

[REFERER]
task_id=150A67
source=extension
value=https://www.tiktok.com/search?q=Jack+Jerry+prediction+filter&t=1787376624627

[PROXY]
task_id=150A67
enabled=false
source=system
value=default

[JS RUNTIME]
task_id=150A67
attempt=2
enabled=true
runtime=node
path=C:\Program Files\nodejs\node.exe
js_runtime_args=--no-js-runtimes --js-runtimes node:C:\Program Files\nodejs\node.exe

[YTDLP]
task_id=150A67
attempt=2
stage=RESOLVE+DOWNLOAD
concurrency=8
retries=5
extractor_retries=3
fragment_retries=5

[COMMAND] task_id=150A67 C:\Users\Administrator\Desktop\下载\bin\yt-dlp.exe --newline --no-warnings --no-playlist --no-check-certificates --no-mtime --encoding utf-8 --user-agent Mozilla/5.0 (Windows NT 10.0; Win64; x64) AppleWebKit/537.36 (KHTML, like Gecko) Chrome/151.0.0.0 Safari/537.36 --ffmpeg-location C:\Users\Administrator\Desktop\下载\ffmpeg\bin\ffmpeg.exe -f bv*+ba/b --merge-output-format mp4 --windows-filenames --socket-timeout 30 --retries 5 --fragment-retries 5 --extractor-retries 3 --file-access-retries 3 --retry-sleep exp=1:30 --buffer-size 16M --trim-filenames 200 --skip-unavailable-fragments -o C:\Users\Administrator\Desktop\下载\_download_temp\job_2_1787380026\source.%(ext)s --no-js-runtimes --js-runtimes node:C:\Program Files\nodejs\node.exe --cookies REDACTED --referer https://www.tiktok.com/search?q=Jack%20Jerry%20prediction%20filter&t=1787376624627 --add-header Referer: https://www.tiktok.com/search?q=Jack%20Jerry%20prediction%20filter&t=1787376624627 --http-chunk-size 10M --add-header Accept: text/html,application/xhtml+xml,application/xml;q=0.9,image/avif,image/webp,image/apng,*/*;q=0.8 --add-header Accept-Language: en-US,en;q=0.9,zh-CN;q=0.8,zh;q=0.7 --add-header Accept-Encoding: gzip, deflate, br --add-header Connection: keep-alive --add-header Upgrade-Insecure-Requests: 1 --add-header Sec-Fetch-Dest: document --add-header Sec-Fetch-Mode: navigate --add-header Sec-Fetch-Site: none --add-header Sec-Fetch-User: ?1 -N 8 https://www.tiktok.com/@mark.ohh7/video/7516353547793861931
[RESOLVE] task_id=150A67 attempt=2 status=START
[CHALLENGE] task_id=150A67 attempt=2 challenge_solver=native_python
[RESOLVE] task_id=150A67 attempt=2 status=FAILED
[YTDLP RESULT] task_id=150A67 attempt=2 resolve=FAILED download=NA error_class=TIKTOK_RESOLVE reason=UNIVERSAL_DATA
[ERROR]
task_id=150A67
attempt=2
class=EXTRACTOR
category=TIKTOK_RESOLVE
stage=RESOLVE
reason=UNIVERSAL_DATA
message=ERROR: [TikTok] 7516353547793861931: Unable to extract universal data for rehydration; please report this issue on  https://github.com/yt-dlp/yt-dlp/issues?q= , filling out the appropriate issue template. Confirm you are on the latest version using  yt-dlp -U
action=REFRESH_BROWSER_STATE
challenge_solver=native_python

[YTDLP STDERR]
[TikTok] Extracting URL: https://www.tiktok.com/@mark.ohh7/video/7516353547793861931
[TikTok] 7516353547793861931: Downloading webpage
[TikTok] Solving JS challenge using native Python implementation
[TikTok] 7516353547793861931: Downloading webpage with challenge cookie
ERROR: [TikTok] 7516353547793861931: Unable to extract universal data for rehydration; please report this issue on  https://github.com/yt-dlp/yt-dlp/issues?q= , filling out the appropriate issue template. Confirm you are on the latest version using  yt-dlp -U

[TIKTOK RECOVERY]
task_id=150A67
stage=RESOLVE
attempt=3
reason=UNIVERSAL_DATA
action=REFRESH_COOKIE
action=REFRESH_UA
action=REFRESH_REFERER
action=REBUILD_YTDLP_ARGS
concurrency=8
wait=6s

[REQUEST]
task_id=150A67
cookie=true
ua=true
referer=true
concurrency=8
action=REFRESH_BROWSER_STATE
js_runtime_args=--no-js-runtimes --js-runtimes node:C:\Program Files\nodejs\node.exe
cookie_exists=true
cookie_count=45
cookie_size=9899
cookie_mtime=2026-08-22 14:27:40
cookie_header=REDACTED
retry_reason=ERROR: [TikTok] 7516353547793861931: Unable to extract universal data for rehydration; please report this issue on  https://github.com/yt-dlp/yt-dlp/issues?q= , filling out the appropriate issue template. Confirm you are on the latest version using  yt-dlp -U
sessionid=absent
msToken=present
sid_tt=absent
ttwid=absent
tt_chain_token=absent
passport_csrf_token=absent

============================================================
[ATTEMPT]
task_id=150A67
attempt=3
concurrency=8
============================================================

[COOKIE]
task_id=150A67
source=extension
file=_all_cookies.txt
session_copy=_session_cookie_150A67.txt
exists=true
size=9899
mtime=2026-08-22 14:27:37
refreshed=true

[UA]
task_id=150A67
source=extension
length=111

[REFERER]
task_id=150A67
source=extension
value=https://www.tiktok.com/search?q=Jack+Jerry+prediction+filter&t=1787376624627

[PROXY]
task_id=150A67
enabled=false
source=system
value=default

[JS RUNTIME]
task_id=150A67
attempt=3
enabled=true
runtime=node
path=C:\Program Files\nodejs\node.exe
js_runtime_args=--no-js-runtimes --js-runtimes node:C:\Program Files\nodejs\node.exe

[YTDLP]
task_id=150A67
attempt=3
stage=RESOLVE+DOWNLOAD
concurrency=8
retries=5
extractor_retries=3
fragment_retries=5

[COMMAND] task_id=150A67 C:\Users\Administrator\Desktop\下载\bin\yt-dlp.exe --newline --no-warnings --no-playlist --no-check-certificates --no-mtime --encoding utf-8 --user-agent Mozilla/5.0 (Windows NT 10.0; Win64; x64) AppleWebKit/537.36 (KHTML, like Gecko) Chrome/151.0.0.0 Safari/537.36 --ffmpeg-location C:\Users\Administrator\Desktop\下载\ffmpeg\bin\ffmpeg.exe -f bv*+ba/b --merge-output-format mp4 --windows-filenames --socket-timeout 30 --retries 5 --fragment-retries 5 --extractor-retries 3 --file-access-retries 3 --retry-sleep exp=1:30 --buffer-size 16M --trim-filenames 200 --skip-unavailable-fragments -o C:\Users\Administrator\Desktop\下载\_download_temp\job_2_1787380026\source.%(ext)s --no-js-runtimes --js-runtimes node:C:\Program Files\nodejs\node.exe --cookies REDACTED --referer https://www.tiktok.com/search?q=Jack%20Jerry%20prediction%20filter&t=1787376624627 --add-header Referer: https://www.tiktok.com/search?q=Jack%20Jerry%20prediction%20filter&t=1787376624627 --http-chunk-size 10M --add-header Accept: text/html,application/xhtml+xml,application/xml;q=0.9,image/avif,image/webp,image/apng,*/*;q=0.8 --add-header Accept-Language: en-US,en;q=0.9,zh-CN;q=0.8,zh;q=0.7 --add-header Accept-Encoding: gzip, deflate, br --add-header Connection: keep-alive --add-header Upgrade-Insecure-Requests: 1 --add-header Sec-Fetch-Dest: document --add-header Sec-Fetch-Mode: navigate --add-header Sec-Fetch-Site: none --add-header Sec-Fetch-User: ?1 -N 8 https://www.tiktok.com/@mark.ohh7/video/7516353547793861931
[RESOLVE] task_id=150A67 attempt=3 status=START
[CHALLENGE] task_id=150A67 attempt=3 challenge_solver=native_python
[RESOLVE] task_id=150A67 attempt=3 status=SUCCESS
[DOWNLOAD] task_id=150A67 attempt=3 status=SUCCESS
[YTDLP RESULT] task_id=150A67 attempt=3 resolve=SUCCESS download=SUCCESS error_class=NA
============================================================
[TIKTOK TASK END]
task_id=150A67
result=SUCCESS
attempts=3
elapsed=69.4s
initial_error_class=TIKTOK_RESOLVE
initial_error=UNIVERSAL_DATA
initial_message=NONE
final_error_class=NONE
final_error=NONE
final_failed_stage=NA
============================================================

============================================================
[TASK END]
task_id=150A67
result=SUCCESS
attempts=3
elapsed=69.4s
initial_error_class=TIKTOK_RESOLVE
initial_error=UNIVERSAL_DATA
final_error_class=NONE
final_error=NONE
============================================================

============================================================
[TASK START]
task_id=6E6155
platform=tiktok
url=https://www.tiktok.com/@markohh2.0/video/7556785340158201143
start_time=2026-08-22 14:28:30
============================================================

[ENVIRONMENT]
python_version=3.11.9
os=Windows
yt_dlp_path=C:\Users\Administrator\Desktop\下载\bin\yt-dlp.exe
yt_dlp_version=2026.08.19
node_path=C:\Program Files\nodejs\node.EXE
ffmpeg_path=C:\Users\Administrator\Desktop\下载\ffmpeg\bin\ffmpeg.exe

============================================================
[TIKTOK TASK START]
task_id=6E6155
url=https://www.tiktok.com/@markohh2.0/video/7556785340158201143
time=2026-08-22 14:28:34
============================================================

[REQUEST]
task_id=6E6155
cookie=true
ua=true
referer=true
concurrency=8
action=INITIAL_READ
js_runtime_args=--no-js-runtimes --js-runtimes node:C:\Program Files\nodejs\node.exe
cookie_exists=true
cookie_count=45
cookie_size=9899
cookie_mtime=2026-08-22 14:28:34
cookie_header=REDACTED
sessionid=absent
msToken=present
sid_tt=absent
ttwid=absent
tt_chain_token=absent
passport_csrf_token=absent

============================================================
[ATTEMPT]
task_id=6E6155
attempt=1
concurrency=8
============================================================

[COOKIE]
task_id=6E6155
source=extension
file=_all_cookies.txt
session_copy=_session_cookie_6E6155.txt
exists=true
size=9899
mtime=2026-08-22 14:27:37
refreshed=true

[UA]
task_id=6E6155
source=extension
length=111

[REFERER]
task_id=6E6155
source=extension
value=https://www.tiktok.com/search?q=Jack+Jerry+prediction+filter&t=1787376624627

[PROXY]
task_id=6E6155
enabled=false
source=system
value=default

[JS RUNTIME]
task_id=6E6155
attempt=1
enabled=true
runtime=node
path=C:\Program Files\nodejs\node.exe
js_runtime_args=--no-js-runtimes --js-runtimes node:C:\Program Files\nodejs\node.exe

[YTDLP]
task_id=6E6155
attempt=1
stage=RESOLVE+DOWNLOAD
concurrency=8
retries=5
extractor_retries=3
fragment_retries=5

[COMMAND] task_id=6E6155 C:\Users\Administrator\Desktop\下载\bin\yt-dlp.exe --newline --no-warnings --no-playlist --no-check-certificates --no-mtime --encoding utf-8 --user-agent Mozilla/5.0 (Windows NT 10.0; Win64; x64) AppleWebKit/537.36 (KHTML, like Gecko) Chrome/151.0.0.0 Safari/537.36 --ffmpeg-location C:\Users\Administrator\Desktop\下载\ffmpeg\bin\ffmpeg.exe -f bv*+ba/b --merge-output-format mp4 --windows-filenames --socket-timeout 30 --retries 5 --fragment-retries 5 --extractor-retries 3 --file-access-retries 3 --retry-sleep exp=1:30 --buffer-size 16M --trim-filenames 200 --skip-unavailable-fragments -o C:\Users\Administrator\Desktop\下载\_download_temp\job_3_1787380110\source.%(ext)s --no-js-runtimes --js-runtimes node:C:\Program Files\nodejs\node.exe --cookies REDACTED --referer https://www.tiktok.com/search?q=Jack%20Jerry%20prediction%20filter&t=1787376624627 --add-header Referer: https://www.tiktok.com/search?q=Jack%20Jerry%20prediction%20filter&t=1787376624627 --http-chunk-size 10M --add-header Accept: text/html,application/xhtml+xml,application/xml;q=0.9,image/avif,image/webp,image/apng,*/*;q=0.8 --add-header Accept-Language: en-US,en;q=0.9,zh-CN;q=0.8,zh;q=0.7 --add-header Accept-Encoding: gzip, deflate, br --add-header Connection: keep-alive --add-header Upgrade-Insecure-Requests: 1 --add-header Sec-Fetch-Dest: document --add-header Sec-Fetch-Mode: navigate --add-header Sec-Fetch-Site: none --add-header Sec-Fetch-User: ?1 -N 8 https://www.tiktok.com/@markohh2.0/video/7556785340158201143
[RESOLVE] task_id=6E6155 attempt=1 status=START
[CHALLENGE] task_id=6E6155 attempt=1 challenge_solver=native_python
[RESOLVE] task_id=6E6155 attempt=1 status=FAILED
[YTDLP RESULT] task_id=6E6155 attempt=1 resolve=FAILED download=NA error_class=TIKTOK_RESOLVE reason=UNIVERSAL_DATA
[ERROR]
task_id=6E6155
attempt=1
class=EXTRACTOR
category=TIKTOK_RESOLVE
stage=RESOLVE
reason=UNIVERSAL_DATA
message=ERROR: [TikTok] 7556785340158201143: Unable to extract universal data for rehydration; please report this issue on  https://github.com/yt-dlp/yt-dlp/issues?q= , filling out the appropriate issue template. Confirm you are on the latest version using  yt-dlp -U
action=INITIAL_READ
challenge_solver=native_python

[YTDLP STDERR]
[TikTok] Extracting URL: https://www.tiktok.com/@markohh2.0/video/7556785340158201143
[TikTok] 7556785340158201143: Downloading webpage
[TikTok] Solving JS challenge using native Python implementation
[TikTok] 7556785340158201143: Downloading webpage with challenge cookie
ERROR: [TikTok] 7556785340158201143: Unable to extract universal data for rehydration; please report this issue on  https://github.com/yt-dlp/yt-dlp/issues?q= , filling out the appropriate issue template. Confirm you are on the latest version using  yt-dlp -U

[TIKTOK RECOVERY]
task_id=6E6155
stage=RESOLVE
attempt=2
reason=UNIVERSAL_DATA
action=REFRESH_COOKIE
action=REFRESH_UA
action=REFRESH_REFERER
action=REBUILD_YTDLP_ARGS
concurrency=8
wait=2s

[REQUEST]
task_id=6E6155
cookie=true
ua=true
referer=true
concurrency=8
action=REFRESH_BROWSER_STATE
js_runtime_args=--no-js-runtimes --js-runtimes node:C:\Program Files\nodejs\node.exe
cookie_exists=true
cookie_count=45
cookie_size=9899
cookie_mtime=2026-08-22 14:28:48
cookie_header=REDACTED
retry_reason=ERROR: [TikTok] 7556785340158201143: Unable to extract universal data for rehydration; please report this issue on  https://github.com/yt-dlp/yt-dlp/issues?q= , filling out the appropriate issue template. Confirm you are on the latest version using  yt-dlp -U
sessionid=absent
msToken=present
sid_tt=absent
ttwid=absent
tt_chain_token=absent
passport_csrf_token=absent

============================================================
[ATTEMPT]
task_id=6E6155
attempt=2
concurrency=8
============================================================

[COOKIE]
task_id=6E6155
source=extension
file=_all_cookies.txt
session_copy=_session_cookie_6E6155.txt
exists=true
size=9899
mtime=2026-08-22 14:28:37
refreshed=true

[UA]
task_id=6E6155
source=extension
length=111

[REFERER]
task_id=6E6155
source=extension
value=https://www.tiktok.com/search?q=Jack+Jerry+prediction+filter&t=1787376624627

[PROXY]
task_id=6E6155
enabled=false
source=system
value=default

[JS RUNTIME]
task_id=6E6155
attempt=2
enabled=true
runtime=node
path=C:\Program Files\nodejs\node.exe
js_runtime_args=--no-js-runtimes --js-runtimes node:C:\Program Files\nodejs\node.exe

[YTDLP]
task_id=6E6155
attempt=2
stage=RESOLVE+DOWNLOAD
concurrency=8
retries=5
extractor_retries=3
fragment_retries=5

[COMMAND] task_id=6E6155 C:\Users\Administrator\Desktop\下载\bin\yt-dlp.exe --newline --no-warnings --no-playlist --no-check-certificates --no-mtime --encoding utf-8 --user-agent Mozilla/5.0 (Windows NT 10.0; Win64; x64) AppleWebKit/537.36 (KHTML, like Gecko) Chrome/151.0.0.0 Safari/537.36 --ffmpeg-location C:\Users\Administrator\Desktop\下载\ffmpeg\bin\ffmpeg.exe -f bv*+ba/b --merge-output-format mp4 --windows-filenames --socket-timeout 30 --retries 5 --fragment-retries 5 --extractor-retries 3 --file-access-retries 3 --retry-sleep exp=1:30 --buffer-size 16M --trim-filenames 200 --skip-unavailable-fragments -o C:\Users\Administrator\Desktop\下载\_download_temp\job_3_1787380110\source.%(ext)s --no-js-runtimes --js-runtimes node:C:\Program Files\nodejs\node.exe --cookies REDACTED --referer https://www.tiktok.com/search?q=Jack%20Jerry%20prediction%20filter&t=1787376624627 --add-header Referer: https://www.tiktok.com/search?q=Jack%20Jerry%20prediction%20filter&t=1787376624627 --http-chunk-size 10M --add-header Accept: text/html,application/xhtml+xml,application/xml;q=0.9,image/avif,image/webp,image/apng,*/*;q=0.8 --add-header Accept-Language: en-US,en;q=0.9,zh-CN;q=0.8,zh;q=0.7 --add-header Accept-Encoding: gzip, deflate, br --add-header Connection: keep-alive --add-header Upgrade-Insecure-Requests: 1 --add-header Sec-Fetch-Dest: document --add-header Sec-Fetch-Mode: navigate --add-header Sec-Fetch-Site: none --add-header Sec-Fetch-User: ?1 -N 8 https://www.tiktok.com/@markohh2.0/video/7556785340158201143
[RESOLVE] task_id=6E6155 attempt=2 status=START
[CHALLENGE] task_id=6E6155 attempt=2 challenge_solver=native_python
[RESOLVE] task_id=6E6155 attempt=2 status=SUCCESS
[DOWNLOAD] task_id=6E6155 attempt=2 status=SUCCESS
[YTDLP RESULT] task_id=6E6155 attempt=2 resolve=SUCCESS download=SUCCESS error_class=NA
============================================================
[TIKTOK TASK END]
task_id=6E6155
result=SUCCESS
attempts=2
elapsed=43.0s
initial_error_class=TIKTOK_RESOLVE
initial_error=UNIVERSAL_DATA
initial_message=NONE
final_error_class=NONE
final_error=NONE
final_failed_stage=NA
============================================================

============================================================
[TASK END]
task_id=6E6155
result=SUCCESS
attempts=2
elapsed=43.0s
initial_error_class=TIKTOK_RESOLVE
initial_error=UNIVERSAL_DATA
final_error_class=NONE
final_error=NONE
============================================================

============================================================
[TASK START]
task_id=CB9109
platform=tiktok
url=https://www.tiktok.com/@gy.u/video/7488836428877679880
start_time=2026-08-22 14:29:28
============================================================

[ENVIRONMENT]
python_version=3.11.9
os=Windows
yt_dlp_path=C:\Users\Administrator\Desktop\下载\bin\yt-dlp.exe
yt_dlp_version=2026.08.19
node_path=C:\Program Files\nodejs\node.EXE
ffmpeg_path=C:\Users\Administrator\Desktop\下载\ffmpeg\bin\ffmpeg.exe

============================================================
[TIKTOK TASK START]
task_id=CB9109
url=https://www.tiktok.com/@gy.u/video/7488836428877679880
time=2026-08-22 14:29:32
============================================================

[REQUEST]
task_id=CB9109
cookie=true
ua=true
referer=true
concurrency=8
action=INITIAL_READ
js_runtime_args=--no-js-runtimes --js-runtimes node:C:\Program Files\nodejs\node.exe
cookie_exists=true
cookie_count=45
cookie_size=9899
cookie_mtime=2026-08-22 14:29:32
cookie_header=REDACTED
sessionid=absent
msToken=present
sid_tt=absent
ttwid=absent
tt_chain_token=absent
passport_csrf_token=absent

============================================================
[ATTEMPT]
task_id=CB9109
attempt=1
concurrency=8
============================================================

[COOKIE]
task_id=CB9109
source=extension
file=_all_cookies.txt
session_copy=_session_cookie_CB9109.txt
exists=true
size=9899
mtime=2026-08-22 14:29:05
refreshed=true

[UA]
task_id=CB9109
source=extension
length=111

[REFERER]
task_id=CB9109
source=extension
value=https://www.tiktok.com/search?q=Jack+Jerry+prediction+filter&t=1787376624627

[PROXY]
task_id=CB9109
enabled=false
source=system
value=default

[JS RUNTIME]
task_id=CB9109
attempt=1
enabled=true
runtime=node
path=C:\Program Files\nodejs\node.exe
js_runtime_args=--no-js-runtimes --js-runtimes node:C:\Program Files\nodejs\node.exe

[YTDLP]
task_id=CB9109
attempt=1
stage=RESOLVE+DOWNLOAD
concurrency=8
retries=5
extractor_retries=3
fragment_retries=5

[COMMAND] task_id=CB9109 C:\Users\Administrator\Desktop\下载\bin\yt-dlp.exe --newline --no-warnings --no-playlist --no-check-certificates --no-mtime --encoding utf-8 --user-agent Mozilla/5.0 (Windows NT 10.0; Win64; x64) AppleWebKit/537.36 (KHTML, like Gecko) Chrome/151.0.0.0 Safari/537.36 --ffmpeg-location C:\Users\Administrator\Desktop\下载\ffmpeg\bin\ffmpeg.exe -f bv*+ba/b --merge-output-format mp4 --windows-filenames --socket-timeout 30 --retries 5 --fragment-retries 5 --extractor-retries 3 --file-access-retries 3 --retry-sleep exp=1:30 --buffer-size 16M --trim-filenames 200 --skip-unavailable-fragments -o C:\Users\Administrator\Desktop\下载\_download_temp\job_4_1787380168\source.%(ext)s --no-js-runtimes --js-runtimes node:C:\Program Files\nodejs\node.exe --cookies REDACTED --referer https://www.tiktok.com/search?q=Jack%20Jerry%20prediction%20filter&t=1787376624627 --add-header Referer: https://www.tiktok.com/search?q=Jack%20Jerry%20prediction%20filter&t=1787376624627 --http-chunk-size 10M --add-header Accept: text/html,application/xhtml+xml,application/xml;q=0.9,image/avif,image/webp,image/apng,*/*;q=0.8 --add-header Accept-Language: en-US,en;q=0.9,zh-CN;q=0.8,zh;q=0.7 --add-header Accept-Encoding: gzip, deflate, br --add-header Connection: keep-alive --add-header Upgrade-Insecure-Requests: 1 --add-header Sec-Fetch-Dest: document --add-header Sec-Fetch-Mode: navigate --add-header Sec-Fetch-Site: none --add-header Sec-Fetch-User: ?1 -N 8 https://www.tiktok.com/@gy.u/video/7488836428877679880
[RESOLVE] task_id=CB9109 attempt=1 status=START
[CHALLENGE] task_id=CB9109 attempt=1 challenge_solver=native_python
[RESOLVE] task_id=CB9109 attempt=1 status=FAILED
[YTDLP RESULT] task_id=CB9109 attempt=1 resolve=FAILED download=NA error_class=TIKTOK_RESOLVE reason=UNIVERSAL_DATA
[ERROR]
task_id=CB9109
attempt=1
class=EXTRACTOR
category=TIKTOK_RESOLVE
stage=RESOLVE
reason=UNIVERSAL_DATA
message=ERROR: [TikTok] 7488836428877679880: Unable to extract universal data for rehydration; please report this issue on  https://github.com/yt-dlp/yt-dlp/issues?q= , filling out the appropriate issue template. Confirm you are on the latest version using  yt-dlp -U
action=INITIAL_READ
challenge_solver=native_python

[YTDLP STDERR]
[TikTok] Extracting URL: https://www.tiktok.com/@gy.u/video/7488836428877679880
[TikTok] 7488836428877679880: Downloading webpage
[TikTok] Solving JS challenge using native Python implementation
[TikTok] 7488836428877679880: Downloading webpage with challenge cookie
ERROR: [TikTok] 7488836428877679880: Unable to extract universal data for rehydration; please report this issue on  https://github.com/yt-dlp/yt-dlp/issues?q= , filling out the appropriate issue template. Confirm you are on the latest version using  yt-dlp -U

[TIKTOK RECOVERY]
task_id=CB9109
stage=RESOLVE
attempt=2
reason=UNIVERSAL_DATA
action=REFRESH_COOKIE
action=REFRESH_UA
action=REFRESH_REFERER
action=REBUILD_YTDLP_ARGS
concurrency=8
wait=2s

[REQUEST]
task_id=CB9109
cookie=true
ua=true
referer=true
concurrency=8
action=REFRESH_BROWSER_STATE
js_runtime_args=--no-js-runtimes --js-runtimes node:C:\Program Files\nodejs\node.exe
cookie_exists=true
cookie_count=45
cookie_size=9899
cookie_mtime=2026-08-22 14:29:45
cookie_header=REDACTED
retry_reason=ERROR: [TikTok] 7488836428877679880: Unable to extract universal data for rehydration; please report this issue on  https://github.com/yt-dlp/yt-dlp/issues?q= , filling out the appropriate issue template. Confirm you are on the latest version using  yt-dlp -U
sessionid=absent
msToken=present
sid_tt=absent
ttwid=absent
tt_chain_token=absent
passport_csrf_token=absent

============================================================
[ATTEMPT]
task_id=CB9109
attempt=2
concurrency=8
============================================================

[COOKIE]
task_id=CB9109
source=extension
file=_all_cookies.txt
session_copy=_session_cookie_CB9109.txt
exists=true
size=9899
mtime=2026-08-22 14:29:37
refreshed=true

[UA]
task_id=CB9109
source=extension
length=111

[REFERER]
task_id=CB9109
source=extension
value=https://www.tiktok.com/search?q=Jack+Jerry+prediction+filter&t=1787376624627

[PROXY]
task_id=CB9109
enabled=false
source=system
value=default

[JS RUNTIME]
task_id=CB9109
attempt=2
enabled=true
runtime=node
path=C:\Program Files\nodejs\node.exe
js_runtime_args=--no-js-runtimes --js-runtimes node:C:\Program Files\nodejs\node.exe

[YTDLP]
task_id=CB9109
attempt=2
stage=RESOLVE+DOWNLOAD
concurrency=8
retries=5
extractor_retries=3
fragment_retries=5

[COMMAND] task_id=CB9109 C:\Users\Administrator\Desktop\下载\bin\yt-dlp.exe --newline --no-warnings --no-playlist --no-check-certificates --no-mtime --encoding utf-8 --user-agent Mozilla/5.0 (Windows NT 10.0; Win64; x64) AppleWebKit/537.36 (KHTML, like Gecko) Chrome/151.0.0.0 Safari/537.36 --ffmpeg-location C:\Users\Administrator\Desktop\下载\ffmpeg\bin\ffmpeg.exe -f bv*+ba/b --merge-output-format mp4 --windows-filenames --socket-timeout 30 --retries 5 --fragment-retries 5 --extractor-retries 3 --file-access-retries 3 --retry-sleep exp=1:30 --buffer-size 16M --trim-filenames 200 --skip-unavailable-fragments -o C:\Users\Administrator\Desktop\下载\_download_temp\job_4_1787380168\source.%(ext)s --no-js-runtimes --js-runtimes node:C:\Program Files\nodejs\node.exe --cookies REDACTED --referer https://www.tiktok.com/search?q=Jack%20Jerry%20prediction%20filter&t=1787376624627 --add-header Referer: https://www.tiktok.com/search?q=Jack%20Jerry%20prediction%20filter&t=1787376624627 --http-chunk-size 10M --add-header Accept: text/html,application/xhtml+xml,application/xml;q=0.9,image/avif,image/webp,image/apng,*/*;q=0.8 --add-header Accept-Language: en-US,en;q=0.9,zh-CN;q=0.8,zh;q=0.7 --add-header Accept-Encoding: gzip, deflate, br --add-header Connection: keep-alive --add-header Upgrade-Insecure-Requests: 1 --add-header Sec-Fetch-Dest: document --add-header Sec-Fetch-Mode: navigate --add-header Sec-Fetch-Site: none --add-header Sec-Fetch-User: ?1 -N 8 https://www.tiktok.com/@gy.u/video/7488836428877679880
[RESOLVE] task_id=CB9109 attempt=2 status=START
[CHALLENGE] task_id=CB9109 attempt=2 challenge_solver=native_python
[RESOLVE] task_id=CB9109 attempt=2 status=FAILED
[YTDLP RESULT] task_id=CB9109 attempt=2 resolve=FAILED download=NA error_class=TIKTOK_RESOLVE reason=UNIVERSAL_DATA
[ERROR]
task_id=CB9109
attempt=2
class=EXTRACTOR
category=TIKTOK_RESOLVE
stage=RESOLVE
reason=UNIVERSAL_DATA
message=ERROR: [TikTok] 7488836428877679880: Unable to extract universal data for rehydration; please report this issue on  https://github.com/yt-dlp/yt-dlp/issues?q= , filling out the appropriate issue template. Confirm you are on the latest version using  yt-dlp -U
action=REFRESH_BROWSER_STATE
challenge_solver=native_python

[YTDLP STDERR]
[TikTok] Extracting URL: https://www.tiktok.com/@gy.u/video/7488836428877679880
[TikTok] 7488836428877679880: Downloading webpage
[TikTok] Solving JS challenge using native Python implementation
[TikTok] 7488836428877679880: Downloading webpage with challenge cookie
ERROR: [TikTok] 7488836428877679880: Unable to extract universal data for rehydration; please report this issue on  https://github.com/yt-dlp/yt-dlp/issues?q= , filling out the appropriate issue template. Confirm you are on the latest version using  yt-dlp -U

[TIKTOK RECOVERY]
task_id=CB9109
stage=RESOLVE
attempt=3
reason=UNIVERSAL_DATA
action=REFRESH_COOKIE
action=REFRESH_UA
action=REFRESH_REFERER
action=REBUILD_YTDLP_ARGS
concurrency=8
wait=6s

[REQUEST]
task_id=CB9109
cookie=true
ua=true
referer=true
concurrency=8
action=REFRESH_BROWSER_STATE
js_runtime_args=--no-js-runtimes --js-runtimes node:C:\Program Files\nodejs\node.exe
cookie_exists=true
cookie_count=45
cookie_size=9899
cookie_mtime=2026-08-22 14:30:02
cookie_header=REDACTED
retry_reason=ERROR: [TikTok] 7488836428877679880: Unable to extract universal data for rehydration; please report this issue on  https://github.com/yt-dlp/yt-dlp/issues?q= , filling out the appropriate issue template. Confirm you are on the latest version using  yt-dlp -U
sessionid=absent
msToken=present
sid_tt=absent
ttwid=absent
tt_chain_token=absent
passport_csrf_token=absent

============================================================
[ATTEMPT]
task_id=CB9109
attempt=3
concurrency=8
============================================================

[COOKIE]
task_id=CB9109
source=extension
file=_all_cookies.txt
session_copy=_session_cookie_CB9109.txt
exists=true
size=9899
mtime=2026-08-22 14:29:37
refreshed=true

[UA]
task_id=CB9109
source=extension
length=111

[REFERER]
task_id=CB9109
source=extension
value=https://www.tiktok.com/search?q=Jack+Jerry+prediction+filter&t=1787376624627

[PROXY]
task_id=CB9109
enabled=false
source=system
value=default

[JS RUNTIME]
task_id=CB9109
attempt=3
enabled=true
runtime=node
path=C:\Program Files\nodejs\node.exe
js_runtime_args=--no-js-runtimes --js-runtimes node:C:\Program Files\nodejs\node.exe

[YTDLP]
task_id=CB9109
attempt=3
stage=RESOLVE+DOWNLOAD
concurrency=8
retries=5
extractor_retries=3
fragment_retries=5

[COMMAND] task_id=CB9109 C:\Users\Administrator\Desktop\下载\bin\yt-dlp.exe --newline --no-warnings --no-playlist --no-check-certificates --no-mtime --encoding utf-8 --user-agent Mozilla/5.0 (Windows NT 10.0; Win64; x64) AppleWebKit/537.36 (KHTML, like Gecko) Chrome/151.0.0.0 Safari/537.36 --ffmpeg-location C:\Users\Administrator\Desktop\下载\ffmpeg\bin\ffmpeg.exe -f bv*+ba/b --merge-output-format mp4 --windows-filenames --socket-timeout 30 --retries 5 --fragment-retries 5 --extractor-retries 3 --file-access-retries 3 --retry-sleep exp=1:30 --buffer-size 16M --trim-filenames 200 --skip-unavailable-fragments -o C:\Users\Administrator\Desktop\下载\_download_temp\job_4_1787380168\source.%(ext)s --no-js-runtimes --js-runtimes node:C:\Program Files\nodejs\node.exe --cookies REDACTED --referer https://www.tiktok.com/search?q=Jack%20Jerry%20prediction%20filter&t=1787376624627 --add-header Referer: https://www.tiktok.com/search?q=Jack%20Jerry%20prediction%20filter&t=1787376624627 --http-chunk-size 10M --add-header Accept: text/html,application/xhtml+xml,application/xml;q=0.9,image/avif,image/webp,image/apng,*/*;q=0.8 --add-header Accept-Language: en-US,en;q=0.9,zh-CN;q=0.8,zh;q=0.7 --add-header Accept-Encoding: gzip, deflate, br --add-header Connection: keep-alive --add-header Upgrade-Insecure-Requests: 1 --add-header Sec-Fetch-Dest: document --add-header Sec-Fetch-Mode: navigate --add-header Sec-Fetch-Site: none --add-header Sec-Fetch-User: ?1 -N 8 https://www.tiktok.com/@gy.u/video/7488836428877679880
[RESOLVE] task_id=CB9109 attempt=3 status=START
[CHALLENGE] task_id=CB9109 attempt=3 challenge_solver=native_python
[RESOLVE] task_id=CB9109 attempt=3 status=FAILED
[YTDLP RESULT] task_id=CB9109 attempt=3 resolve=FAILED download=NA error_class=TIKTOK_RESOLVE reason=UNIVERSAL_DATA
[ERROR]
task_id=CB9109
attempt=3
class=EXTRACTOR
category=TIKTOK_RESOLVE
stage=RESOLVE
reason=UNIVERSAL_DATA
message=ERROR: [TikTok] 7488836428877679880: Unable to extract universal data for rehydration; please report this issue on  https://github.com/yt-dlp/yt-dlp/issues?q= , filling out the appropriate issue template. Confirm you are on the latest version using  yt-dlp -U
action=REFRESH_BROWSER_STATE
challenge_solver=native_python

[YTDLP STDERR]
[TikTok] Extracting URL: https://www.tiktok.com/@gy.u/video/7488836428877679880
[TikTok] 7488836428877679880: Downloading webpage
[TikTok] Solving JS challenge using native Python implementation
[TikTok] 7488836428877679880: Downloading webpage with challenge cookie
ERROR: [TikTok] 7488836428877679880: Unable to extract universal data for rehydration; please report this issue on  https://github.com/yt-dlp/yt-dlp/issues?q= , filling out the appropriate issue template. Confirm you are on the latest version using  yt-dlp -U

[TIKTOK RECOVERY]
task_id=CB9109
stage=RESOLVE
attempt=4
reason=UNIVERSAL_DATA
action=REFRESH_COOKIE
action=REFRESH_UA
action=REFRESH_REFERER
action=REBUILD_YTDLP_ARGS
concurrency=8
wait=12s

[REQUEST]
task_id=CB9109
cookie=true
ua=true
referer=true
concurrency=8
action=REFRESH_BROWSER_STATE
js_runtime_args=--no-js-runtimes --js-runtimes node:C:\Program Files\nodejs\node.exe
cookie_exists=true
cookie_count=45
cookie_size=9899
cookie_mtime=2026-08-22 14:30:26
cookie_header=REDACTED
retry_reason=ERROR: [TikTok] 7488836428877679880: Unable to extract universal data for rehydration; please report this issue on  https://github.com/yt-dlp/yt-dlp/issues?q= , filling out the appropriate issue template. Confirm you are on the latest version using  yt-dlp -U
sessionid=absent
msToken=present
sid_tt=absent
ttwid=absent
tt_chain_token=absent
passport_csrf_token=absent

============================================================
[ATTEMPT]
task_id=CB9109
attempt=4
concurrency=8
============================================================

[COOKIE]
task_id=CB9109
source=extension
file=_all_cookies.txt
session_copy=_session_cookie_CB9109.txt
exists=true
size=9899
mtime=2026-08-22 14:30:18
refreshed=true

[UA]
task_id=CB9109
source=extension
length=111

[REFERER]
task_id=CB9109
source=extension
value=https://www.tiktok.com/search?q=Jack+Jerry+prediction+filter&t=1787376624627

[PROXY]
task_id=CB9109
enabled=false
source=system
value=default

[JS RUNTIME]
task_id=CB9109
attempt=4
enabled=true
runtime=node
path=C:\Program Files\nodejs\node.exe
js_runtime_args=--no-js-runtimes --js-runtimes node:C:\Program Files\nodejs\node.exe

[YTDLP]
task_id=CB9109
attempt=4
stage=RESOLVE+DOWNLOAD
concurrency=8
retries=5
extractor_retries=3
fragment_retries=5

[COMMAND] task_id=CB9109 C:\Users\Administrator\Desktop\下载\bin\yt-dlp.exe --newline --no-warnings --no-playlist --no-check-certificates --no-mtime --encoding utf-8 --user-agent Mozilla/5.0 (Windows NT 10.0; Win64; x64) AppleWebKit/537.36 (KHTML, like Gecko) Chrome/151.0.0.0 Safari/537.36 --ffmpeg-location C:\Users\Administrator\Desktop\下载\ffmpeg\bin\ffmpeg.exe -f bv*+ba/b --merge-output-format mp4 --windows-filenames --socket-timeout 30 --retries 5 --fragment-retries 5 --extractor-retries 3 --file-access-retries 3 --retry-sleep exp=1:30 --buffer-size 16M --trim-filenames 200 --skip-unavailable-fragments -o C:\Users\Administrator\Desktop\下载\_download_temp\job_4_1787380168\source.%(ext)s --no-js-runtimes --js-runtimes node:C:\Program Files\nodejs\node.exe --cookies REDACTED --referer https://www.tiktok.com/search?q=Jack%20Jerry%20prediction%20filter&t=1787376624627 --add-header Referer: https://www.tiktok.com/search?q=Jack%20Jerry%20prediction%20filter&t=1787376624627 --http-chunk-size 10M --add-header Accept: text/html,application/xhtml+xml,application/xml;q=0.9,image/avif,image/webp,image/apng,*/*;q=0.8 --add-header Accept-Language: en-US,en;q=0.9,zh-CN;q=0.8,zh;q=0.7 --add-header Accept-Encoding: gzip, deflate, br --add-header Connection: keep-alive --add-header Upgrade-Insecure-Requests: 1 --add-header Sec-Fetch-Dest: document --add-header Sec-Fetch-Mode: navigate --add-header Sec-Fetch-Site: none --add-header Sec-Fetch-User: ?1 -N 8 https://www.tiktok.com/@gy.u/video/7488836428877679880
[RESOLVE] task_id=CB9109 attempt=4 status=START
[CHALLENGE] task_id=CB9109 attempt=4 challenge_solver=native_python
[RESOLVE] task_id=CB9109 attempt=4 status=FAILED
[YTDLP RESULT] task_id=CB9109 attempt=4 resolve=FAILED download=NA error_class=TIKTOK_RESOLVE reason=UNIVERSAL_DATA
[ERROR]
task_id=CB9109
attempt=4
class=EXTRACTOR
category=TIKTOK_RESOLVE
stage=RESOLVE
reason=UNIVERSAL_DATA
message=ERROR: [TikTok] 7488836428877679880: Unable to extract universal data for rehydration; please report this issue on  https://github.com/yt-dlp/yt-dlp/issues?q= , filling out the appropriate issue template. Confirm you are on the latest version using  yt-dlp -U
action=REFRESH_BROWSER_STATE
challenge_solver=native_python

[YTDLP STDERR]
[TikTok] Extracting URL: https://www.tiktok.com/@gy.u/video/7488836428877679880
[TikTok] 7488836428877679880: Downloading webpage
[TikTok] Solving JS challenge using native Python implementation
[TikTok] 7488836428877679880: Downloading webpage with challenge cookie
ERROR: [TikTok] 7488836428877679880: Unable to extract universal data for rehydration; please report this issue on  https://github.com/yt-dlp/yt-dlp/issues?q= , filling out the appropriate issue template. Confirm you are on the latest version using  yt-dlp -U

============================================================
[TIKTOK TASK END]
task_id=CB9109
result=FAILED
attempts=4
elapsed=72.1s
initial_error_class=TIKTOK_RESOLVE
initial_error=UNIVERSAL_DATA
initial_message=ERROR: [TikTok] 7488836428877679880: Unable to extract universal data for rehydration; please report this issue on  https://github.com/yt-dlp/yt-dlp/issues?q= , filling out the appropriate issue template. Confirm you are on the latest version using  yt-dlp -U
final_error_class=TIKTOK_RESOLVE
final_error=UNIVERSAL_DATA
final_failed_stage=RESOLVE
============================================================

============================================================
[TASK END]
task_id=CB9109
result=FAILED
attempts=4
elapsed=72.1s
initial_error_class=TIKTOK_RESOLVE
initial_error=UNIVERSAL_DATA
final_error_class=TIKTOK_RESOLVE
final_error=UNIVERSAL_DATA
============================================================

============================================================
[TASK START]
task_id=45B88C
platform=tiktok
url=https://www.tiktok.com/@notitsmenicksmithy/video/7488108694538947870
start_time=2026-08-22 14:30:40
============================================================

[ENVIRONMENT]
python_version=3.11.9
os=Windows
yt_dlp_path=C:\Users\Administrator\Desktop\下载\bin\yt-dlp.exe
yt_dlp_version=2026.08.19
node_path=C:\Program Files\nodejs\node.EXE
ffmpeg_path=C:\Users\Administrator\Desktop\下载\ffmpeg\bin\ffmpeg.exe

============================================================
[TIKTOK TASK START]
task_id=45B88C
url=https://www.tiktok.com/@notitsmenicksmithy/video/7488108694538947870
time=2026-08-22 14:30:44
============================================================

[REQUEST]
task_id=45B88C
cookie=true
ua=true
referer=true
concurrency=8
action=INITIAL_READ
js_runtime_args=--no-js-runtimes --js-runtimes node:C:\Program Files\nodejs\node.exe
cookie_exists=true
cookie_count=45
cookie_size=9899
cookie_mtime=2026-08-22 14:30:44
cookie_header=REDACTED
sessionid=absent
msToken=present
sid_tt=absent
ttwid=absent
tt_chain_token=absent
passport_csrf_token=absent

============================================================
[ATTEMPT]
task_id=45B88C
attempt=1
concurrency=8
============================================================

[COOKIE]
task_id=45B88C
source=extension
file=_all_cookies.txt
session_copy=_session_cookie_45B88C.txt
exists=true
size=9899
mtime=2026-08-22 14:30:18
refreshed=true

[UA]
task_id=45B88C
source=extension
length=111

[REFERER]
task_id=45B88C
source=extension
value=https://www.tiktok.com/search?q=Jack+Jerry+prediction+filter&t=1787376624627

[PROXY]
task_id=45B88C
enabled=false
source=system
value=default

[JS RUNTIME]
task_id=45B88C
attempt=1
enabled=true
runtime=node
path=C:\Program Files\nodejs\node.exe
js_runtime_args=--no-js-runtimes --js-runtimes node:C:\Program Files\nodejs\node.exe

[YTDLP]
task_id=45B88C
attempt=1
stage=RESOLVE+DOWNLOAD
concurrency=8
retries=5
extractor_retries=3
fragment_retries=5

[COMMAND] task_id=45B88C C:\Users\Administrator\Desktop\下载\bin\yt-dlp.exe --newline --no-warnings --no-playlist --no-check-certificates --no-mtime --encoding utf-8 --user-agent Mozilla/5.0 (Windows NT 10.0; Win64; x64) AppleWebKit/537.36 (KHTML, like Gecko) Chrome/151.0.0.0 Safari/537.36 --ffmpeg-location C:\Users\Administrator\Desktop\下载\ffmpeg\bin\ffmpeg.exe -f bv*+ba/b --merge-output-format mp4 --windows-filenames --socket-timeout 30 --retries 5 --fragment-retries 5 --extractor-retries 3 --file-access-retries 3 --retry-sleep exp=1:30 --buffer-size 16M --trim-filenames 200 --skip-unavailable-fragments -o C:\Users\Administrator\Desktop\下载\_download_temp\job_5_1787380240\source.%(ext)s --no-js-runtimes --js-runtimes node:C:\Program Files\nodejs\node.exe --cookies REDACTED --referer https://www.tiktok.com/search?q=Jack%20Jerry%20prediction%20filter&t=1787376624627 --add-header Referer: https://www.tiktok.com/search?q=Jack%20Jerry%20prediction%20filter&t=1787376624627 --http-chunk-size 10M --add-header Accept: text/html,application/xhtml+xml,application/xml;q=0.9,image/avif,image/webp,image/apng,*/*;q=0.8 --add-header Accept-Language: en-US,en;q=0.9,zh-CN;q=0.8,zh;q=0.7 --add-header Accept-Encoding: gzip, deflate, br --add-header Connection: keep-alive --add-header Upgrade-Insecure-Requests: 1 --add-header Sec-Fetch-Dest: document --add-header Sec-Fetch-Mode: navigate --add-header Sec-Fetch-Site: none --add-header Sec-Fetch-User: ?1 -N 8 https://www.tiktok.com/@notitsmenicksmithy/video/7488108694538947870
[RESOLVE] task_id=45B88C attempt=1 status=START
[CHALLENGE] task_id=45B88C attempt=1 challenge_solver=native_python
[RESOLVE] task_id=45B88C attempt=1 status=SUCCESS
[DOWNLOAD] task_id=45B88C attempt=1 status=SUCCESS
[YTDLP RESULT] task_id=45B88C attempt=1 resolve=SUCCESS download=SUCCESS error_class=NA
============================================================
[TIKTOK TASK END]
task_id=45B88C
result=SUCCESS
attempts=1
elapsed=24.9s
initial_error_class=NONE
initial_error=NONE
initial_message=NONE
final_error_class=NONE
final_error=NONE
final_failed_stage=NA
============================================================

============================================================
[TASK END]
task_id=45B88C
result=SUCCESS
attempts=1
elapsed=24.9s
initial_error_class=NONE
initial_error=NONE
final_error_class=NONE
final_error=NONE
============================================================

============================================================
[TASK START]
task_id=617F90
platform=tiktok
url=https://www.tiktok.com/@mark.ohh7/video/7580527621587406135
start_time=2026-08-22 14:31:25
============================================================

[ENVIRONMENT]
python_version=3.11.9
os=Windows
yt_dlp_path=C:\Users\Administrator\Desktop\下载\bin\yt-dlp.exe
yt_dlp_version=2026.08.19
node_path=C:\Program Files\nodejs\node.EXE
ffmpeg_path=C:\Users\Administrator\Desktop\下载\ffmpeg\bin\ffmpeg.exe

============================================================
[TIKTOK TASK START]
task_id=617F90
url=https://www.tiktok.com/@mark.ohh7/video/7580527621587406135
time=2026-08-22 14:31:29
============================================================

[REQUEST]
task_id=617F90
cookie=true
ua=true
referer=true
concurrency=8
action=INITIAL_READ
js_runtime_args=--no-js-runtimes --js-runtimes node:C:\Program Files\nodejs\node.exe
cookie_exists=true
cookie_count=45
cookie_size=9899
cookie_mtime=2026-08-22 14:31:29
cookie_header=REDACTED
sessionid=absent
msToken=present
sid_tt=absent
ttwid=absent
tt_chain_token=absent
passport_csrf_token=absent

============================================================
[ATTEMPT]
task_id=617F90
attempt=1
concurrency=8
============================================================

[COOKIE]
task_id=617F90
source=extension
file=_all_cookies.txt
session_copy=_session_cookie_617F90.txt
exists=true
size=9899
mtime=2026-08-22 14:31:05
refreshed=true

[UA]
task_id=617F90
source=extension
length=111

[REFERER]
task_id=617F90
source=extension
value=https://www.tiktok.com/search?q=Jack+Jerry+prediction+filter&t=1787376624627

[PROXY]
task_id=617F90
enabled=false
source=system
value=default

[JS RUNTIME]
task_id=617F90
attempt=1
enabled=true
runtime=node
path=C:\Program Files\nodejs\node.exe
js_runtime_args=--no-js-runtimes --js-runtimes node:C:\Program Files\nodejs\node.exe

[YTDLP]
task_id=617F90
attempt=1
stage=RESOLVE+DOWNLOAD
concurrency=8
retries=5
extractor_retries=3
fragment_retries=5

[COMMAND] task_id=617F90 C:\Users\Administrator\Desktop\下载\bin\yt-dlp.exe --newline --no-warnings --no-playlist --no-check-certificates --no-mtime --encoding utf-8 --user-agent Mozilla/5.0 (Windows NT 10.0; Win64; x64) AppleWebKit/537.36 (KHTML, like Gecko) Chrome/151.0.0.0 Safari/537.36 --ffmpeg-location C:\Users\Administrator\Desktop\下载\ffmpeg\bin\ffmpeg.exe -f bv*+ba/b --merge-output-format mp4 --windows-filenames --socket-timeout 30 --retries 5 --fragment-retries 5 --extractor-retries 3 --file-access-retries 3 --retry-sleep exp=1:30 --buffer-size 16M --trim-filenames 200 --skip-unavailable-fragments -o C:\Users\Administrator\Desktop\下载\_download_temp\job_6_1787380285\source.%(ext)s --no-js-runtimes --js-runtimes node:C:\Program Files\nodejs\node.exe --cookies REDACTED --referer https://www.tiktok.com/search?q=Jack%20Jerry%20prediction%20filter&t=1787376624627 --add-header Referer: https://www.tiktok.com/search?q=Jack%20Jerry%20prediction%20filter&t=1787376624627 --http-chunk-size 10M --add-header Accept: text/html,application/xhtml+xml,application/xml;q=0.9,image/avif,image/webp,image/apng,*/*;q=0.8 --add-header Accept-Language: en-US,en;q=0.9,zh-CN;q=0.8,zh;q=0.7 --add-header Accept-Encoding: gzip, deflate, br --add-header Connection: keep-alive --add-header Upgrade-Insecure-Requests: 1 --add-header Sec-Fetch-Dest: document --add-header Sec-Fetch-Mode: navigate --add-header Sec-Fetch-Site: none --add-header Sec-Fetch-User: ?1 -N 8 https://www.tiktok.com/@mark.ohh7/video/7580527621587406135
[RESOLVE] task_id=617F90 attempt=1 status=START
[CHALLENGE] task_id=617F90 attempt=1 challenge_solver=native_python
[RESOLVE] task_id=617F90 attempt=1 status=FAILED
[YTDLP RESULT] task_id=617F90 attempt=1 resolve=FAILED download=NA error_class=TIKTOK_RESOLVE reason=UNIVERSAL_DATA
[ERROR]
task_id=617F90
attempt=1
class=EXTRACTOR
category=TIKTOK_RESOLVE
stage=RESOLVE
reason=UNIVERSAL_DATA
message=ERROR: [TikTok] 7580527621587406135: Unable to extract universal data for rehydration; please report this issue on  https://github.com/yt-dlp/yt-dlp/issues?q= , filling out the appropriate issue template. Confirm you are on the latest version using  yt-dlp -U
action=INITIAL_READ
challenge_solver=native_python

[YTDLP STDERR]
[TikTok] Extracting URL: https://www.tiktok.com/@mark.ohh7/video/7580527621587406135
[TikTok] 7580527621587406135: Downloading webpage
[TikTok] Solving JS challenge using native Python implementation
[TikTok] 7580527621587406135: Downloading webpage with challenge cookie
ERROR: [TikTok] 7580527621587406135: Unable to extract universal data for rehydration; please report this issue on  https://github.com/yt-dlp/yt-dlp/issues?q= , filling out the appropriate issue template. Confirm you are on the latest version using  yt-dlp -U

[TIKTOK RECOVERY]
task_id=617F90
stage=RESOLVE
attempt=2
reason=UNIVERSAL_DATA
action=REFRESH_COOKIE
action=REFRESH_UA
action=REFRESH_REFERER
action=REBUILD_YTDLP_ARGS
concurrency=8
wait=2s

[REQUEST]
task_id=617F90
cookie=true
ua=true
referer=true
concurrency=8
action=REFRESH_BROWSER_STATE
js_runtime_args=--no-js-runtimes --js-runtimes node:C:\Program Files\nodejs\node.exe
cookie_exists=true
cookie_count=45
cookie_size=9899
cookie_mtime=2026-08-22 14:31:44
cookie_header=REDACTED
retry_reason=ERROR: [TikTok] 7580527621587406135: Unable to extract universal data for rehydration; please report this issue on  https://github.com/yt-dlp/yt-dlp/issues?q= , filling out the appropriate issue template. Confirm you are on the latest version using  yt-dlp -U
sessionid=absent
msToken=present
sid_tt=absent
ttwid=absent
tt_chain_token=absent
passport_csrf_token=absent

============================================================
[ATTEMPT]
task_id=617F90
attempt=2
concurrency=8
============================================================

[COOKIE]
task_id=617F90
source=extension
file=_all_cookies.txt
session_copy=_session_cookie_617F90.txt
exists=true
size=9899
mtime=2026-08-22 14:31:05
refreshed=true

[UA]
task_id=617F90
source=extension
length=111

[REFERER]
task_id=617F90
source=extension
value=https://www.tiktok.com/search?q=Jack+Jerry+prediction+filter&t=1787376624627

[PROXY]
task_id=617F90
enabled=false
source=system
value=default

[JS RUNTIME]
task_id=617F90
attempt=2
enabled=true
runtime=node
path=C:\Program Files\nodejs\node.exe
js_runtime_args=--no-js-runtimes --js-runtimes node:C:\Program Files\nodejs\node.exe

[YTDLP]
task_id=617F90
attempt=2
stage=RESOLVE+DOWNLOAD
concurrency=8
retries=5
extractor_retries=3
fragment_retries=5

[COMMAND] task_id=617F90 C:\Users\Administrator\Desktop\下载\bin\yt-dlp.exe --newline --no-warnings --no-playlist --no-check-certificates --no-mtime --encoding utf-8 --user-agent Mozilla/5.0 (Windows NT 10.0; Win64; x64) AppleWebKit/537.36 (KHTML, like Gecko) Chrome/151.0.0.0 Safari/537.36 --ffmpeg-location C:\Users\Administrator\Desktop\下载\ffmpeg\bin\ffmpeg.exe -f bv*+ba/b --merge-output-format mp4 --windows-filenames --socket-timeout 30 --retries 5 --fragment-retries 5 --extractor-retries 3 --file-access-retries 3 --retry-sleep exp=1:30 --buffer-size 16M --trim-filenames 200 --skip-unavailable-fragments -o C:\Users\Administrator\Desktop\下载\_download_temp\job_6_1787380285\source.%(ext)s --no-js-runtimes --js-runtimes node:C:\Program Files\nodejs\node.exe --cookies REDACTED --referer https://www.tiktok.com/search?q=Jack%20Jerry%20prediction%20filter&t=1787376624627 --add-header Referer: https://www.tiktok.com/search?q=Jack%20Jerry%20prediction%20filter&t=1787376624627 --http-chunk-size 10M --add-header Accept: text/html,application/xhtml+xml,application/xml;q=0.9,image/avif,image/webp,image/apng,*/*;q=0.8 --add-header Accept-Language: en-US,en;q=0.9,zh-CN;q=0.8,zh;q=0.7 --add-header Accept-Encoding: gzip, deflate, br --add-header Connection: keep-alive --add-header Upgrade-Insecure-Requests: 1 --add-header Sec-Fetch-Dest: document --add-header Sec-Fetch-Mode: navigate --add-header Sec-Fetch-Site: none --add-header Sec-Fetch-User: ?1 -N 8 https://www.tiktok.com/@mark.ohh7/video/7580527621587406135
[RESOLVE] task_id=617F90 attempt=2 status=START
[CHALLENGE] task_id=617F90 attempt=2 challenge_solver=native_python
[RESOLVE] task_id=617F90 attempt=2 status=FAILED
[YTDLP RESULT] task_id=617F90 attempt=2 resolve=FAILED download=NA error_class=TIKTOK_RESOLVE reason=UNIVERSAL_DATA
[ERROR]
task_id=617F90
attempt=2
class=EXTRACTOR
category=TIKTOK_RESOLVE
stage=RESOLVE
reason=UNIVERSAL_DATA
message=ERROR: [TikTok] 7580527621587406135: Unable to extract universal data for rehydration; please report this issue on  https://github.com/yt-dlp/yt-dlp/issues?q= , filling out the appropriate issue template. Confirm you are on the latest version using  yt-dlp -U
action=REFRESH_BROWSER_STATE
challenge_solver=native_python

[YTDLP STDERR]
[TikTok] Extracting URL: https://www.tiktok.com/@mark.ohh7/video/7580527621587406135
[TikTok] 7580527621587406135: Downloading webpage
[TikTok] Solving JS challenge using native Python implementation
[TikTok] 7580527621587406135: Downloading webpage with challenge cookie
ERROR: [TikTok] 7580527621587406135: Unable to extract universal data for rehydration; please report this issue on  https://github.com/yt-dlp/yt-dlp/issues?q= , filling out the appropriate issue template. Confirm you are on the latest version using  yt-dlp -U

[TIKTOK RECOVERY]
task_id=617F90
stage=RESOLVE
attempt=3
reason=UNIVERSAL_DATA
action=REFRESH_COOKIE
action=REFRESH_UA
action=REFRESH_REFERER
action=REBUILD_YTDLP_ARGS
concurrency=8
wait=6s

[REQUEST]
task_id=617F90
cookie=true
ua=true
referer=true
concurrency=8
action=REFRESH_BROWSER_STATE
js_runtime_args=--no-js-runtimes --js-runtimes node:C:\Program Files\nodejs\node.exe
cookie_exists=true
cookie_count=45
cookie_size=9899
cookie_mtime=2026-08-22 14:31:59
cookie_header=REDACTED
retry_reason=ERROR: [TikTok] 7580527621587406135: Unable to extract universal data for rehydration; please report this issue on  https://github.com/yt-dlp/yt-dlp/issues?q= , filling out the appropriate issue template. Confirm you are on the latest version using  yt-dlp -U
sessionid=absent
msToken=present
sid_tt=absent
ttwid=absent
tt_chain_token=absent
passport_csrf_token=absent

============================================================
[ATTEMPT]
task_id=617F90
attempt=3
concurrency=8
============================================================

[COOKIE]
task_id=617F90
source=extension
file=_all_cookies.txt
session_copy=_session_cookie_617F90.txt
exists=true
size=9899
mtime=2026-08-22 14:31:05
refreshed=true

[UA]
task_id=617F90
source=extension
length=111

[REFERER]
task_id=617F90
source=extension
value=https://www.tiktok.com/search?q=Jack+Jerry+prediction+filter&t=1787376624627

[PROXY]
task_id=617F90
enabled=false
source=system
value=default

[JS RUNTIME]
task_id=617F90
attempt=3
enabled=true
runtime=node
path=C:\Program Files\nodejs\node.exe
js_runtime_args=--no-js-runtimes --js-runtimes node:C:\Program Files\nodejs\node.exe

[YTDLP]
task_id=617F90
attempt=3
stage=RESOLVE+DOWNLOAD
concurrency=8
retries=5
extractor_retries=3
fragment_retries=5

[COMMAND] task_id=617F90 C:\Users\Administrator\Desktop\下载\bin\yt-dlp.exe --newline --no-warnings --no-playlist --no-check-certificates --no-mtime --encoding utf-8 --user-agent Mozilla/5.0 (Windows NT 10.0; Win64; x64) AppleWebKit/537.36 (KHTML, like Gecko) Chrome/151.0.0.0 Safari/537.36 --ffmpeg-location C:\Users\Administrator\Desktop\下载\ffmpeg\bin\ffmpeg.exe -f bv*+ba/b --merge-output-format mp4 --windows-filenames --socket-timeout 30 --retries 5 --fragment-retries 5 --extractor-retries 3 --file-access-retries 3 --retry-sleep exp=1:30 --buffer-size 16M --trim-filenames 200 --skip-unavailable-fragments -o C:\Users\Administrator\Desktop\下载\_download_temp\job_6_1787380285\source.%(ext)s --no-js-runtimes --js-runtimes node:C:\Program Files\nodejs\node.exe --cookies REDACTED --referer https://www.tiktok.com/search?q=Jack%20Jerry%20prediction%20filter&t=1787376624627 --add-header Referer: https://www.tiktok.com/search?q=Jack%20Jerry%20prediction%20filter&t=1787376624627 --http-chunk-size 10M --add-header Accept: text/html,application/xhtml+xml,application/xml;q=0.9,image/avif,image/webp,image/apng,*/*;q=0.8 --add-header Accept-Language: en-US,en;q=0.9,zh-CN;q=0.8,zh;q=0.7 --add-header Accept-Encoding: gzip, deflate, br --add-header Connection: keep-alive --add-header Upgrade-Insecure-Requests: 1 --add-header Sec-Fetch-Dest: document --add-header Sec-Fetch-Mode: navigate --add-header Sec-Fetch-Site: none --add-header Sec-Fetch-User: ?1 -N 8 https://www.tiktok.com/@mark.ohh7/video/7580527621587406135
[RESOLVE] task_id=617F90 attempt=3 status=START
[CHALLENGE] task_id=617F90 attempt=3 challenge_solver=native_python
[RESOLVE] task_id=617F90 attempt=3 status=FAILED
[YTDLP RESULT] task_id=617F90 attempt=3 resolve=FAILED download=NA error_class=TIKTOK_RESOLVE reason=UNIVERSAL_DATA
[ERROR]
task_id=617F90
attempt=3
class=EXTRACTOR
category=TIKTOK_RESOLVE
stage=RESOLVE
reason=UNIVERSAL_DATA
message=ERROR: [TikTok] 7580527621587406135: Unable to extract universal data for rehydration; please report this issue on  https://github.com/yt-dlp/yt-dlp/issues?q= , filling out the appropriate issue template. Confirm you are on the latest version using  yt-dlp -U
action=REFRESH_BROWSER_STATE
challenge_solver=native_python

[YTDLP STDERR]
[TikTok] Extracting URL: https://www.tiktok.com/@mark.ohh7/video/7580527621587406135
[TikTok] 7580527621587406135: Downloading webpage
[TikTok] Solving JS challenge using native Python implementation
[TikTok] 7580527621587406135: Downloading webpage with challenge cookie
ERROR: [TikTok] 7580527621587406135: Unable to extract universal data for rehydration; please report this issue on  https://github.com/yt-dlp/yt-dlp/issues?q= , filling out the appropriate issue template. Confirm you are on the latest version using  yt-dlp -U

[TIKTOK RECOVERY]
task_id=617F90
stage=RESOLVE
attempt=4
reason=UNIVERSAL_DATA
action=REFRESH_COOKIE
action=REFRESH_UA
action=REFRESH_REFERER
action=REBUILD_YTDLP_ARGS
concurrency=8
wait=12s

[REQUEST]
task_id=617F90
cookie=true
ua=true
referer=true
concurrency=8
action=REFRESH_BROWSER_STATE
js_runtime_args=--no-js-runtimes --js-runtimes node:C:\Program Files\nodejs\node.exe
cookie_exists=true
cookie_count=45
cookie_size=9899
cookie_mtime=2026-08-22 14:32:21
cookie_header=REDACTED
retry_reason=ERROR: [TikTok] 7580527621587406135: Unable to extract universal data for rehydration; please report this issue on  https://github.com/yt-dlp/yt-dlp/issues?q= , filling out the appropriate issue template. Confirm you are on the latest version using  yt-dlp -U
sessionid=absent
msToken=present
sid_tt=absent
ttwid=absent
tt_chain_token=absent
passport_csrf_token=absent

============================================================
[ATTEMPT]
task_id=617F90
attempt=4
concurrency=8
============================================================

[COOKIE]
task_id=617F90
source=extension
file=_all_cookies.txt
session_copy=_session_cookie_617F90.txt
exists=true
size=9899
mtime=2026-08-22 14:31:05
refreshed=true

[UA]
task_id=617F90
source=extension
length=111

[REFERER]
task_id=617F90
source=extension
value=https://www.tiktok.com/search?q=Jack+Jerry+prediction+filter&t=1787376624627

[PROXY]
task_id=617F90
enabled=false
source=system
value=default

[JS RUNTIME]
task_id=617F90
attempt=4
enabled=true
runtime=node
path=C:\Program Files\nodejs\node.exe
js_runtime_args=--no-js-runtimes --js-runtimes node:C:\Program Files\nodejs\node.exe

[YTDLP]
task_id=617F90
attempt=4
stage=RESOLVE+DOWNLOAD
concurrency=8
retries=5
extractor_retries=3
fragment_retries=5

[COMMAND] task_id=617F90 C:\Users\Administrator\Desktop\下载\bin\yt-dlp.exe --newline --no-warnings --no-playlist --no-check-certificates --no-mtime --encoding utf-8 --user-agent Mozilla/5.0 (Windows NT 10.0; Win64; x64) AppleWebKit/537.36 (KHTML, like Gecko) Chrome/151.0.0.0 Safari/537.36 --ffmpeg-location C:\Users\Administrator\Desktop\下载\ffmpeg\bin\ffmpeg.exe -f bv*+ba/b --merge-output-format mp4 --windows-filenames --socket-timeout 30 --retries 5 --fragment-retries 5 --extractor-retries 3 --file-access-retries 3 --retry-sleep exp=1:30 --buffer-size 16M --trim-filenames 200 --skip-unavailable-fragments -o C:\Users\Administrator\Desktop\下载\_download_temp\job_6_1787380285\source.%(ext)s --no-js-runtimes --js-runtimes node:C:\Program Files\nodejs\node.exe --cookies REDACTED --referer https://www.tiktok.com/search?q=Jack%20Jerry%20prediction%20filter&t=1787376624627 --add-header Referer: https://www.tiktok.com/search?q=Jack%20Jerry%20prediction%20filter&t=1787376624627 --http-chunk-size 10M --add-header Accept: text/html,application/xhtml+xml,application/xml;q=0.9,image/avif,image/webp,image/apng,*/*;q=0.8 --add-header Accept-Language: en-US,en;q=0.9,zh-CN;q=0.8,zh;q=0.7 --add-header Accept-Encoding: gzip, deflate, br --add-header Connection: keep-alive --add-header Upgrade-Insecure-Requests: 1 --add-header Sec-Fetch-Dest: document --add-header Sec-Fetch-Mode: navigate --add-header Sec-Fetch-Site: none --add-header Sec-Fetch-User: ?1 -N 8 https://www.tiktok.com/@mark.ohh7/video/7580527621587406135
[RESOLVE] task_id=617F90 attempt=4 status=START
[CHALLENGE] task_id=617F90 attempt=4 challenge_solver=native_python
[RESOLVE] task_id=617F90 attempt=4 status=FAILED
[YTDLP RESULT] task_id=617F90 attempt=4 resolve=FAILED download=NA error_class=TIKTOK_RESOLVE reason=UNIVERSAL_DATA
[ERROR]
task_id=617F90
attempt=4
class=EXTRACTOR
category=TIKTOK_RESOLVE
stage=RESOLVE
reason=UNIVERSAL_DATA
message=ERROR: [TikTok] 7580527621587406135: Unable to extract universal data for rehydration; please report this issue on  https://github.com/yt-dlp/yt-dlp/issues?q= , filling out the appropriate issue template. Confirm you are on the latest version using  yt-dlp -U
action=REFRESH_BROWSER_STATE
challenge_solver=native_python

[YTDLP STDERR]
[TikTok] Extracting URL: https://www.tiktok.com/@mark.ohh7/video/7580527621587406135
[TikTok] 7580527621587406135: Downloading webpage
[TikTok] Solving JS challenge using native Python implementation
[TikTok] 7580527621587406135: Downloading webpage with challenge cookie
ERROR: [TikTok] 7580527621587406135: Unable to extract universal data for rehydration; please report this issue on  https://github.com/yt-dlp/yt-dlp/issues?q= , filling out the appropriate issue template. Confirm you are on the latest version using  yt-dlp -U

============================================================
[TIKTOK TASK END]
task_id=617F90
result=FAILED
attempts=4
elapsed=65.8s
initial_error_class=TIKTOK_RESOLVE
initial_error=UNIVERSAL_DATA
initial_message=ERROR: [TikTok] 7580527621587406135: Unable to extract universal data for rehydration; please report this issue on  https://github.com/yt-dlp/yt-dlp/issues?q= , filling out the appropriate issue template. Confirm you are on the latest version using  yt-dlp -U
final_error_class=TIKTOK_RESOLVE
final_error=UNIVERSAL_DATA
final_failed_stage=RESOLVE
============================================================

============================================================
[TASK END]
task_id=617F90
result=FAILED
attempts=4
elapsed=65.8s
initial_error_class=TIKTOK_RESOLVE
initial_error=UNIVERSAL_DATA
final_error_class=TIKTOK_RESOLVE
final_error=UNIVERSAL_DATA
============================================================

============================================================
[TASK START]
task_id=9713B0
platform=tiktok
url=https://www.tiktok.com/@sam_mashiya/video/7496501007552154935
start_time=2026-08-22 14:32:31
============================================================

[ENVIRONMENT]
python_version=3.11.9
os=Windows
yt_dlp_path=C:\Users\Administrator\Desktop\下载\bin\yt-dlp.exe
yt_dlp_version=2026.08.19
node_path=C:\Program Files\nodejs\node.EXE
ffmpeg_path=C:\Users\Administrator\Desktop\下载\ffmpeg\bin\ffmpeg.exe

============================================================
[TIKTOK TASK START]
task_id=9713B0
url=https://www.tiktok.com/@sam_mashiya/video/7496501007552154935
time=2026-08-22 14:32:34
============================================================

[REQUEST]
task_id=9713B0
cookie=true
ua=true
referer=true
concurrency=8
action=INITIAL_READ
js_runtime_args=--no-js-runtimes --js-runtimes node:C:\Program Files\nodejs\node.exe
cookie_exists=true
cookie_count=45
cookie_size=9899
cookie_mtime=2026-08-22 14:32:34
cookie_header=REDACTED
sessionid=absent
msToken=present
sid_tt=absent
ttwid=absent
tt_chain_token=absent
passport_csrf_token=absent

============================================================
[ATTEMPT]
task_id=9713B0
attempt=1
concurrency=8
============================================================

[COOKIE]
task_id=9713B0
source=extension
file=_all_cookies.txt
session_copy=_session_cookie_9713B0.txt
exists=true
size=9899
mtime=2026-08-22 14:31:05
refreshed=true

[UA]
task_id=9713B0
source=extension
length=111

[REFERER]
task_id=9713B0
source=extension
value=https://www.tiktok.com/search?q=Jack+Jerry+prediction+filter&t=1787376624627

[PROXY]
task_id=9713B0
enabled=false
source=system
value=default

[JS RUNTIME]
task_id=9713B0
attempt=1
enabled=true
runtime=node
path=C:\Program Files\nodejs\node.exe
js_runtime_args=--no-js-runtimes --js-runtimes node:C:\Program Files\nodejs\node.exe

[YTDLP]
task_id=9713B0
attempt=1
stage=RESOLVE+DOWNLOAD
concurrency=8
retries=5
extractor_retries=3
fragment_retries=5

[COMMAND] task_id=9713B0 C:\Users\Administrator\Desktop\下载\bin\yt-dlp.exe --newline --no-warnings --no-playlist --no-check-certificates --no-mtime --encoding utf-8 --user-agent Mozilla/5.0 (Windows NT 10.0; Win64; x64) AppleWebKit/537.36 (KHTML, like Gecko) Chrome/151.0.0.0 Safari/537.36 --ffmpeg-location C:\Users\Administrator\Desktop\下载\ffmpeg\bin\ffmpeg.exe -f bv*+ba/b --merge-output-format mp4 --windows-filenames --socket-timeout 30 --retries 5 --fragment-retries 5 --extractor-retries 3 --file-access-retries 3 --retry-sleep exp=1:30 --buffer-size 16M --trim-filenames 200 --skip-unavailable-fragments -o C:\Users\Administrator\Desktop\下载\_download_temp\job_7_1787380351\source.%(ext)s --no-js-runtimes --js-runtimes node:C:\Program Files\nodejs\node.exe --cookies REDACTED --referer https://www.tiktok.com/search?q=Jack%20Jerry%20prediction%20filter&t=1787376624627 --add-header Referer: https://www.tiktok.com/search?q=Jack%20Jerry%20prediction%20filter&t=1787376624627 --http-chunk-size 10M --add-header Accept: text/html,application/xhtml+xml,application/xml;q=0.9,image/avif,image/webp,image/apng,*/*;q=0.8 --add-header Accept-Language: en-US,en;q=0.9,zh-CN;q=0.8,zh;q=0.7 --add-header Accept-Encoding: gzip, deflate, br --add-header Connection: keep-alive --add-header Upgrade-Insecure-Requests: 1 --add-header Sec-Fetch-Dest: document --add-header Sec-Fetch-Mode: navigate --add-header Sec-Fetch-Site: none --add-header Sec-Fetch-User: ?1 -N 8 https://www.tiktok.com/@sam_mashiya/video/7496501007552154935
[RESOLVE] task_id=9713B0 attempt=1 status=START
[CHALLENGE] task_id=9713B0 attempt=1 challenge_solver=native_python
[RESOLVE] task_id=9713B0 attempt=1 status=FAILED
[YTDLP RESULT] task_id=9713B0 attempt=1 resolve=FAILED download=NA error_class=TIKTOK_RESOLVE reason=UNIVERSAL_DATA
[ERROR]
task_id=9713B0
attempt=1
class=EXTRACTOR
category=TIKTOK_RESOLVE
stage=RESOLVE
reason=UNIVERSAL_DATA
message=ERROR: [TikTok] 7496501007552154935: Unable to extract universal data for rehydration; please report this issue on  https://github.com/yt-dlp/yt-dlp/issues?q= , filling out the appropriate issue template. Confirm you are on the latest version using  yt-dlp -U
action=INITIAL_READ
challenge_solver=native_python

[YTDLP STDERR]
[TikTok] Extracting URL: https://www.tiktok.com/@sam_mashiya/video/7496501007552154935
[TikTok] 7496501007552154935: Downloading webpage
[TikTok] Solving JS challenge using native Python implementation
[TikTok] 7496501007552154935: Downloading webpage with challenge cookie
ERROR: [TikTok] 7496501007552154935: Unable to extract universal data for rehydration; please report this issue on  https://github.com/yt-dlp/yt-dlp/issues?q= , filling out the appropriate issue template. Confirm you are on the latest version using  yt-dlp -U

[TIKTOK RECOVERY]
task_id=9713B0
stage=RESOLVE
attempt=2
reason=UNIVERSAL_DATA
action=REFRESH_COOKIE
action=REFRESH_UA
action=REFRESH_REFERER
action=REBUILD_YTDLP_ARGS
concurrency=8
wait=2s

[REQUEST]
task_id=9713B0
cookie=true
ua=true
referer=true
concurrency=8
action=REFRESH_BROWSER_STATE
js_runtime_args=--no-js-runtimes --js-runtimes node:C:\Program Files\nodejs\node.exe
cookie_exists=true
cookie_count=45
cookie_size=9899
cookie_mtime=2026-08-22 14:32:47
cookie_header=REDACTED
retry_reason=ERROR: [TikTok] 7496501007552154935: Unable to extract universal data for rehydration; please report this issue on  https://github.com/yt-dlp/yt-dlp/issues?q= , filling out the appropriate issue template. Confirm you are on the latest version using  yt-dlp -U
sessionid=absent
msToken=present
sid_tt=absent
ttwid=absent
tt_chain_token=absent
passport_csrf_token=absent

============================================================
[ATTEMPT]
task_id=9713B0
attempt=2
concurrency=8
============================================================

[COOKIE]
task_id=9713B0
source=extension
file=_all_cookies.txt
session_copy=_session_cookie_9713B0.txt
exists=true
size=9899
mtime=2026-08-22 14:32:37
refreshed=true

[UA]
task_id=9713B0
source=extension
length=111

[REFERER]
task_id=9713B0
source=extension
value=https://www.tiktok.com/search?q=Jack+Jerry+prediction+filter&t=1787376624627

[PROXY]
task_id=9713B0
enabled=false
source=system
value=default

[JS RUNTIME]
task_id=9713B0
attempt=2
enabled=true
runtime=node
path=C:\Program Files\nodejs\node.exe
js_runtime_args=--no-js-runtimes --js-runtimes node:C:\Program Files\nodejs\node.exe

[YTDLP]
task_id=9713B0
attempt=2
stage=RESOLVE+DOWNLOAD
concurrency=8
retries=5
extractor_retries=3
fragment_retries=5

[COMMAND] task_id=9713B0 C:\Users\Administrator\Desktop\下载\bin\yt-dlp.exe --newline --no-warnings --no-playlist --no-check-certificates --no-mtime --encoding utf-8 --user-agent Mozilla/5.0 (Windows NT 10.0; Win64; x64) AppleWebKit/537.36 (KHTML, like Gecko) Chrome/151.0.0.0 Safari/537.36 --ffmpeg-location C:\Users\Administrator\Desktop\下载\ffmpeg\bin\ffmpeg.exe -f bv*+ba/b --merge-output-format mp4 --windows-filenames --socket-timeout 30 --retries 5 --fragment-retries 5 --extractor-retries 3 --file-access-retries 3 --retry-sleep exp=1:30 --buffer-size 16M --trim-filenames 200 --skip-unavailable-fragments -o C:\Users\Administrator\Desktop\下载\_download_temp\job_7_1787380351\source.%(ext)s --no-js-runtimes --js-runtimes node:C:\Program Files\nodejs\node.exe --cookies REDACTED --referer https://www.tiktok.com/search?q=Jack%20Jerry%20prediction%20filter&t=1787376624627 --add-header Referer: https://www.tiktok.com/search?q=Jack%20Jerry%20prediction%20filter&t=1787376624627 --http-chunk-size 10M --add-header Accept: text/html,application/xhtml+xml,application/xml;q=0.9,image/avif,image/webp,image/apng,*/*;q=0.8 --add-header Accept-Language: en-US,en;q=0.9,zh-CN;q=0.8,zh;q=0.7 --add-header Accept-Encoding: gzip, deflate, br --add-header Connection: keep-alive --add-header Upgrade-Insecure-Requests: 1 --add-header Sec-Fetch-Dest: document --add-header Sec-Fetch-Mode: navigate --add-header Sec-Fetch-Site: none --add-header Sec-Fetch-User: ?1 -N 8 https://www.tiktok.com/@sam_mashiya/video/7496501007552154935
[RESOLVE] task_id=9713B0 attempt=2 status=START
[CHALLENGE] task_id=9713B0 attempt=2 challenge_solver=native_python
[RESOLVE] task_id=9713B0 attempt=2 status=FAILED
[YTDLP RESULT] task_id=9713B0 attempt=2 resolve=FAILED download=NA error_class=TIKTOK_RESOLVE reason=UNIVERSAL_DATA
[ERROR]
task_id=9713B0
attempt=2
class=EXTRACTOR
category=TIKTOK_RESOLVE
stage=RESOLVE
reason=UNIVERSAL_DATA
message=ERROR: [TikTok] 7496501007552154935: Unable to extract universal data for rehydration; please report this issue on  https://github.com/yt-dlp/yt-dlp/issues?q= , filling out the appropriate issue template. Confirm you are on the latest version using  yt-dlp -U
action=REFRESH_BROWSER_STATE
challenge_solver=native_python

[YTDLP STDERR]
[TikTok] Extracting URL: https://www.tiktok.com/@sam_mashiya/video/7496501007552154935
[TikTok] 7496501007552154935: Downloading webpage
[TikTok] Solving JS challenge using native Python implementation
[TikTok] 7496501007552154935: Downloading webpage with challenge cookie
ERROR: [TikTok] 7496501007552154935: Unable to extract universal data for rehydration; please report this issue on  https://github.com/yt-dlp/yt-dlp/issues?q= , filling out the appropriate issue template. Confirm you are on the latest version using  yt-dlp -U

[TIKTOK RECOVERY]
task_id=9713B0
stage=RESOLVE
attempt=3
reason=UNIVERSAL_DATA
action=REFRESH_COOKIE
action=REFRESH_UA
action=REFRESH_REFERER
action=REBUILD_YTDLP_ARGS
concurrency=8
wait=6s

[REQUEST]
task_id=9713B0
cookie=true
ua=true
referer=true
concurrency=8
action=REFRESH_BROWSER_STATE
js_runtime_args=--no-js-runtimes --js-runtimes node:C:\Program Files\nodejs\node.exe
cookie_exists=true
cookie_count=45
cookie_size=9899
cookie_mtime=2026-08-22 14:33:04
cookie_header=REDACTED
retry_reason=ERROR: [TikTok] 7496501007552154935: Unable to extract universal data for rehydration; please report this issue on  https://github.com/yt-dlp/yt-dlp/issues?q= , filling out the appropriate issue template. Confirm you are on the latest version using  yt-dlp -U
sessionid=absent
msToken=present
sid_tt=absent
ttwid=absent
tt_chain_token=absent
passport_csrf_token=absent

============================================================
[ATTEMPT]
task_id=9713B0
attempt=3
concurrency=8
============================================================

[COOKIE]
task_id=9713B0
source=extension
file=_all_cookies.txt
session_copy=_session_cookie_9713B0.txt
exists=true
size=9899
mtime=2026-08-22 14:33:05
refreshed=true

[UA]
task_id=9713B0
source=extension
length=111

[REFERER]
task_id=9713B0
source=extension
value=https://www.tiktok.com/search?q=Jack+Jerry+prediction+filter&t=1787376624627

[PROXY]
task_id=9713B0
enabled=false
source=system
value=default

[JS RUNTIME]
task_id=9713B0
attempt=3
enabled=true
runtime=node
path=C:\Program Files\nodejs\node.exe
js_runtime_args=--no-js-runtimes --js-runtimes node:C:\Program Files\nodejs\node.exe

[YTDLP]
task_id=9713B0
attempt=3
stage=RESOLVE+DOWNLOAD
concurrency=8
retries=5
extractor_retries=3
fragment_retries=5

[COMMAND] task_id=9713B0 C:\Users\Administrator\Desktop\下载\bin\yt-dlp.exe --newline --no-warnings --no-playlist --no-check-certificates --no-mtime --encoding utf-8 --user-agent Mozilla/5.0 (Windows NT 10.0; Win64; x64) AppleWebKit/537.36 (KHTML, like Gecko) Chrome/151.0.0.0 Safari/537.36 --ffmpeg-location C:\Users\Administrator\Desktop\下载\ffmpeg\bin\ffmpeg.exe -f bv*+ba/b --merge-output-format mp4 --windows-filenames --socket-timeout 30 --retries 5 --fragment-retries 5 --extractor-retries 3 --file-access-retries 3 --retry-sleep exp=1:30 --buffer-size 16M --trim-filenames 200 --skip-unavailable-fragments -o C:\Users\Administrator\Desktop\下载\_download_temp\job_7_1787380351\source.%(ext)s --no-js-runtimes --js-runtimes node:C:\Program Files\nodejs\node.exe --cookies REDACTED --referer https://www.tiktok.com/search?q=Jack%20Jerry%20prediction%20filter&t=1787376624627 --add-header Referer: https://www.tiktok.com/search?q=Jack%20Jerry%20prediction%20filter&t=1787376624627 --http-chunk-size 10M --add-header Accept: text/html,application/xhtml+xml,application/xml;q=0.9,image/avif,image/webp,image/apng,*/*;q=0.8 --add-header Accept-Language: en-US,en;q=0.9,zh-CN;q=0.8,zh;q=0.7 --add-header Accept-Encoding: gzip, deflate, br --add-header Connection: keep-alive --add-header Upgrade-Insecure-Requests: 1 --add-header Sec-Fetch-Dest: document --add-header Sec-Fetch-Mode: navigate --add-header Sec-Fetch-Site: none --add-header Sec-Fetch-User: ?1 -N 8 https://www.tiktok.com/@sam_mashiya/video/7496501007552154935
[RESOLVE] task_id=9713B0 attempt=3 status=START
[CHALLENGE] task_id=9713B0 attempt=3 challenge_solver=native_python
[RESOLVE] task_id=9713B0 attempt=3 status=FAILED
[YTDLP RESULT] task_id=9713B0 attempt=3 resolve=FAILED download=NA error_class=TIKTOK_RESOLVE reason=UNIVERSAL_DATA
[ERROR]
task_id=9713B0
attempt=3
class=EXTRACTOR
category=TIKTOK_RESOLVE
stage=RESOLVE
reason=UNIVERSAL_DATA
message=ERROR: [TikTok] 7496501007552154935: Unable to extract universal data for rehydration; please report this issue on  https://github.com/yt-dlp/yt-dlp/issues?q= , filling out the appropriate issue template. Confirm you are on the latest version using  yt-dlp -U
action=REFRESH_BROWSER_STATE
challenge_solver=native_python

[YTDLP STDERR]
[TikTok] Extracting URL: https://www.tiktok.com/@sam_mashiya/video/7496501007552154935
[TikTok] 7496501007552154935: Downloading webpage
[TikTok] Solving JS challenge using native Python implementation
[TikTok] 7496501007552154935: Downloading webpage with challenge cookie
ERROR: [TikTok] 7496501007552154935: Unable to extract universal data for rehydration; please report this issue on  https://github.com/yt-dlp/yt-dlp/issues?q= , filling out the appropriate issue template. Confirm you are on the latest version using  yt-dlp -U

[TIKTOK RECOVERY]
task_id=9713B0
stage=RESOLVE
attempt=4
reason=UNIVERSAL_DATA
action=REFRESH_COOKIE
action=REFRESH_UA
action=REFRESH_REFERER
action=REBUILD_YTDLP_ARGS
concurrency=8
wait=12s

[REQUEST]
task_id=9713B0
cookie=true
ua=true
referer=true
concurrency=8
action=REFRESH_BROWSER_STATE
js_runtime_args=--no-js-runtimes --js-runtimes node:C:\Program Files\nodejs\node.exe
cookie_exists=true
cookie_count=45
cookie_size=8027
cookie_mtime=2026-08-22 14:33:26
cookie_header=REDACTED
retry_reason=ERROR: [TikTok] 7496501007552154935: Unable to extract universal data for rehydration; please report this issue on  https://github.com/yt-dlp/yt-dlp/issues?q= , filling out the appropriate issue template. Confirm you are on the latest version using  yt-dlp -U
sessionid=absent
msToken=present
sid_tt=absent
ttwid=absent
tt_chain_token=absent
passport_csrf_token=absent

============================================================
[ATTEMPT]
task_id=9713B0
attempt=4
concurrency=8
============================================================

[COOKIE]
task_id=9713B0
source=extension
file=_all_cookies.txt
session_copy=_session_cookie_9713B0.txt
exists=true
size=8027
mtime=2026-08-22 14:33:06
refreshed=true

[UA]
task_id=9713B0
source=extension
length=111

[REFERER]
task_id=9713B0
source=extension
value=https://www.tiktok.com/search?q=Jack+Jerry+prediction+filter&t=1787376624627

[PROXY]
task_id=9713B0
enabled=false
source=system
value=default

[JS RUNTIME]
task_id=9713B0
attempt=4
enabled=true
runtime=node
path=C:\Program Files\nodejs\node.exe
js_runtime_args=--no-js-runtimes --js-runtimes node:C:\Program Files\nodejs\node.exe

[YTDLP]
task_id=9713B0
attempt=4
stage=RESOLVE+DOWNLOAD
concurrency=8
retries=5
extractor_retries=3
fragment_retries=5

[COMMAND] task_id=9713B0 C:\Users\Administrator\Desktop\下载\bin\yt-dlp.exe --newline --no-warnings --no-playlist --no-check-certificates --no-mtime --encoding utf-8 --user-agent Mozilla/5.0 (Windows NT 10.0; Win64; x64) AppleWebKit/537.36 (KHTML, like Gecko) Chrome/151.0.0.0 Safari/537.36 --ffmpeg-location C:\Users\Administrator\Desktop\下载\ffmpeg\bin\ffmpeg.exe -f bv*+ba/b --merge-output-format mp4 --windows-filenames --socket-timeout 30 --retries 5 --fragment-retries 5 --extractor-retries 3 --file-access-retries 3 --retry-sleep exp=1:30 --buffer-size 16M --trim-filenames 200 --skip-unavailable-fragments -o C:\Users\Administrator\Desktop\下载\_download_temp\job_7_1787380351\source.%(ext)s --no-js-runtimes --js-runtimes node:C:\Program Files\nodejs\node.exe --cookies REDACTED --referer https://www.tiktok.com/search?q=Jack%20Jerry%20prediction%20filter&t=1787376624627 --add-header Referer: https://www.tiktok.com/search?q=Jack%20Jerry%20prediction%20filter&t=1787376624627 --http-chunk-size 10M --add-header Accept: text/html,application/xhtml+xml,application/xml;q=0.9,image/avif,image/webp,image/apng,*/*;q=0.8 --add-header Accept-Language: en-US,en;q=0.9,zh-CN;q=0.8,zh;q=0.7 --add-header Accept-Encoding: gzip, deflate, br --add-header Connection: keep-alive --add-header Upgrade-Insecure-Requests: 1 --add-header Sec-Fetch-Dest: document --add-header Sec-Fetch-Mode: navigate --add-header Sec-Fetch-Site: none --add-header Sec-Fetch-User: ?1 -N 8 https://www.tiktok.com/@sam_mashiya/video/7496501007552154935
[RESOLVE] task_id=9713B0 attempt=4 status=START
[CHALLENGE] task_id=9713B0 attempt=4 challenge_solver=native_python
[RESOLVE] task_id=9713B0 attempt=4 status=FAILED
[YTDLP RESULT] task_id=9713B0 attempt=4 resolve=FAILED download=NA error_class=TIKTOK_RESOLVE reason=UNIVERSAL_DATA
[ERROR]
task_id=9713B0
attempt=4
class=EXTRACTOR
category=TIKTOK_RESOLVE
stage=RESOLVE
reason=UNIVERSAL_DATA
message=ERROR: [TikTok] 7496501007552154935: Unable to extract universal data for rehydration; please report this issue on  https://github.com/yt-dlp/yt-dlp/issues?q= , filling out the appropriate issue template. Confirm you are on the latest version using  yt-dlp -U
action=REFRESH_BROWSER_STATE
challenge_solver=native_python

[YTDLP STDERR]
[TikTok] Extracting URL: https://www.tiktok.com/@sam_mashiya/video/7496501007552154935
[TikTok] 7496501007552154935: Downloading webpage
[TikTok] Solving JS challenge using native Python implementation
[TikTok] 7496501007552154935: Downloading webpage with challenge cookie
ERROR: [TikTok] 7496501007552154935: Unable to extract universal data for rehydration; please report this issue on  https://github.com/yt-dlp/yt-dlp/issues?q= , filling out the appropriate issue template. Confirm you are on the latest version using  yt-dlp -U

============================================================
[TIKTOK TASK END]
task_id=9713B0
result=FAILED
attempts=4
elapsed=65.0s
initial_error_class=TIKTOK_RESOLVE
initial_error=UNIVERSAL_DATA
initial_message=ERROR: [TikTok] 7496501007552154935: Unable to extract universal data for rehydration; please report this issue on  https://github.com/yt-dlp/yt-dlp/issues?q= , filling out the appropriate issue template. Confirm you are on the latest version using  yt-dlp -U
final_error_class=TIKTOK_RESOLVE
final_error=UNIVERSAL_DATA
final_failed_stage=RESOLVE
============================================================

============================================================
[TASK END]
task_id=9713B0
result=FAILED
attempts=4
elapsed=65.0s
initial_error_class=TIKTOK_RESOLVE
initial_error=UNIVERSAL_DATA
final_error_class=TIKTOK_RESOLVE
final_error=UNIVERSAL_DATA
============================================================

============================================================
[TASK START]
task_id=2DE99D
platform=tiktok
url=https://www.tiktok.com/@silviogabriel77/video/7521851040275238200
start_time=2026-08-22 14:33:36
============================================================

[ENVIRONMENT]
python_version=3.11.9
os=Windows
yt_dlp_path=C:\Users\Administrator\Desktop\下载\bin\yt-dlp.exe
yt_dlp_version=2026.08.19
node_path=C:\Program Files\nodejs\node.EXE
ffmpeg_path=C:\Users\Administrator\Desktop\下载\ffmpeg\bin\ffmpeg.exe

============================================================
[TIKTOK TASK START]
task_id=2DE99D
url=https://www.tiktok.com/@silviogabriel77/video/7521851040275238200
time=2026-08-22 14:33:40
============================================================

[REQUEST]
task_id=2DE99D
cookie=true
ua=true
referer=true
concurrency=8
action=INITIAL_READ
js_runtime_args=--no-js-runtimes --js-runtimes node:C:\Program Files\nodejs\node.exe
cookie_exists=true
cookie_count=45
cookie_size=8027
cookie_mtime=2026-08-22 14:33:40
cookie_header=REDACTED
sessionid=absent
msToken=present
sid_tt=absent
ttwid=absent
tt_chain_token=absent
passport_csrf_token=absent

============================================================
[ATTEMPT]
task_id=2DE99D
attempt=1
concurrency=8
============================================================

[COOKIE]
task_id=2DE99D
source=extension
file=_all_cookies.txt
session_copy=_session_cookie_2DE99D.txt
exists=true
size=8027
mtime=2026-08-22 14:33:06
refreshed=true

[UA]
task_id=2DE99D
source=extension
length=111

[REFERER]
task_id=2DE99D
source=extension
value=https://www.tiktok.com/search?q=Jack+Jerry+prediction+filter&t=1787376624627

[PROXY]
task_id=2DE99D
enabled=false
source=system
value=default

[JS RUNTIME]
task_id=2DE99D
attempt=1
enabled=true
runtime=node
path=C:\Program Files\nodejs\node.exe
js_runtime_args=--no-js-runtimes --js-runtimes node:C:\Program Files\nodejs\node.exe

[YTDLP]
task_id=2DE99D
attempt=1
stage=RESOLVE+DOWNLOAD
concurrency=8
retries=5
extractor_retries=3
fragment_retries=5

[COMMAND] task_id=2DE99D C:\Users\Administrator\Desktop\下载\bin\yt-dlp.exe --newline --no-warnings --no-playlist --no-check-certificates --no-mtime --encoding utf-8 --user-agent Mozilla/5.0 (Windows NT 10.0; Win64; x64) AppleWebKit/537.36 (KHTML, like Gecko) Chrome/151.0.0.0 Safari/537.36 --ffmpeg-location C:\Users\Administrator\Desktop\下载\ffmpeg\bin\ffmpeg.exe -f bv*+ba/b --merge-output-format mp4 --windows-filenames --socket-timeout 30 --retries 5 --fragment-retries 5 --extractor-retries 3 --file-access-retries 3 --retry-sleep exp=1:30 --buffer-size 16M --trim-filenames 200 --skip-unavailable-fragments -o C:\Users\Administrator\Desktop\下载\_download_temp\job_8_1787380416\source.%(ext)s --no-js-runtimes --js-runtimes node:C:\Program Files\nodejs\node.exe --cookies REDACTED --referer https://www.tiktok.com/search?q=Jack%20Jerry%20prediction%20filter&t=1787376624627 --add-header Referer: https://www.tiktok.com/search?q=Jack%20Jerry%20prediction%20filter&t=1787376624627 --http-chunk-size 10M --add-header Accept: text/html,application/xhtml+xml,application/xml;q=0.9,image/avif,image/webp,image/apng,*/*;q=0.8 --add-header Accept-Language: en-US,en;q=0.9,zh-CN;q=0.8,zh;q=0.7 --add-header Accept-Encoding: gzip, deflate, br --add-header Connection: keep-alive --add-header Upgrade-Insecure-Requests: 1 --add-header Sec-Fetch-Dest: document --add-header Sec-Fetch-Mode: navigate --add-header Sec-Fetch-Site: none --add-header Sec-Fetch-User: ?1 -N 8 https://www.tiktok.com/@silviogabriel77/video/7521851040275238200
[RESOLVE] task_id=2DE99D attempt=1 status=START
[CHALLENGE] task_id=2DE99D attempt=1 challenge_solver=native_python
[RESOLVE] task_id=2DE99D attempt=1 status=FAILED
[YTDLP RESULT] task_id=2DE99D attempt=1 resolve=FAILED download=NA error_class=TIKTOK_RESOLVE reason=UNIVERSAL_DATA
[ERROR]
task_id=2DE99D
attempt=1
class=EXTRACTOR
category=TIKTOK_RESOLVE
stage=RESOLVE
reason=UNIVERSAL_DATA
message=ERROR: [TikTok] 7521851040275238200: Unable to extract universal data for rehydration; please report this issue on  https://github.com/yt-dlp/yt-dlp/issues?q= , filling out the appropriate issue template. Confirm you are on the latest version using  yt-dlp -U
action=INITIAL_READ
challenge_solver=native_python

[YTDLP STDERR]
[TikTok] Extracting URL: https://www.tiktok.com/@silviogabriel77/video/7521851040275238200
[TikTok] 7521851040275238200: Downloading webpage
[TikTok] Solving JS challenge using native Python implementation
[TikTok] 7521851040275238200: Downloading webpage with challenge cookie
ERROR: [TikTok] 7521851040275238200: Unable to extract universal data for rehydration; please report this issue on  https://github.com/yt-dlp/yt-dlp/issues?q= , filling out the appropriate issue template. Confirm you are on the latest version using  yt-dlp -U

[TIKTOK RECOVERY]
task_id=2DE99D
stage=RESOLVE
attempt=2
reason=UNIVERSAL_DATA
action=REFRESH_COOKIE
action=REFRESH_UA
action=REFRESH_REFERER
action=REBUILD_YTDLP_ARGS
concurrency=8
wait=2s

[REQUEST]
task_id=2DE99D
cookie=true
ua=true
referer=true
concurrency=8
action=REFRESH_BROWSER_STATE
js_runtime_args=--no-js-runtimes --js-runtimes node:C:\Program Files\nodejs\node.exe
cookie_exists=true
cookie_count=45
cookie_size=8027
cookie_mtime=2026-08-22 14:33:54
cookie_header=REDACTED
retry_reason=ERROR: [TikTok] 7521851040275238200: Unable to extract universal data for rehydration; please report this issue on  https://github.com/yt-dlp/yt-dlp/issues?q= , filling out the appropriate issue template. Confirm you are on the latest version using  yt-dlp -U
sessionid=absent
msToken=present
sid_tt=absent
ttwid=absent
tt_chain_token=absent
passport_csrf_token=absent

============================================================
[ATTEMPT]
task_id=2DE99D
attempt=2
concurrency=8
============================================================

[COOKIE]
task_id=2DE99D
source=extension
file=_all_cookies.txt
session_copy=_session_cookie_2DE99D.txt
exists=true
size=8027
mtime=2026-08-22 14:33:06
refreshed=true

[UA]
task_id=2DE99D
source=extension
length=111

[REFERER]
task_id=2DE99D
source=extension
value=https://www.tiktok.com/search?q=Jack+Jerry+prediction+filter&t=1787376624627

[PROXY]
task_id=2DE99D
enabled=false
source=system
value=default

[JS RUNTIME]
task_id=2DE99D
attempt=2
enabled=true
runtime=node
path=C:\Program Files\nodejs\node.exe
js_runtime_args=--no-js-runtimes --js-runtimes node:C:\Program Files\nodejs\node.exe

[YTDLP]
task_id=2DE99D
attempt=2
stage=RESOLVE+DOWNLOAD
concurrency=8
retries=5
extractor_retries=3
fragment_retries=5

[COMMAND] task_id=2DE99D C:\Users\Administrator\Desktop\下载\bin\yt-dlp.exe --newline --no-warnings --no-playlist --no-check-certificates --no-mtime --encoding utf-8 --user-agent Mozilla/5.0 (Windows NT 10.0; Win64; x64) AppleWebKit/537.36 (KHTML, like Gecko) Chrome/151.0.0.0 Safari/537.36 --ffmpeg-location C:\Users\Administrator\Desktop\下载\ffmpeg\bin\ffmpeg.exe -f bv*+ba/b --merge-output-format mp4 --windows-filenames --socket-timeout 30 --retries 5 --fragment-retries 5 --extractor-retries 3 --file-access-retries 3 --retry-sleep exp=1:30 --buffer-size 16M --trim-filenames 200 --skip-unavailable-fragments -o C:\Users\Administrator\Desktop\下载\_download_temp\job_8_1787380416\source.%(ext)s --no-js-runtimes --js-runtimes node:C:\Program Files\nodejs\node.exe --cookies REDACTED --referer https://www.tiktok.com/search?q=Jack%20Jerry%20prediction%20filter&t=1787376624627 --add-header Referer: https://www.tiktok.com/search?q=Jack%20Jerry%20prediction%20filter&t=1787376624627 --http-chunk-size 10M --add-header Accept: text/html,application/xhtml+xml,application/xml;q=0.9,image/avif,image/webp,image/apng,*/*;q=0.8 --add-header Accept-Language: en-US,en;q=0.9,zh-CN;q=0.8,zh;q=0.7 --add-header Accept-Encoding: gzip, deflate, br --add-header Connection: keep-alive --add-header Upgrade-Insecure-Requests: 1 --add-header Sec-Fetch-Dest: document --add-header Sec-Fetch-Mode: navigate --add-header Sec-Fetch-Site: none --add-header Sec-Fetch-User: ?1 -N 8 https://www.tiktok.com/@silviogabriel77/video/7521851040275238200
[RESOLVE] task_id=2DE99D attempt=2 status=START
[CHALLENGE] task_id=2DE99D attempt=2 challenge_solver=native_python
[RESOLVE] task_id=2DE99D attempt=2 status=SUCCESS
[DOWNLOAD] task_id=2DE99D attempt=2 status=SUCCESS
[YTDLP RESULT] task_id=2DE99D attempt=2 resolve=SUCCESS download=SUCCESS error_class=NA
============================================================
[TIKTOK TASK END]
task_id=2DE99D
result=SUCCESS
attempts=2
elapsed=36.1s
initial_error_class=TIKTOK_RESOLVE
initial_error=UNIVERSAL_DATA
initial_message=NONE
final_error_class=NONE
final_error=NONE
final_failed_stage=NA
============================================================

============================================================
[TASK END]
task_id=2DE99D
result=SUCCESS
attempts=2
elapsed=36.1s
initial_error_class=TIKTOK_RESOLVE
initial_error=UNIVERSAL_DATA
final_error_class=NONE
final_error=NONE
============================================================

============================================================
[TASK START]
task_id=335FFA
platform=tiktok
url=https://www.tiktok.com/@martina.madge/video/7583210601594244365
start_time=2026-08-22 14:34:22
============================================================

[ENVIRONMENT]
python_version=3.11.9
os=Windows
yt_dlp_path=C:\Users\Administrator\Desktop\下载\bin\yt-dlp.exe
yt_dlp_version=2026.08.19
node_path=C:\Program Files\nodejs\node.EXE
ffmpeg_path=C:\Users\Administrator\Desktop\下载\ffmpeg\bin\ffmpeg.exe

============================================================
[TIKTOK TASK START]
task_id=335FFA
url=https://www.tiktok.com/@martina.madge/video/7583210601594244365
time=2026-08-22 14:34:26
============================================================

[REQUEST]
task_id=335FFA
cookie=true
ua=true
referer=true
concurrency=8
action=INITIAL_READ
js_runtime_args=--no-js-runtimes --js-runtimes node:C:\Program Files\nodejs\node.exe
cookie_exists=true
cookie_count=45
cookie_size=8027
cookie_mtime=2026-08-22 14:34:26
cookie_header=REDACTED
sessionid=absent
msToken=present
sid_tt=absent
ttwid=absent
tt_chain_token=absent
passport_csrf_token=absent

============================================================
[ATTEMPT]
task_id=335FFA
attempt=1
concurrency=8
============================================================

[COOKIE]
task_id=335FFA
source=extension
file=_all_cookies.txt
session_copy=_session_cookie_335FFA.txt
exists=true
size=8027
mtime=2026-08-22 14:33:06
refreshed=true

[UA]
task_id=335FFA
source=extension
length=111

[REFERER]
task_id=335FFA
source=extension
value=https://www.tiktok.com/search?q=Jack+Jerry+prediction+filter&t=1787376624627

[PROXY]
task_id=335FFA
enabled=false
source=system
value=default

[JS RUNTIME]
task_id=335FFA
attempt=1
enabled=true
runtime=node
path=C:\Program Files\nodejs\node.exe
js_runtime_args=--no-js-runtimes --js-runtimes node:C:\Program Files\nodejs\node.exe

[YTDLP]
task_id=335FFA
attempt=1
stage=RESOLVE+DOWNLOAD
concurrency=8
retries=5
extractor_retries=3
fragment_retries=5

[COMMAND] task_id=335FFA C:\Users\Administrator\Desktop\下载\bin\yt-dlp.exe --newline --no-warnings --no-playlist --no-check-certificates --no-mtime --encoding utf-8 --user-agent Mozilla/5.0 (Windows NT 10.0; Win64; x64) AppleWebKit/537.36 (KHTML, like Gecko) Chrome/151.0.0.0 Safari/537.36 --ffmpeg-location C:\Users\Administrator\Desktop\下载\ffmpeg\bin\ffmpeg.exe -f bv*+ba/b --merge-output-format mp4 --windows-filenames --socket-timeout 30 --retries 5 --fragment-retries 5 --extractor-retries 3 --file-access-retries 3 --retry-sleep exp=1:30 --buffer-size 16M --trim-filenames 200 --skip-unavailable-fragments -o C:\Users\Administrator\Desktop\下载\_download_temp\job_9_1787380462\source.%(ext)s --no-js-runtimes --js-runtimes node:C:\Program Files\nodejs\node.exe --cookies REDACTED --referer https://www.tiktok.com/search?q=Jack%20Jerry%20prediction%20filter&t=1787376624627 --add-header Referer: https://www.tiktok.com/search?q=Jack%20Jerry%20prediction%20filter&t=1787376624627 --http-chunk-size 10M --add-header Accept: text/html,application/xhtml+xml,application/xml;q=0.9,image/avif,image/webp,image/apng,*/*;q=0.8 --add-header Accept-Language: en-US,en;q=0.9,zh-CN;q=0.8,zh;q=0.7 --add-header Accept-Encoding: gzip, deflate, br --add-header Connection: keep-alive --add-header Upgrade-Insecure-Requests: 1 --add-header Sec-Fetch-Dest: document --add-header Sec-Fetch-Mode: navigate --add-header Sec-Fetch-Site: none --add-header Sec-Fetch-User: ?1 -N 8 https://www.tiktok.com/@martina.madge/video/7583210601594244365
[RESOLVE] task_id=335FFA attempt=1 status=START
[CHALLENGE] task_id=335FFA attempt=1 challenge_solver=native_python
[RESOLVE] task_id=335FFA attempt=1 status=FAILED
[YTDLP RESULT] task_id=335FFA attempt=1 resolve=FAILED download=NA error_class=TIKTOK_RESOLVE reason=UNIVERSAL_DATA
[ERROR]
task_id=335FFA
attempt=1
class=EXTRACTOR
category=TIKTOK_RESOLVE
stage=RESOLVE
reason=UNIVERSAL_DATA
message=ERROR: [TikTok] 7583210601594244365: Unable to extract universal data for rehydration; please report this issue on  https://github.com/yt-dlp/yt-dlp/issues?q= , filling out the appropriate issue template. Confirm you are on the latest version using  yt-dlp -U
action=INITIAL_READ
challenge_solver=native_python

[YTDLP STDERR]
[TikTok] Extracting URL: https://www.tiktok.com/@martina.madge/video/7583210601594244365
[TikTok] 7583210601594244365: Downloading webpage
[TikTok] Solving JS challenge using native Python implementation
[TikTok] 7583210601594244365: Downloading webpage with challenge cookie
ERROR: [TikTok] 7583210601594244365: Unable to extract universal data for rehydration; please report this issue on  https://github.com/yt-dlp/yt-dlp/issues?q= , filling out the appropriate issue template. Confirm you are on the latest version using  yt-dlp -U

[TIKTOK RECOVERY]
task_id=335FFA
stage=RESOLVE
attempt=2
reason=UNIVERSAL_DATA
action=REFRESH_COOKIE
action=REFRESH_UA
action=REFRESH_REFERER
action=REBUILD_YTDLP_ARGS
concurrency=8
wait=2s

[REQUEST]
task_id=335FFA
cookie=true
ua=true
referer=true
concurrency=8
action=REFRESH_BROWSER_STATE
js_runtime_args=--no-js-runtimes --js-runtimes node:C:\Program Files\nodejs\node.exe
cookie_exists=true
cookie_count=45
cookie_size=8027
cookie_mtime=2026-08-22 14:34:38
cookie_header=REDACTED
retry_reason=ERROR: [TikTok] 7583210601594244365: Unable to extract universal data for rehydration; please report this issue on  https://github.com/yt-dlp/yt-dlp/issues?q= , filling out the appropriate issue template. Confirm you are on the latest version using  yt-dlp -U
sessionid=absent
msToken=present
sid_tt=absent
ttwid=absent
tt_chain_token=absent
passport_csrf_token=absent

============================================================
[ATTEMPT]
task_id=335FFA
attempt=2
concurrency=8
============================================================

[COOKIE]
task_id=335FFA
source=extension
file=_all_cookies.txt
session_copy=_session_cookie_335FFA.txt
exists=true
size=8027
mtime=2026-08-22 14:33:06
refreshed=true

[UA]
task_id=335FFA
source=extension
length=111

[REFERER]
task_id=335FFA
source=extension
value=https://www.tiktok.com/search?q=Jack+Jerry+prediction+filter&t=1787376624627

[PROXY]
task_id=335FFA
enabled=false
source=system
value=default

[JS RUNTIME]
task_id=335FFA
attempt=2
enabled=true
runtime=node
path=C:\Program Files\nodejs\node.exe
js_runtime_args=--no-js-runtimes --js-runtimes node:C:\Program Files\nodejs\node.exe

[YTDLP]
task_id=335FFA
attempt=2
stage=RESOLVE+DOWNLOAD
concurrency=8
retries=5
extractor_retries=3
fragment_retries=5

[COMMAND] task_id=335FFA C:\Users\Administrator\Desktop\下载\bin\yt-dlp.exe --newline --no-warnings --no-playlist --no-check-certificates --no-mtime --encoding utf-8 --user-agent Mozilla/5.0 (Windows NT 10.0; Win64; x64) AppleWebKit/537.36 (KHTML, like Gecko) Chrome/151.0.0.0 Safari/537.36 --ffmpeg-location C:\Users\Administrator\Desktop\下载\ffmpeg\bin\ffmpeg.exe -f bv*+ba/b --merge-output-format mp4 --windows-filenames --socket-timeout 30 --retries 5 --fragment-retries 5 --extractor-retries 3 --file-access-retries 3 --retry-sleep exp=1:30 --buffer-size 16M --trim-filenames 200 --skip-unavailable-fragments -o C:\Users\Administrator\Desktop\下载\_download_temp\job_9_1787380462\source.%(ext)s --no-js-runtimes --js-runtimes node:C:\Program Files\nodejs\node.exe --cookies REDACTED --referer https://www.tiktok.com/search?q=Jack%20Jerry%20prediction%20filter&t=1787376624627 --add-header Referer: https://www.tiktok.com/search?q=Jack%20Jerry%20prediction%20filter&t=1787376624627 --http-chunk-size 10M --add-header Accept: text/html,application/xhtml+xml,application/xml;q=0.9,image/avif,image/webp,image/apng,*/*;q=0.8 --add-header Accept-Language: en-US,en;q=0.9,zh-CN;q=0.8,zh;q=0.7 --add-header Accept-Encoding: gzip, deflate, br --add-header Connection: keep-alive --add-header Upgrade-Insecure-Requests: 1 --add-header Sec-Fetch-Dest: document --add-header Sec-Fetch-Mode: navigate --add-header Sec-Fetch-Site: none --add-header Sec-Fetch-User: ?1 -N 8 https://www.tiktok.com/@martina.madge/video/7583210601594244365
[RESOLVE] task_id=335FFA attempt=2 status=START
[CHALLENGE] task_id=335FFA attempt=2 challenge_solver=native_python
[RESOLVE] task_id=335FFA attempt=2 status=FAILED
[YTDLP RESULT] task_id=335FFA attempt=2 resolve=FAILED download=NA error_class=TIKTOK_RESOLVE reason=UNIVERSAL_DATA
[ERROR]
task_id=335FFA
attempt=2
class=EXTRACTOR
category=TIKTOK_RESOLVE
stage=RESOLVE
reason=UNIVERSAL_DATA
message=ERROR: [TikTok] 7583210601594244365: Unable to extract universal data for rehydration; please report this issue on  https://github.com/yt-dlp/yt-dlp/issues?q= , filling out the appropriate issue template. Confirm you are on the latest version using  yt-dlp -U
action=REFRESH_BROWSER_STATE
challenge_solver=native_python

[YTDLP STDERR]
[TikTok] Extracting URL: https://www.tiktok.com/@martina.madge/video/7583210601594244365
[TikTok] 7583210601594244365: Downloading webpage
[TikTok] Solving JS challenge using native Python implementation
[TikTok] 7583210601594244365: Downloading webpage with challenge cookie
ERROR: [TikTok] 7583210601594244365: Unable to extract universal data for rehydration; please report this issue on  https://github.com/yt-dlp/yt-dlp/issues?q= , filling out the appropriate issue template. Confirm you are on the latest version using  yt-dlp -U

[TIKTOK RECOVERY]
task_id=335FFA
stage=RESOLVE
attempt=3
reason=UNIVERSAL_DATA
action=REFRESH_COOKIE
action=REFRESH_UA
action=REFRESH_REFERER
action=REBUILD_YTDLP_ARGS
concurrency=8
wait=6s

[REQUEST]
task_id=335FFA
cookie=true
ua=true
referer=true
concurrency=8
action=REFRESH_BROWSER_STATE
js_runtime_args=--no-js-runtimes --js-runtimes node:C:\Program Files\nodejs\node.exe
cookie_exists=true
cookie_count=45
cookie_size=9923
cookie_mtime=2026-08-22 14:35:09
cookie_header=REDACTED
retry_reason=ERROR: [TikTok] 7583210601594244365: Unable to extract universal data for rehydration; please report this issue on  https://github.com/yt-dlp/yt-dlp/issues?q= , filling out the appropriate issue template. Confirm you are on the latest version using  yt-dlp -U
sessionid=absent
msToken=present
sid_tt=absent
ttwid=absent
tt_chain_token=absent
passport_csrf_token=absent

============================================================
[ATTEMPT]
task_id=335FFA
attempt=3
concurrency=8
============================================================

[COOKIE]
task_id=335FFA
source=extension
file=_all_cookies.txt
session_copy=_session_cookie_335FFA.txt
exists=true
size=9923
mtime=2026-08-22 14:35:05
refreshed=true

[UA]
task_id=335FFA
source=extension
length=111

[REFERER]
task_id=335FFA
source=extension
value=https://www.tiktok.com/search?q=Jack+Jerry+prediction+filter&t=1787376624627

[PROXY]
task_id=335FFA
enabled=false
source=system
value=default

[JS RUNTIME]
task_id=335FFA
attempt=3
enabled=true
runtime=node
path=C:\Program Files\nodejs\node.exe
js_runtime_args=--no-js-runtimes --js-runtimes node:C:\Program Files\nodejs\node.exe

[YTDLP]
task_id=335FFA
attempt=3
stage=RESOLVE+DOWNLOAD
concurrency=8
retries=5
extractor_retries=3
fragment_retries=5

[COMMAND] task_id=335FFA C:\Users\Administrator\Desktop\下载\bin\yt-dlp.exe --newline --no-warnings --no-playlist --no-check-certificates --no-mtime --encoding utf-8 --user-agent Mozilla/5.0 (Windows NT 10.0; Win64; x64) AppleWebKit/537.36 (KHTML, like Gecko) Chrome/151.0.0.0 Safari/537.36 --ffmpeg-location C:\Users\Administrator\Desktop\下载\ffmpeg\bin\ffmpeg.exe -f bv*+ba/b --merge-output-format mp4 --windows-filenames --socket-timeout 30 --retries 5 --fragment-retries 5 --extractor-retries 3 --file-access-retries 3 --retry-sleep exp=1:30 --buffer-size 16M --trim-filenames 200 --skip-unavailable-fragments -o C:\Users\Administrator\Desktop\下载\_download_temp\job_9_1787380462\source.%(ext)s --no-js-runtimes --js-runtimes node:C:\Program Files\nodejs\node.exe --cookies REDACTED --referer https://www.tiktok.com/search?q=Jack%20Jerry%20prediction%20filter&t=1787376624627 --add-header Referer: https://www.tiktok.com/search?q=Jack%20Jerry%20prediction%20filter&t=1787376624627 --http-chunk-size 10M --add-header Accept: text/html,application/xhtml+xml,application/xml;q=0.9,image/avif,image/webp,image/apng,*/*;q=0.8 --add-header Accept-Language: en-US,en;q=0.9,zh-CN;q=0.8,zh;q=0.7 --add-header Accept-Encoding: gzip, deflate, br --add-header Connection: keep-alive --add-header Upgrade-Insecure-Requests: 1 --add-header Sec-Fetch-Dest: document --add-header Sec-Fetch-Mode: navigate --add-header Sec-Fetch-Site: none --add-header Sec-Fetch-User: ?1 -N 8 https://www.tiktok.com/@martina.madge/video/7583210601594244365
[RESOLVE] task_id=335FFA attempt=3 status=START
[CHALLENGE] task_id=335FFA attempt=3 challenge_solver=native_python
[RESOLVE] task_id=335FFA attempt=3 status=SUCCESS
[DOWNLOAD] task_id=335FFA attempt=3 status=SUCCESS
[YTDLP RESULT] task_id=335FFA attempt=3 resolve=SUCCESS download=SUCCESS error_class=NA
============================================================
[TIKTOK TASK END]
task_id=335FFA
result=SUCCESS
attempts=3
elapsed=64.7s
initial_error_class=TIKTOK_RESOLVE
initial_error=UNIVERSAL_DATA
initial_message=NONE
final_error_class=NONE
final_error=NONE
final_failed_stage=NA
============================================================

============================================================
[TASK END]
task_id=335FFA
result=SUCCESS
attempts=3
elapsed=64.7s
initial_error_class=TIKTOK_RESOLVE
initial_error=UNIVERSAL_DATA
final_error_class=NONE
final_error=NONE
============================================================

============================================================
[TASK START]
task_id=B57F8A
platform=tiktok
url=https://www.tiktok.com/@mina_ashraf1/video/7589026212069018901
start_time=2026-08-22 14:35:42
============================================================

[ENVIRONMENT]
python_version=3.11.9
os=Windows
yt_dlp_path=C:\Users\Administrator\Desktop\下载\bin\yt-dlp.exe
yt_dlp_version=2026.08.19
node_path=C:\Program Files\nodejs\node.EXE
ffmpeg_path=C:\Users\Administrator\Desktop\下载\ffmpeg\bin\ffmpeg.exe

============================================================
[TIKTOK TASK START]
task_id=B57F8A
url=https://www.tiktok.com/@mina_ashraf1/video/7589026212069018901
time=2026-08-22 14:35:44
============================================================

[REQUEST]
task_id=B57F8A
cookie=true
ua=true
referer=true
concurrency=8
action=INITIAL_READ
js_runtime_args=--no-js-runtimes --js-runtimes node:C:\Program Files\nodejs\node.exe
cookie_exists=true
cookie_count=45
cookie_size=9923
cookie_mtime=2026-08-22 14:35:44
cookie_header=REDACTED
sessionid=absent
msToken=present
sid_tt=absent
ttwid=absent
tt_chain_token=absent
passport_csrf_token=absent

============================================================
[ATTEMPT]
task_id=B57F8A
attempt=1
concurrency=8
============================================================

[COOKIE]
task_id=B57F8A
source=extension
file=_all_cookies.txt
session_copy=_session_cookie_B57F8A.txt
exists=true
size=9923
mtime=2026-08-22 14:35:05
refreshed=true

[UA]
task_id=B57F8A
source=extension
length=111

[REFERER]
task_id=B57F8A
source=extension
value=https://www.tiktok.com/search?q=Jack+Jerry+prediction+filter&t=1787376624627

[PROXY]
task_id=B57F8A
enabled=false
source=system
value=default

[JS RUNTIME]
task_id=B57F8A
attempt=1
enabled=true
runtime=node
path=C:\Program Files\nodejs\node.exe
js_runtime_args=--no-js-runtimes --js-runtimes node:C:\Program Files\nodejs\node.exe

[YTDLP]
task_id=B57F8A
attempt=1
stage=RESOLVE+DOWNLOAD
concurrency=8
retries=5
extractor_retries=3
fragment_retries=5

[COMMAND] task_id=B57F8A C:\Users\Administrator\Desktop\下载\bin\yt-dlp.exe --newline --no-warnings --no-playlist --no-check-certificates --no-mtime --encoding utf-8 --user-agent Mozilla/5.0 (Windows NT 10.0; Win64; x64) AppleWebKit/537.36 (KHTML, like Gecko) Chrome/151.0.0.0 Safari/537.36 --ffmpeg-location C:\Users\Administrator\Desktop\下载\ffmpeg\bin\ffmpeg.exe -f bv*+ba/b --merge-output-format mp4 --windows-filenames --socket-timeout 30 --retries 5 --fragment-retries 5 --extractor-retries 3 --file-access-retries 3 --retry-sleep exp=1:30 --buffer-size 16M --trim-filenames 200 --skip-unavailable-fragments -o C:\Users\Administrator\Desktop\下载\_download_temp\job_10_1787380542\source.%(ext)s --no-js-runtimes --js-runtimes node:C:\Program Files\nodejs\node.exe --cookies REDACTED --referer https://www.tiktok.com/search?q=Jack%20Jerry%20prediction%20filter&t=1787376624627 --add-header Referer: https://www.tiktok.com/search?q=Jack%20Jerry%20prediction%20filter&t=1787376624627 --http-chunk-size 10M --add-header Accept: text/html,application/xhtml+xml,application/xml;q=0.9,image/avif,image/webp,image/apng,*/*;q=0.8 --add-header Accept-Language: en-US,en;q=0.9,zh-CN;q=0.8,zh;q=0.7 --add-header Accept-Encoding: gzip, deflate, br --add-header Connection: keep-alive --add-header Upgrade-Insecure-Requests: 1 --add-header Sec-Fetch-Dest: document --add-header Sec-Fetch-Mode: navigate --add-header Sec-Fetch-Site: none --add-header Sec-Fetch-User: ?1 -N 8 https://www.tiktok.com/@mina_ashraf1/video/7589026212069018901
[RESOLVE] task_id=B57F8A attempt=1 status=START
[CHALLENGE] task_id=B57F8A attempt=1 challenge_solver=native_python
[RESOLVE] task_id=B57F8A attempt=1 status=SUCCESS
[DOWNLOAD] task_id=B57F8A attempt=1 status=SUCCESS
[YTDLP RESULT] task_id=B57F8A attempt=1 resolve=SUCCESS download=SUCCESS error_class=NA
============================================================
[TIKTOK TASK END]
task_id=B57F8A
result=SUCCESS
attempts=1
elapsed=17.9s
initial_error_class=NONE
initial_error=NONE
initial_message=NONE
final_error_class=NONE
final_error=NONE
final_failed_stage=NA
============================================================

============================================================
[TASK END]
task_id=B57F8A
result=SUCCESS
attempts=1
elapsed=18.1s
initial_error_class=NONE
initial_error=NONE
final_error_class=NONE
final_error=NONE
============================================================

============================================================
[TASK START]
task_id=E67DE2
platform=tiktok
url=https://www.tiktok.com/@blek2vait/video/7495352734414032150
start_time=2026-08-22 14:36:24
============================================================

[ENVIRONMENT]
python_version=3.11.9
os=Windows
yt_dlp_path=C:\Users\Administrator\Desktop\下载\bin\yt-dlp.exe
yt_dlp_version=2026.08.19
node_path=C:\Program Files\nodejs\node.EXE
ffmpeg_path=C:\Users\Administrator\Desktop\下载\ffmpeg\bin\ffmpeg.exe

============================================================
[TIKTOK TASK START]
task_id=E67DE2
url=https://www.tiktok.com/@blek2vait/video/7495352734414032150
time=2026-08-22 14:36:28
============================================================

[REQUEST]
task_id=E67DE2
cookie=true
ua=true
referer=true
concurrency=8
action=INITIAL_READ
js_runtime_args=--no-js-runtimes --js-runtimes node:C:\Program Files\nodejs\node.exe
cookie_exists=true
cookie_count=45
cookie_size=9923
cookie_mtime=2026-08-22 14:36:28
cookie_header=REDACTED
sessionid=absent
msToken=present
sid_tt=absent
ttwid=absent
tt_chain_token=absent
passport_csrf_token=absent

============================================================
[ATTEMPT]
task_id=E67DE2
attempt=1
concurrency=8
============================================================

[COOKIE]
task_id=E67DE2
source=extension
file=_all_cookies.txt
session_copy=_session_cookie_E67DE2.txt
exists=true
size=9923
mtime=2026-08-22 14:35:05
refreshed=true

[UA]
task_id=E67DE2
source=extension
length=111

[REFERER]
task_id=E67DE2
source=extension
value=https://www.tiktok.com/search?q=Jack+Jerry+prediction+filter&t=1787376624627

[PROXY]
task_id=E67DE2
enabled=false
source=system
value=default

[JS RUNTIME]
task_id=E67DE2
attempt=1
enabled=true
runtime=node
path=C:\Program Files\nodejs\node.exe
js_runtime_args=--no-js-runtimes --js-runtimes node:C:\Program Files\nodejs\node.exe

[YTDLP]
task_id=E67DE2
attempt=1
stage=RESOLVE+DOWNLOAD
concurrency=8
retries=5
extractor_retries=3
fragment_retries=5

[COMMAND] task_id=E67DE2 C:\Users\Administrator\Desktop\下载\bin\yt-dlp.exe --newline --no-warnings --no-playlist --no-check-certificates --no-mtime --encoding utf-8 --user-agent Mozilla/5.0 (Windows NT 10.0; Win64; x64) AppleWebKit/537.36 (KHTML, like Gecko) Chrome/151.0.0.0 Safari/537.36 --ffmpeg-location C:\Users\Administrator\Desktop\下载\ffmpeg\bin\ffmpeg.exe -f bv*+ba/b --merge-output-format mp4 --windows-filenames --socket-timeout 30 --retries 5 --fragment-retries 5 --extractor-retries 3 --file-access-retries 3 --retry-sleep exp=1:30 --buffer-size 16M --trim-filenames 200 --skip-unavailable-fragments -o C:\Users\Administrator\Desktop\下载\_download_temp\job_11_1787380584\source.%(ext)s --no-js-runtimes --js-runtimes node:C:\Program Files\nodejs\node.exe --cookies REDACTED --referer https://www.tiktok.com/search?q=Jack%20Jerry%20prediction%20filter&t=1787376624627 --add-header Referer: https://www.tiktok.com/search?q=Jack%20Jerry%20prediction%20filter&t=1787376624627 --http-chunk-size 10M --add-header Accept: text/html,application/xhtml+xml,application/xml;q=0.9,image/avif,image/webp,image/apng,*/*;q=0.8 --add-header Accept-Language: en-US,en;q=0.9,zh-CN;q=0.8,zh;q=0.7 --add-header Accept-Encoding: gzip, deflate, br --add-header Connection: keep-alive --add-header Upgrade-Insecure-Requests: 1 --add-header Sec-Fetch-Dest: document --add-header Sec-Fetch-Mode: navigate --add-header Sec-Fetch-Site: none --add-header Sec-Fetch-User: ?1 -N 8 https://www.tiktok.com/@blek2vait/video/7495352734414032150
[RESOLVE] task_id=E67DE2 attempt=1 status=START
[CHALLENGE] task_id=E67DE2 attempt=1 challenge_solver=native_python
[RESOLVE] task_id=E67DE2 attempt=1 status=FAILED
[YTDLP RESULT] task_id=E67DE2 attempt=1 resolve=FAILED download=NA error_class=TIKTOK_RESOLVE reason=UNIVERSAL_DATA
[ERROR]
task_id=E67DE2
attempt=1
class=EXTRACTOR
category=TIKTOK_RESOLVE
stage=RESOLVE
reason=UNIVERSAL_DATA
message=ERROR: [TikTok] 7495352734414032150: Unable to extract universal data for rehydration; please report this issue on  https://github.com/yt-dlp/yt-dlp/issues?q= , filling out the appropriate issue template. Confirm you are on the latest version using  yt-dlp -U
action=INITIAL_READ
challenge_solver=native_python

[YTDLP STDERR]
[TikTok] Extracting URL: https://www.tiktok.com/@blek2vait/video/7495352734414032150
[TikTok] 7495352734414032150: Downloading webpage
[TikTok] Solving JS challenge using native Python implementation
[TikTok] 7495352734414032150: Downloading webpage with challenge cookie
ERROR: [TikTok] 7495352734414032150: Unable to extract universal data for rehydration; please report this issue on  https://github.com/yt-dlp/yt-dlp/issues?q= , filling out the appropriate issue template. Confirm you are on the latest version using  yt-dlp -U

[TIKTOK RECOVERY]
task_id=E67DE2
stage=RESOLVE
attempt=2
reason=UNIVERSAL_DATA
action=REFRESH_COOKIE
action=REFRESH_UA
action=REFRESH_REFERER
action=REBUILD_YTDLP_ARGS
concurrency=8
wait=2s

[REQUEST]
task_id=E67DE2
cookie=true
ua=true
referer=true
concurrency=8
action=REFRESH_BROWSER_STATE
js_runtime_args=--no-js-runtimes --js-runtimes node:C:\Program Files\nodejs\node.exe
cookie_exists=true
cookie_count=45
cookie_size=9923
cookie_mtime=2026-08-22 14:36:41
cookie_header=REDACTED
retry_reason=ERROR: [TikTok] 7495352734414032150: Unable to extract universal data for rehydration; please report this issue on  https://github.com/yt-dlp/yt-dlp/issues?q= , filling out the appropriate issue template. Confirm you are on the latest version using  yt-dlp -U
sessionid=absent
msToken=present
sid_tt=absent
ttwid=absent
tt_chain_token=absent
passport_csrf_token=absent

============================================================
[ATTEMPT]
task_id=E67DE2
attempt=2
concurrency=8
============================================================

[COOKIE]
task_id=E67DE2
source=extension
file=_all_cookies.txt
session_copy=_session_cookie_E67DE2.txt
exists=true
size=9923
mtime=2026-08-22 14:36:37
refreshed=true

[UA]
task_id=E67DE2
source=extension
length=111

[REFERER]
task_id=E67DE2
source=extension
value=https://www.tiktok.com/search?q=Jack+Jerry+prediction+filter&t=1787376624627

[PROXY]
task_id=E67DE2
enabled=false
source=system
value=default

[JS RUNTIME]
task_id=E67DE2
attempt=2
enabled=true
runtime=node
path=C:\Program Files\nodejs\node.exe
js_runtime_args=--no-js-runtimes --js-runtimes node:C:\Program Files\nodejs\node.exe

[YTDLP]
task_id=E67DE2
attempt=2
stage=RESOLVE+DOWNLOAD
concurrency=8
retries=5
extractor_retries=3
fragment_retries=5

[COMMAND] task_id=E67DE2 C:\Users\Administrator\Desktop\下载\bin\yt-dlp.exe --newline --no-warnings --no-playlist --no-check-certificates --no-mtime --encoding utf-8 --user-agent Mozilla/5.0 (Windows NT 10.0; Win64; x64) AppleWebKit/537.36 (KHTML, like Gecko) Chrome/151.0.0.0 Safari/537.36 --ffmpeg-location C:\Users\Administrator\Desktop\下载\ffmpeg\bin\ffmpeg.exe -f bv*+ba/b --merge-output-format mp4 --windows-filenames --socket-timeout 30 --retries 5 --fragment-retries 5 --extractor-retries 3 --file-access-retries 3 --retry-sleep exp=1:30 --buffer-size 16M --trim-filenames 200 --skip-unavailable-fragments -o C:\Users\Administrator\Desktop\下载\_download_temp\job_11_1787380584\source.%(ext)s --no-js-runtimes --js-runtimes node:C:\Program Files\nodejs\node.exe --cookies REDACTED --referer https://www.tiktok.com/search?q=Jack%20Jerry%20prediction%20filter&t=1787376624627 --add-header Referer: https://www.tiktok.com/search?q=Jack%20Jerry%20prediction%20filter&t=1787376624627 --http-chunk-size 10M --add-header Accept: text/html,application/xhtml+xml,application/xml;q=0.9,image/avif,image/webp,image/apng,*/*;q=0.8 --add-header Accept-Language: en-US,en;q=0.9,zh-CN;q=0.8,zh;q=0.7 --add-header Accept-Encoding: gzip, deflate, br --add-header Connection: keep-alive --add-header Upgrade-Insecure-Requests: 1 --add-header Sec-Fetch-Dest: document --add-header Sec-Fetch-Mode: navigate --add-header Sec-Fetch-Site: none --add-header Sec-Fetch-User: ?1 -N 8 https://www.tiktok.com/@blek2vait/video/7495352734414032150
[RESOLVE] task_id=E67DE2 attempt=2 status=START
[CHALLENGE] task_id=E67DE2 attempt=2 challenge_solver=native_python
[RESOLVE] task_id=E67DE2 attempt=2 status=FAILED
[YTDLP RESULT] task_id=E67DE2 attempt=2 resolve=FAILED download=NA error_class=TIKTOK_RESOLVE reason=UNIVERSAL_DATA
[ERROR]
task_id=E67DE2
attempt=2
class=EXTRACTOR
category=TIKTOK_RESOLVE
stage=RESOLVE
reason=UNIVERSAL_DATA
message=ERROR: [TikTok] 7495352734414032150: Unable to extract universal data for rehydration; please report this issue on  https://github.com/yt-dlp/yt-dlp/issues?q= , filling out the appropriate issue template. Confirm you are on the latest version using  yt-dlp -U
action=REFRESH_BROWSER_STATE
challenge_solver=native_python

[YTDLP STDERR]
[TikTok] Extracting URL: https://www.tiktok.com/@blek2vait/video/7495352734414032150
[TikTok] 7495352734414032150: Downloading webpage
[TikTok] Solving JS challenge using native Python implementation
[TikTok] 7495352734414032150: Downloading webpage with challenge cookie
ERROR: [TikTok] 7495352734414032150: Unable to extract universal data for rehydration; please report this issue on  https://github.com/yt-dlp/yt-dlp/issues?q= , filling out the appropriate issue template. Confirm you are on the latest version using  yt-dlp -U

[TIKTOK RECOVERY]
task_id=E67DE2
stage=RESOLVE
attempt=3
reason=UNIVERSAL_DATA
action=REFRESH_COOKIE
action=REFRESH_UA
action=REFRESH_REFERER
action=REBUILD_YTDLP_ARGS
concurrency=8
wait=6s

[REQUEST]
task_id=E67DE2
cookie=true
ua=true
referer=true
concurrency=8
action=REFRESH_BROWSER_STATE
js_runtime_args=--no-js-runtimes --js-runtimes node:C:\Program Files\nodejs\node.exe
cookie_exists=true
cookie_count=45
cookie_size=9923
cookie_mtime=2026-08-22 14:36:56
cookie_header=REDACTED
retry_reason=ERROR: [TikTok] 7495352734414032150: Unable to extract universal data for rehydration; please report this issue on  https://github.com/yt-dlp/yt-dlp/issues?q= , filling out the appropriate issue template. Confirm you are on the latest version using  yt-dlp -U
sessionid=absent
msToken=present
sid_tt=absent
ttwid=absent
tt_chain_token=absent
passport_csrf_token=absent

============================================================
[ATTEMPT]
task_id=E67DE2
attempt=3
concurrency=8
============================================================

[COOKIE]
task_id=E67DE2
source=extension
file=_all_cookies.txt
session_copy=_session_cookie_E67DE2.txt
exists=true
size=9923
mtime=2026-08-22 14:36:37
refreshed=true

[UA]
task_id=E67DE2
source=extension
length=111

[REFERER]
task_id=E67DE2
source=extension
value=https://www.tiktok.com/search?q=Jack+Jerry+prediction+filter&t=1787376624627

[PROXY]
task_id=E67DE2
enabled=false
source=system
value=default

[JS RUNTIME]
task_id=E67DE2
attempt=3
enabled=true
runtime=node
path=C:\Program Files\nodejs\node.exe
js_runtime_args=--no-js-runtimes --js-runtimes node:C:\Program Files\nodejs\node.exe

[YTDLP]
task_id=E67DE2
attempt=3
stage=RESOLVE+DOWNLOAD
concurrency=8
retries=5
extractor_retries=3
fragment_retries=5

[COMMAND] task_id=E67DE2 C:\Users\Administrator\Desktop\下载\bin\yt-dlp.exe --newline --no-warnings --no-playlist --no-check-certificates --no-mtime --encoding utf-8 --user-agent Mozilla/5.0 (Windows NT 10.0; Win64; x64) AppleWebKit/537.36 (KHTML, like Gecko) Chrome/151.0.0.0 Safari/537.36 --ffmpeg-location C:\Users\Administrator\Desktop\下载\ffmpeg\bin\ffmpeg.exe -f bv*+ba/b --merge-output-format mp4 --windows-filenames --socket-timeout 30 --retries 5 --fragment-retries 5 --extractor-retries 3 --file-access-retries 3 --retry-sleep exp=1:30 --buffer-size 16M --trim-filenames 200 --skip-unavailable-fragments -o C:\Users\Administrator\Desktop\下载\_download_temp\job_11_1787380584\source.%(ext)s --no-js-runtimes --js-runtimes node:C:\Program Files\nodejs\node.exe --cookies REDACTED --referer https://www.tiktok.com/search?q=Jack%20Jerry%20prediction%20filter&t=1787376624627 --add-header Referer: https://www.tiktok.com/search?q=Jack%20Jerry%20prediction%20filter&t=1787376624627 --http-chunk-size 10M --add-header Accept: text/html,application/xhtml+xml,application/xml;q=0.9,image/avif,image/webp,image/apng,*/*;q=0.8 --add-header Accept-Language: en-US,en;q=0.9,zh-CN;q=0.8,zh;q=0.7 --add-header Accept-Encoding: gzip, deflate, br --add-header Connection: keep-alive --add-header Upgrade-Insecure-Requests: 1 --add-header Sec-Fetch-Dest: document --add-header Sec-Fetch-Mode: navigate --add-header Sec-Fetch-Site: none --add-header Sec-Fetch-User: ?1 -N 8 https://www.tiktok.com/@blek2vait/video/7495352734414032150
[RESOLVE] task_id=E67DE2 attempt=3 status=START
[CHALLENGE] task_id=E67DE2 attempt=3 challenge_solver=native_python
[RESOLVE] task_id=E67DE2 attempt=3 status=FAILED
[YTDLP RESULT] task_id=E67DE2 attempt=3 resolve=FAILED download=NA error_class=TIKTOK_RESOLVE reason=UNIVERSAL_DATA
[ERROR]
task_id=E67DE2
attempt=3
class=EXTRACTOR
category=TIKTOK_RESOLVE
stage=RESOLVE
reason=UNIVERSAL_DATA
message=ERROR: [TikTok] 7495352734414032150: Unable to extract universal data for rehydration; please report this issue on  https://github.com/yt-dlp/yt-dlp/issues?q= , filling out the appropriate issue template. Confirm you are on the latest version using  yt-dlp -U
action=REFRESH_BROWSER_STATE
challenge_solver=native_python

[YTDLP STDERR]
[TikTok] Extracting URL: https://www.tiktok.com/@blek2vait/video/7495352734414032150
[TikTok] 7495352734414032150: Downloading webpage
[TikTok] Solving JS challenge using native Python implementation
[TikTok] 7495352734414032150: Downloading webpage with challenge cookie
ERROR: [TikTok] 7495352734414032150: Unable to extract universal data for rehydration; please report this issue on  https://github.com/yt-dlp/yt-dlp/issues?q= , filling out the appropriate issue template. Confirm you are on the latest version using  yt-dlp -U

[TIKTOK RECOVERY]
task_id=E67DE2
stage=RESOLVE
attempt=4
reason=UNIVERSAL_DATA
action=REFRESH_COOKIE
action=REFRESH_UA
action=REFRESH_REFERER
action=REBUILD_YTDLP_ARGS
concurrency=8
wait=12s

[REQUEST]
task_id=E67DE2
cookie=true
ua=true
referer=true
concurrency=8
action=REFRESH_BROWSER_STATE
js_runtime_args=--no-js-runtimes --js-runtimes node:C:\Program Files\nodejs\node.exe
cookie_exists=true
cookie_count=45
cookie_size=9923
cookie_mtime=2026-08-22 14:37:26
cookie_header=REDACTED
retry_reason=ERROR: [TikTok] 7495352734414032150: Unable to extract universal data for rehydration; please report this issue on  https://github.com/yt-dlp/yt-dlp/issues?q= , filling out the appropriate issue template. Confirm you are on the latest version using  yt-dlp -U
sessionid=absent
msToken=present
sid_tt=absent
ttwid=absent
tt_chain_token=absent
passport_csrf_token=absent

============================================================
[ATTEMPT]
task_id=E67DE2
attempt=4
concurrency=8
============================================================

[COOKIE]
task_id=E67DE2
source=extension
file=_all_cookies.txt
session_copy=_session_cookie_E67DE2.txt
exists=true
size=9923
mtime=2026-08-22 14:37:05
refreshed=true

[UA]
task_id=E67DE2
source=extension
length=111

[REFERER]
task_id=E67DE2
source=extension
value=https://www.tiktok.com/search?q=Jack+Jerry+prediction+filter&t=1787376624627

[PROXY]
task_id=E67DE2
enabled=false
source=system
value=default

[JS RUNTIME]
task_id=E67DE2
attempt=4
enabled=true
runtime=node
path=C:\Program Files\nodejs\node.exe
js_runtime_args=--no-js-runtimes --js-runtimes node:C:\Program Files\nodejs\node.exe

[YTDLP]
task_id=E67DE2
attempt=4
stage=RESOLVE+DOWNLOAD
concurrency=8
retries=5
extractor_retries=3
fragment_retries=5

[COMMAND] task_id=E67DE2 C:\Users\Administrator\Desktop\下载\bin\yt-dlp.exe --newline --no-warnings --no-playlist --no-check-certificates --no-mtime --encoding utf-8 --user-agent Mozilla/5.0 (Windows NT 10.0; Win64; x64) AppleWebKit/537.36 (KHTML, like Gecko) Chrome/151.0.0.0 Safari/537.36 --ffmpeg-location C:\Users\Administrator\Desktop\下载\ffmpeg\bin\ffmpeg.exe -f bv*+ba/b --merge-output-format mp4 --windows-filenames --socket-timeout 30 --retries 5 --fragment-retries 5 --extractor-retries 3 --file-access-retries 3 --retry-sleep exp=1:30 --buffer-size 16M --trim-filenames 200 --skip-unavailable-fragments -o C:\Users\Administrator\Desktop\下载\_download_temp\job_11_1787380584\source.%(ext)s --no-js-runtimes --js-runtimes node:C:\Program Files\nodejs\node.exe --cookies REDACTED --referer https://www.tiktok.com/search?q=Jack%20Jerry%20prediction%20filter&t=1787376624627 --add-header Referer: https://www.tiktok.com/search?q=Jack%20Jerry%20prediction%20filter&t=1787376624627 --http-chunk-size 10M --add-header Accept: text/html,application/xhtml+xml,application/xml;q=0.9,image/avif,image/webp,image/apng,*/*;q=0.8 --add-header Accept-Language: en-US,en;q=0.9,zh-CN;q=0.8,zh;q=0.7 --add-header Accept-Encoding: gzip, deflate, br --add-header Connection: keep-alive --add-header Upgrade-Insecure-Requests: 1 --add-header Sec-Fetch-Dest: document --add-header Sec-Fetch-Mode: navigate --add-header Sec-Fetch-Site: none --add-header Sec-Fetch-User: ?1 -N 8 https://www.tiktok.com/@blek2vait/video/7495352734414032150
[RESOLVE] task_id=E67DE2 attempt=4 status=START
[CHALLENGE] task_id=E67DE2 attempt=4 challenge_solver=native_python
[RESOLVE] task_id=E67DE2 attempt=4 status=SUCCESS
[DOWNLOAD] task_id=E67DE2 attempt=4 status=SUCCESS
[YTDLP RESULT] task_id=E67DE2 attempt=4 resolve=SUCCESS download=SUCCESS error_class=NA
============================================================
[TIKTOK TASK END]
task_id=E67DE2
result=SUCCESS
attempts=4
elapsed=78.8s
initial_error_class=TIKTOK_RESOLVE
initial_error=UNIVERSAL_DATA
initial_message=NONE
final_error_class=NONE
final_error=NONE
final_failed_stage=NA
============================================================

============================================================
[TASK END]
task_id=E67DE2
result=SUCCESS
attempts=4
elapsed=78.8s
initial_error_class=TIKTOK_RESOLVE
initial_error=UNIVERSAL_DATA
final_error_class=NONE
final_error=NONE
============================================================

============================================================
[TASK START]
task_id=B7B3F7
platform=tiktok
url=https://www.tiktok.com/@benux.edit/video/7528489692178730295
start_time=2026-08-22 14:38:03
============================================================

[ENVIRONMENT]
python_version=3.11.9
os=Windows
yt_dlp_path=C:\Users\Administrator\Desktop\下载\bin\yt-dlp.exe
yt_dlp_version=2026.08.19
node_path=C:\Program Files\nodejs\node.EXE
ffmpeg_path=C:\Users\Administrator\Desktop\下载\ffmpeg\bin\ffmpeg.exe

============================================================
[TIKTOK TASK START]
task_id=B7B3F7
url=https://www.tiktok.com/@benux.edit/video/7528489692178730295
time=2026-08-22 14:38:07
============================================================

[REQUEST]
task_id=B7B3F7
cookie=true
ua=true
referer=true
concurrency=8
action=INITIAL_READ
js_runtime_args=--no-js-runtimes --js-runtimes node:C:\Program Files\nodejs\node.exe
cookie_exists=true
cookie_count=45
cookie_size=9923
cookie_mtime=2026-08-22 14:38:07
cookie_header=REDACTED
sessionid=absent
msToken=present
sid_tt=absent
ttwid=absent
tt_chain_token=absent
passport_csrf_token=absent

============================================================
[ATTEMPT]
task_id=B7B3F7
attempt=1
concurrency=8
============================================================

[COOKIE]
task_id=B7B3F7
source=extension
file=_all_cookies.txt
session_copy=_session_cookie_B7B3F7.txt
exists=true
size=9923
mtime=2026-08-22 14:37:37
refreshed=true

[UA]
task_id=B7B3F7
source=extension
length=111

[REFERER]
task_id=B7B3F7
source=extension
value=https://www.tiktok.com/search?q=Jack+Jerry+prediction+filter&t=1787376624627

[PROXY]
task_id=B7B3F7
enabled=false
source=system
value=default

[JS RUNTIME]
task_id=B7B3F7
attempt=1
enabled=true
runtime=node
path=C:\Program Files\nodejs\node.exe
js_runtime_args=--no-js-runtimes --js-runtimes node:C:\Program Files\nodejs\node.exe

[YTDLP]
task_id=B7B3F7
attempt=1
stage=RESOLVE+DOWNLOAD
concurrency=8
retries=5
extractor_retries=3
fragment_retries=5

[COMMAND] task_id=B7B3F7 C:\Users\Administrator\Desktop\下载\bin\yt-dlp.exe --newline --no-warnings --no-playlist --no-check-certificates --no-mtime --encoding utf-8 --user-agent Mozilla/5.0 (Windows NT 10.0; Win64; x64) AppleWebKit/537.36 (KHTML, like Gecko) Chrome/151.0.0.0 Safari/537.36 --ffmpeg-location C:\Users\Administrator\Desktop\下载\ffmpeg\bin\ffmpeg.exe -f bv*+ba/b --merge-output-format mp4 --windows-filenames --socket-timeout 30 --retries 5 --fragment-retries 5 --extractor-retries 3 --file-access-retries 3 --retry-sleep exp=1:30 --buffer-size 16M --trim-filenames 200 --skip-unavailable-fragments -o C:\Users\Administrator\Desktop\下载\_download_temp\job_12_1787380683\source.%(ext)s --no-js-runtimes --js-runtimes node:C:\Program Files\nodejs\node.exe --cookies REDACTED --referer https://www.tiktok.com/search?q=Jack%20Jerry%20prediction%20filter&t=1787376624627 --add-header Referer: https://www.tiktok.com/search?q=Jack%20Jerry%20prediction%20filter&t=1787376624627 --http-chunk-size 10M --add-header Accept: text/html,application/xhtml+xml,application/xml;q=0.9,image/avif,image/webp,image/apng,*/*;q=0.8 --add-header Accept-Language: en-US,en;q=0.9,zh-CN;q=0.8,zh;q=0.7 --add-header Accept-Encoding: gzip, deflate, br --add-header Connection: keep-alive --add-header Upgrade-Insecure-Requests: 1 --add-header Sec-Fetch-Dest: document --add-header Sec-Fetch-Mode: navigate --add-header Sec-Fetch-Site: none --add-header Sec-Fetch-User: ?1 -N 8 https://www.tiktok.com/@benux.edit/video/7528489692178730295
[RESOLVE] task_id=B7B3F7 attempt=1 status=START
[CHALLENGE] task_id=B7B3F7 attempt=1 challenge_solver=native_python
[RESOLVE] task_id=B7B3F7 attempt=1 status=FAILED
[YTDLP RESULT] task_id=B7B3F7 attempt=1 resolve=FAILED download=NA error_class=TIKTOK_RESOLVE reason=UNIVERSAL_DATA
[ERROR]
task_id=B7B3F7
attempt=1
class=EXTRACTOR
category=TIKTOK_RESOLVE
stage=RESOLVE
reason=UNIVERSAL_DATA
message=ERROR: [TikTok] 7528489692178730295: Unable to extract universal data for rehydration; please report this issue on  https://github.com/yt-dlp/yt-dlp/issues?q= , filling out the appropriate issue template. Confirm you are on the latest version using  yt-dlp -U
action=INITIAL_READ
challenge_solver=native_python

[YTDLP STDERR]
[TikTok] Extracting URL: https://www.tiktok.com/@benux.edit/video/7528489692178730295
[TikTok] 7528489692178730295: Downloading webpage
[TikTok] Solving JS challenge using native Python implementation
[TikTok] 7528489692178730295: Downloading webpage with challenge cookie
ERROR: [TikTok] 7528489692178730295: Unable to extract universal data for rehydration; please report this issue on  https://github.com/yt-dlp/yt-dlp/issues?q= , filling out the appropriate issue template. Confirm you are on the latest version using  yt-dlp -U

[TIKTOK RECOVERY]
task_id=B7B3F7
stage=RESOLVE
attempt=2
reason=UNIVERSAL_DATA
action=REFRESH_COOKIE
action=REFRESH_UA
action=REFRESH_REFERER
action=REBUILD_YTDLP_ARGS
concurrency=8
wait=2s

[REQUEST]
task_id=B7B3F7
cookie=true
ua=true
referer=true
concurrency=8
action=REFRESH_BROWSER_STATE
js_runtime_args=--no-js-runtimes --js-runtimes node:C:\Program Files\nodejs\node.exe
cookie_exists=true
cookie_count=45
cookie_size=9923
cookie_mtime=2026-08-22 14:38:19
cookie_header=REDACTED
retry_reason=ERROR: [TikTok] 7528489692178730295: Unable to extract universal data for rehydration; please report this issue on  https://github.com/yt-dlp/yt-dlp/issues?q= , filling out the appropriate issue template. Confirm you are on the latest version using  yt-dlp -U
sessionid=absent
msToken=present
sid_tt=absent
ttwid=absent
tt_chain_token=absent
passport_csrf_token=absent

============================================================
[ATTEMPT]
task_id=B7B3F7
attempt=2
concurrency=8
============================================================

[COOKIE]
task_id=B7B3F7
source=extension
file=_all_cookies.txt
session_copy=_session_cookie_B7B3F7.txt
exists=true
size=9923
mtime=2026-08-22 14:37:37
refreshed=true

[UA]
task_id=B7B3F7
source=extension
length=111

[REFERER]
task_id=B7B3F7
source=extension
value=https://www.tiktok.com/search?q=Jack+Jerry+prediction+filter&t=1787376624627

[PROXY]
task_id=B7B3F7
enabled=false
source=system
value=default

[JS RUNTIME]
task_id=B7B3F7
attempt=2
enabled=true
runtime=node
path=C:\Program Files\nodejs\node.exe
js_runtime_args=--no-js-runtimes --js-runtimes node:C:\Program Files\nodejs\node.exe

[YTDLP]
task_id=B7B3F7
attempt=2
stage=RESOLVE+DOWNLOAD
concurrency=8
retries=5
extractor_retries=3
fragment_retries=5

[COMMAND] task_id=B7B3F7 C:\Users\Administrator\Desktop\下载\bin\yt-dlp.exe --newline --no-warnings --no-playlist --no-check-certificates --no-mtime --encoding utf-8 --user-agent Mozilla/5.0 (Windows NT 10.0; Win64; x64) AppleWebKit/537.36 (KHTML, like Gecko) Chrome/151.0.0.0 Safari/537.36 --ffmpeg-location C:\Users\Administrator\Desktop\下载\ffmpeg\bin\ffmpeg.exe -f bv*+ba/b --merge-output-format mp4 --windows-filenames --socket-timeout 30 --retries 5 --fragment-retries 5 --extractor-retries 3 --file-access-retries 3 --retry-sleep exp=1:30 --buffer-size 16M --trim-filenames 200 --skip-unavailable-fragments -o C:\Users\Administrator\Desktop\下载\_download_temp\job_12_1787380683\source.%(ext)s --no-js-runtimes --js-runtimes node:C:\Program Files\nodejs\node.exe --cookies REDACTED --referer https://www.tiktok.com/search?q=Jack%20Jerry%20prediction%20filter&t=1787376624627 --add-header Referer: https://www.tiktok.com/search?q=Jack%20Jerry%20prediction%20filter&t=1787376624627 --http-chunk-size 10M --add-header Accept: text/html,application/xhtml+xml,application/xml;q=0.9,image/avif,image/webp,image/apng,*/*;q=0.8 --add-header Accept-Language: en-US,en;q=0.9,zh-CN;q=0.8,zh;q=0.7 --add-header Accept-Encoding: gzip, deflate, br --add-header Connection: keep-alive --add-header Upgrade-Insecure-Requests: 1 --add-header Sec-Fetch-Dest: document --add-header Sec-Fetch-Mode: navigate --add-header Sec-Fetch-Site: none --add-header Sec-Fetch-User: ?1 -N 8 https://www.tiktok.com/@benux.edit/video/7528489692178730295
[RESOLVE] task_id=B7B3F7 attempt=2 status=START
[CHALLENGE] task_id=B7B3F7 attempt=2 challenge_solver=native_python
[RESOLVE] task_id=B7B3F7 attempt=2 status=FAILED
[YTDLP RESULT] task_id=B7B3F7 attempt=2 resolve=FAILED download=NA error_class=TIKTOK_RESOLVE reason=UNIVERSAL_DATA
[ERROR]
task_id=B7B3F7
attempt=2
class=EXTRACTOR
category=TIKTOK_RESOLVE
stage=RESOLVE
reason=UNIVERSAL_DATA
message=ERROR: [TikTok] 7528489692178730295: Unable to extract universal data for rehydration; please report this issue on  https://github.com/yt-dlp/yt-dlp/issues?q= , filling out the appropriate issue template. Confirm you are on the latest version using  yt-dlp -U
action=REFRESH_BROWSER_STATE
challenge_solver=native_python

[YTDLP STDERR]
[TikTok] Extracting URL: https://www.tiktok.com/@benux.edit/video/7528489692178730295
[TikTok] 7528489692178730295: Downloading webpage
[TikTok] Solving JS challenge using native Python implementation
[TikTok] 7528489692178730295: Downloading webpage with challenge cookie
ERROR: [TikTok] 7528489692178730295: Unable to extract universal data for rehydration; please report this issue on  https://github.com/yt-dlp/yt-dlp/issues?q= , filling out the appropriate issue template. Confirm you are on the latest version using  yt-dlp -U

[TIKTOK RECOVERY]
task_id=B7B3F7
stage=RESOLVE
attempt=3
reason=UNIVERSAL_DATA
action=REFRESH_COOKIE
action=REFRESH_UA
action=REFRESH_REFERER
action=REBUILD_YTDLP_ARGS
concurrency=8
wait=6s

[REQUEST]
task_id=B7B3F7
cookie=true
ua=true
referer=true
concurrency=8
action=REFRESH_BROWSER_STATE
js_runtime_args=--no-js-runtimes --js-runtimes node:C:\Program Files\nodejs\node.exe
cookie_exists=true
cookie_count=45
cookie_size=9923
cookie_mtime=2026-08-22 14:38:35
cookie_header=REDACTED
retry_reason=ERROR: [TikTok] 7528489692178730295: Unable to extract universal data for rehydration; please report this issue on  https://github.com/yt-dlp/yt-dlp/issues?q= , filling out the appropriate issue template. Confirm you are on the latest version using  yt-dlp -U
sessionid=absent
msToken=present
sid_tt=absent
ttwid=absent
tt_chain_token=absent
passport_csrf_token=absent

============================================================
[ATTEMPT]
task_id=B7B3F7
attempt=3
concurrency=8
============================================================

[COOKIE]
task_id=B7B3F7
source=extension
file=_all_cookies.txt
session_copy=_session_cookie_B7B3F7.txt
exists=true
size=9923
mtime=2026-08-22 14:37:37
refreshed=true

[UA]
task_id=B7B3F7
source=extension
length=111

[REFERER]
task_id=B7B3F7
source=extension
value=https://www.tiktok.com/search?q=Jack+Jerry+prediction+filter&t=1787376624627

[PROXY]
task_id=B7B3F7
enabled=false
source=system
value=default

[JS RUNTIME]
task_id=B7B3F7
attempt=3
enabled=true
runtime=node
path=C:\Program Files\nodejs\node.exe
js_runtime_args=--no-js-runtimes --js-runtimes node:C:\Program Files\nodejs\node.exe

[YTDLP]
task_id=B7B3F7
attempt=3
stage=RESOLVE+DOWNLOAD
concurrency=8
retries=5
extractor_retries=3
fragment_retries=5

[COMMAND] task_id=B7B3F7 C:\Users\Administrator\Desktop\下载\bin\yt-dlp.exe --newline --no-warnings --no-playlist --no-check-certificates --no-mtime --encoding utf-8 --user-agent Mozilla/5.0 (Windows NT 10.0; Win64; x64) AppleWebKit/537.36 (KHTML, like Gecko) Chrome/151.0.0.0 Safari/537.36 --ffmpeg-location C:\Users\Administrator\Desktop\下载\ffmpeg\bin\ffmpeg.exe -f bv*+ba/b --merge-output-format mp4 --windows-filenames --socket-timeout 30 --retries 5 --fragment-retries 5 --extractor-retries 3 --file-access-retries 3 --retry-sleep exp=1:30 --buffer-size 16M --trim-filenames 200 --skip-unavailable-fragments -o C:\Users\Administrator\Desktop\下载\_download_temp\job_12_1787380683\source.%(ext)s --no-js-runtimes --js-runtimes node:C:\Program Files\nodejs\node.exe --cookies REDACTED --referer https://www.tiktok.com/search?q=Jack%20Jerry%20prediction%20filter&t=1787376624627 --add-header Referer: https://www.tiktok.com/search?q=Jack%20Jerry%20prediction%20filter&t=1787376624627 --http-chunk-size 10M --add-header Accept: text/html,application/xhtml+xml,application/xml;q=0.9,image/avif,image/webp,image/apng,*/*;q=0.8 --add-header Accept-Language: en-US,en;q=0.9,zh-CN;q=0.8,zh;q=0.7 --add-header Accept-Encoding: gzip, deflate, br --add-header Connection: keep-alive --add-header Upgrade-Insecure-Requests: 1 --add-header Sec-Fetch-Dest: document --add-header Sec-Fetch-Mode: navigate --add-header Sec-Fetch-Site: none --add-header Sec-Fetch-User: ?1 -N 8 https://www.tiktok.com/@benux.edit/video/7528489692178730295
[RESOLVE] task_id=B7B3F7 attempt=3 status=START
[CHALLENGE] task_id=B7B3F7 attempt=3 challenge_solver=native_python
[RESOLVE] task_id=B7B3F7 attempt=3 status=SUCCESS
[DOWNLOAD] task_id=B7B3F7 attempt=3 status=SUCCESS
[YTDLP RESULT] task_id=B7B3F7 attempt=3 resolve=SUCCESS download=SUCCESS error_class=NA
============================================================
[TIKTOK TASK END]
task_id=B7B3F7
result=SUCCESS
attempts=3
elapsed=48.2s
initial_error_class=TIKTOK_RESOLVE
initial_error=UNIVERSAL_DATA
initial_message=NONE
final_error_class=NONE
final_error=NONE
final_failed_stage=NA
============================================================

============================================================
[TASK END]
task_id=B7B3F7
result=SUCCESS
attempts=3
elapsed=48.2s
initial_error_class=TIKTOK_RESOLVE
initial_error=UNIVERSAL_DATA
final_error_class=NONE
final_error=NONE
============================================================

============================================================
[TASK START]
task_id=A90AD4
platform=tiktok
url=https://www.tiktok.com/@jackjerry/video/7517012202570714399
start_time=2026-08-22 14:39:02
============================================================

[ENVIRONMENT]
python_version=3.11.9
os=Windows
yt_dlp_path=C:\Users\Administrator\Desktop\下载\bin\yt-dlp.exe
yt_dlp_version=2026.08.19
node_path=C:\Program Files\nodejs\node.EXE
ffmpeg_path=C:\Users\Administrator\Desktop\下载\ffmpeg\bin\ffmpeg.exe

============================================================
[TIKTOK TASK START]
task_id=A90AD4
url=https://www.tiktok.com/@jackjerry/video/7517012202570714399
time=2026-08-22 14:39:06
============================================================

[REQUEST]
task_id=A90AD4
cookie=true
ua=true
referer=true
concurrency=8
action=INITIAL_READ
js_runtime_args=--no-js-runtimes --js-runtimes node:C:\Program Files\nodejs\node.exe
cookie_exists=true
cookie_count=45
cookie_size=9923
cookie_mtime=2026-08-22 14:39:06
cookie_header=REDACTED
sessionid=absent
msToken=present
sid_tt=absent
ttwid=absent
tt_chain_token=absent
passport_csrf_token=absent

============================================================
[ATTEMPT]
task_id=A90AD4
attempt=1
concurrency=8
============================================================

[COOKIE]
task_id=A90AD4
source=extension
file=_all_cookies.txt
session_copy=_session_cookie_A90AD4.txt
exists=true
size=9923
mtime=2026-08-22 14:39:05
refreshed=true

[UA]
task_id=A90AD4
source=extension
length=111

[REFERER]
task_id=A90AD4
source=extension
value=https://www.tiktok.com/search?q=Jack+Jerry+prediction+filter&t=1787376624627

[PROXY]
task_id=A90AD4
enabled=false
source=system
value=default

[JS RUNTIME]
task_id=A90AD4
attempt=1
enabled=true
runtime=node
path=C:\Program Files\nodejs\node.exe
js_runtime_args=--no-js-runtimes --js-runtimes node:C:\Program Files\nodejs\node.exe

[YTDLP]
task_id=A90AD4
attempt=1
stage=RESOLVE+DOWNLOAD
concurrency=8
retries=5
extractor_retries=3
fragment_retries=5

[COMMAND] task_id=A90AD4 C:\Users\Administrator\Desktop\下载\bin\yt-dlp.exe --newline --no-warnings --no-playlist --no-check-certificates --no-mtime --encoding utf-8 --user-agent Mozilla/5.0 (Windows NT 10.0; Win64; x64) AppleWebKit/537.36 (KHTML, like Gecko) Chrome/151.0.0.0 Safari/537.36 --ffmpeg-location C:\Users\Administrator\Desktop\下载\ffmpeg\bin\ffmpeg.exe -f bv*+ba/b --merge-output-format mp4 --windows-filenames --socket-timeout 30 --retries 5 --fragment-retries 5 --extractor-retries 3 --file-access-retries 3 --retry-sleep exp=1:30 --buffer-size 16M --trim-filenames 200 --skip-unavailable-fragments -o C:\Users\Administrator\Desktop\下载\_download_temp\job_13_1787380742\source.%(ext)s --no-js-runtimes --js-runtimes node:C:\Program Files\nodejs\node.exe --cookies REDACTED --referer https://www.tiktok.com/search?q=Jack%20Jerry%20prediction%20filter&t=1787376624627 --add-header Referer: https://www.tiktok.com/search?q=Jack%20Jerry%20prediction%20filter&t=1787376624627 --http-chunk-size 10M --add-header Accept: text/html,application/xhtml+xml,application/xml;q=0.9,image/avif,image/webp,image/apng,*/*;q=0.8 --add-header Accept-Language: en-US,en;q=0.9,zh-CN;q=0.8,zh;q=0.7 --add-header Accept-Encoding: gzip, deflate, br --add-header Connection: keep-alive --add-header Upgrade-Insecure-Requests: 1 --add-header Sec-Fetch-Dest: document --add-header Sec-Fetch-Mode: navigate --add-header Sec-Fetch-Site: none --add-header Sec-Fetch-User: ?1 -N 8 https://www.tiktok.com/@jackjerry/video/7517012202570714399
[RESOLVE] task_id=A90AD4 attempt=1 status=START
[CHALLENGE] task_id=A90AD4 attempt=1 challenge_solver=native_python
[RESOLVE] task_id=A90AD4 attempt=1 status=SUCCESS
[DOWNLOAD] task_id=A90AD4 attempt=1 status=SUCCESS
[YTDLP RESULT] task_id=A90AD4 attempt=1 resolve=SUCCESS download=SUCCESS error_class=NA
============================================================
[TIKTOK TASK END]
task_id=A90AD4
result=SUCCESS
attempts=1
elapsed=25.5s
initial_error_class=NONE
initial_error=NONE
initial_message=NONE
final_error_class=NONE
final_error=NONE
final_failed_stage=NA
============================================================

============================================================
[TASK END]
task_id=A90AD4
result=SUCCESS
attempts=1
elapsed=25.5s
initial_error_class=NONE
initial_error=NONE
final_error_class=NONE
final_error=NONE
============================================================

============================================================
[TASK START]
task_id=AEC836
platform=tiktok
url=https://www.tiktok.com/@markohh2.0/video/7669585681290628365
start_time=2026-08-22 14:39:45
============================================================

[ENVIRONMENT]
python_version=3.11.9
os=Windows
yt_dlp_path=C:\Users\Administrator\Desktop\下载\bin\yt-dlp.exe
yt_dlp_version=2026.08.19
node_path=C:\Program Files\nodejs\node.EXE
ffmpeg_path=C:\Users\Administrator\Desktop\下载\ffmpeg\bin\ffmpeg.exe

============================================================
[TIKTOK TASK START]
task_id=AEC836
url=https://www.tiktok.com/@markohh2.0/video/7669585681290628365
time=2026-08-22 14:39:49
============================================================

[REQUEST]
task_id=AEC836
cookie=true
ua=true
referer=true
concurrency=8
action=INITIAL_READ
js_runtime_args=--no-js-runtimes --js-runtimes node:C:\Program Files\nodejs\node.exe
cookie_exists=true
cookie_count=45
cookie_size=9923
cookie_mtime=2026-08-22 14:39:49
cookie_header=REDACTED
sessionid=absent
msToken=present
sid_tt=absent
ttwid=absent
tt_chain_token=absent
passport_csrf_token=absent

============================================================
[ATTEMPT]
task_id=AEC836
attempt=1
concurrency=8
============================================================

[COOKIE]
task_id=AEC836
source=extension
file=_all_cookies.txt
session_copy=_session_cookie_AEC836.txt
exists=true
size=9923
mtime=2026-08-22 14:39:05
refreshed=true

[UA]
task_id=AEC836
source=extension
length=111

[REFERER]
task_id=AEC836
source=extension
value=https://www.tiktok.com/search?q=Jack+Jerry+prediction+filter&t=1787376624627

[PROXY]
task_id=AEC836
enabled=false
source=system
value=default

[JS RUNTIME]
task_id=AEC836
attempt=1
enabled=true
runtime=node
path=C:\Program Files\nodejs\node.exe
js_runtime_args=--no-js-runtimes --js-runtimes node:C:\Program Files\nodejs\node.exe

[YTDLP]
task_id=AEC836
attempt=1
stage=RESOLVE+DOWNLOAD
concurrency=8
retries=5
extractor_retries=3
fragment_retries=5

[COMMAND] task_id=AEC836 C:\Users\Administrator\Desktop\下载\bin\yt-dlp.exe --newline --no-warnings --no-playlist --no-check-certificates --no-mtime --encoding utf-8 --user-agent Mozilla/5.0 (Windows NT 10.0; Win64; x64) AppleWebKit/537.36 (KHTML, like Gecko) Chrome/151.0.0.0 Safari/537.36 --ffmpeg-location C:\Users\Administrator\Desktop\下载\ffmpeg\bin\ffmpeg.exe -f bv*+ba/b --merge-output-format mp4 --windows-filenames --socket-timeout 30 --retries 5 --fragment-retries 5 --extractor-retries 3 --file-access-retries 3 --retry-sleep exp=1:30 --buffer-size 16M --trim-filenames 200 --skip-unavailable-fragments -o C:\Users\Administrator\Desktop\下载\_download_temp\job_14_1787380785\source.%(ext)s --no-js-runtimes --js-runtimes node:C:\Program Files\nodejs\node.exe --cookies REDACTED --referer https://www.tiktok.com/search?q=Jack%20Jerry%20prediction%20filter&t=1787376624627 --add-header Referer: https://www.tiktok.com/search?q=Jack%20Jerry%20prediction%20filter&t=1787376624627 --http-chunk-size 10M --add-header Accept: text/html,application/xhtml+xml,application/xml;q=0.9,image/avif,image/webp,image/apng,*/*;q=0.8 --add-header Accept-Language: en-US,en;q=0.9,zh-CN;q=0.8,zh;q=0.7 --add-header Accept-Encoding: gzip, deflate, br --add-header Connection: keep-alive --add-header Upgrade-Insecure-Requests: 1 --add-header Sec-Fetch-Dest: document --add-header Sec-Fetch-Mode: navigate --add-header Sec-Fetch-Site: none --add-header Sec-Fetch-User: ?1 -N 8 https://www.tiktok.com/@markohh2.0/video/7669585681290628365
[RESOLVE] task_id=AEC836 attempt=1 status=START
[CHALLENGE] task_id=AEC836 attempt=1 challenge_solver=native_python
[RESOLVE] task_id=AEC836 attempt=1 status=SUCCESS
[DOWNLOAD] task_id=AEC836 attempt=1 status=SUCCESS
[YTDLP RESULT] task_id=AEC836 attempt=1 resolve=SUCCESS download=SUCCESS error_class=NA
============================================================
[TIKTOK TASK END]
task_id=AEC836
result=SUCCESS
attempts=1
elapsed=25.7s
initial_error_class=NONE
initial_error=NONE
initial_message=NONE
final_error_class=NONE
final_error=NONE
final_failed_stage=NA
============================================================

============================================================
[TASK END]
task_id=AEC836
result=SUCCESS
attempts=1
elapsed=25.9s
initial_error_class=NONE
initial_error=NONE
final_error_class=NONE
final_error=NONE
============================================================

============================================================
[TASK START]
task_id=2C30D8
platform=tiktok
url=https://www.tiktok.com/@filterdudemain/video/7486922641006202154
start_time=2026-08-22 14:40:27
============================================================

[ENVIRONMENT]
python_version=3.11.9
os=Windows
yt_dlp_path=C:\Users\Administrator\Desktop\下载\bin\yt-dlp.exe
yt_dlp_version=2026.08.19
node_path=C:\Program Files\nodejs\node.EXE
ffmpeg_path=C:\Users\Administrator\Desktop\下载\ffmpeg\bin\ffmpeg.exe

============================================================
[TIKTOK TASK START]
task_id=2C30D8
url=https://www.tiktok.com/@filterdudemain/video/7486922641006202154
time=2026-08-22 14:40:31
============================================================

[REQUEST]
task_id=2C30D8
cookie=true
ua=true
referer=true
concurrency=8
action=INITIAL_READ
js_runtime_args=--no-js-runtimes --js-runtimes node:C:\Program Files\nodejs\node.exe
cookie_exists=true
cookie_count=45
cookie_size=9923
cookie_mtime=2026-08-22 14:40:31
cookie_header=REDACTED
sessionid=absent
msToken=present
sid_tt=absent
ttwid=absent
tt_chain_token=absent
passport_csrf_token=absent

============================================================
[ATTEMPT]
task_id=2C30D8
attempt=1
concurrency=8
============================================================

[COOKIE]
task_id=2C30D8
source=extension
file=_all_cookies.txt
session_copy=_session_cookie_2C30D8.txt
exists=true
size=9923
mtime=2026-08-22 14:39:05
refreshed=true

[UA]
task_id=2C30D8
source=extension
length=111

[REFERER]
task_id=2C30D8
source=extension
value=https://www.tiktok.com/search?q=Jack+Jerry+prediction+filter&t=1787376624627

[PROXY]
task_id=2C30D8
enabled=false
source=system
value=default

[JS RUNTIME]
task_id=2C30D8
attempt=1
enabled=true
runtime=node
path=C:\Program Files\nodejs\node.exe
js_runtime_args=--no-js-runtimes --js-runtimes node:C:\Program Files\nodejs\node.exe

[YTDLP]
task_id=2C30D8
attempt=1
stage=RESOLVE+DOWNLOAD
concurrency=8
retries=5
extractor_retries=3
fragment_retries=5

[COMMAND] task_id=2C30D8 C:\Users\Administrator\Desktop\下载\bin\yt-dlp.exe --newline --no-warnings --no-playlist --no-check-certificates --no-mtime --encoding utf-8 --user-agent Mozilla/5.0 (Windows NT 10.0; Win64; x64) AppleWebKit/537.36 (KHTML, like Gecko) Chrome/151.0.0.0 Safari/537.36 --ffmpeg-location C:\Users\Administrator\Desktop\下载\ffmpeg\bin\ffmpeg.exe -f bv*+ba/b --merge-output-format mp4 --windows-filenames --socket-timeout 30 --retries 5 --fragment-retries 5 --extractor-retries 3 --file-access-retries 3 --retry-sleep exp=1:30 --buffer-size 16M --trim-filenames 200 --skip-unavailable-fragments -o C:\Users\Administrator\Desktop\下载\_download_temp\job_15_1787380827\source.%(ext)s --no-js-runtimes --js-runtimes node:C:\Program Files\nodejs\node.exe --cookies REDACTED --referer https://www.tiktok.com/search?q=Jack%20Jerry%20prediction%20filter&t=1787376624627 --add-header Referer: https://www.tiktok.com/search?q=Jack%20Jerry%20prediction%20filter&t=1787376624627 --http-chunk-size 10M --add-header Accept: text/html,application/xhtml+xml,application/xml;q=0.9,image/avif,image/webp,image/apng,*/*;q=0.8 --add-header Accept-Language: en-US,en;q=0.9,zh-CN;q=0.8,zh;q=0.7 --add-header Accept-Encoding: gzip, deflate, br --add-header Connection: keep-alive --add-header Upgrade-Insecure-Requests: 1 --add-header Sec-Fetch-Dest: document --add-header Sec-Fetch-Mode: navigate --add-header Sec-Fetch-Site: none --add-header Sec-Fetch-User: ?1 -N 8 https://www.tiktok.com/@filterdudemain/video/7486922641006202154
[RESOLVE] task_id=2C30D8 attempt=1 status=START
[CHALLENGE] task_id=2C30D8 attempt=1 challenge_solver=native_python
[RESOLVE] task_id=2C30D8 attempt=1 status=SUCCESS
[DOWNLOAD] task_id=2C30D8 attempt=1 status=SUCCESS
[YTDLP RESULT] task_id=2C30D8 attempt=1 resolve=SUCCESS download=SUCCESS error_class=NA
============================================================
[TIKTOK TASK END]
task_id=2C30D8
result=SUCCESS
attempts=1
elapsed=21.4s
initial_error_class=NONE
initial_error=NONE
initial_message=NONE
final_error_class=NONE
final_error=NONE
final_failed_stage=NA
============================================================

============================================================
[TASK END]
task_id=2C30D8
result=SUCCESS
attempts=1
elapsed=21.4s
initial_error_class=NONE
initial_error=NONE
final_error_class=NONE
final_error=NONE
============================================================

============================================================
[TASK START]
task_id=2BCB07
platform=tiktok
url=https://www.tiktok.com/@donot_smile/video/7520355981113429303
start_time=2026-08-22 14:41:10
============================================================

[ENVIRONMENT]
python_version=3.11.9
os=Windows
yt_dlp_path=C:\Users\Administrator\Desktop\下载\bin\yt-dlp.exe
yt_dlp_version=2026.08.19
node_path=C:\Program Files\nodejs\node.EXE
ffmpeg_path=C:\Users\Administrator\Desktop\下载\ffmpeg\bin\ffmpeg.exe

============================================================
[TIKTOK TASK START]
task_id=2BCB07
url=https://www.tiktok.com/@donot_smile/video/7520355981113429303
time=2026-08-22 14:41:14
============================================================

[REQUEST]
task_id=2BCB07
cookie=true
ua=true
referer=true
concurrency=8
action=INITIAL_READ
js_runtime_args=--no-js-runtimes --js-runtimes node:C:\Program Files\nodejs\node.exe
cookie_exists=true
cookie_count=45
cookie_size=9923
cookie_mtime=2026-08-22 14:41:14
cookie_header=REDACTED
sessionid=absent
msToken=present
sid_tt=absent
ttwid=absent
tt_chain_token=absent
passport_csrf_token=absent

============================================================
[ATTEMPT]
task_id=2BCB07
attempt=1
concurrency=8
============================================================

[COOKIE]
task_id=2BCB07
source=extension
file=_all_cookies.txt
session_copy=_session_cookie_2BCB07.txt
exists=true
size=9923
mtime=2026-08-22 14:41:05
refreshed=true

[UA]
task_id=2BCB07
source=extension
length=111

[REFERER]
task_id=2BCB07
source=extension
value=https://www.tiktok.com/search?q=Jack+Jerry+prediction+filter&t=1787376624627

[PROXY]
task_id=2BCB07
enabled=false
source=system
value=default

[JS RUNTIME]
task_id=2BCB07
attempt=1
enabled=true
runtime=node
path=C:\Program Files\nodejs\node.exe
js_runtime_args=--no-js-runtimes --js-runtimes node:C:\Program Files\nodejs\node.exe

[YTDLP]
task_id=2BCB07
attempt=1
stage=RESOLVE+DOWNLOAD
concurrency=8
retries=5
extractor_retries=3
fragment_retries=5

[COMMAND] task_id=2BCB07 C:\Users\Administrator\Desktop\下载\bin\yt-dlp.exe --newline --no-warnings --no-playlist --no-check-certificates --no-mtime --encoding utf-8 --user-agent Mozilla/5.0 (Windows NT 10.0; Win64; x64) AppleWebKit/537.36 (KHTML, like Gecko) Chrome/151.0.0.0 Safari/537.36 --ffmpeg-location C:\Users\Administrator\Desktop\下载\ffmpeg\bin\ffmpeg.exe -f bv*+ba/b --merge-output-format mp4 --windows-filenames --socket-timeout 30 --retries 5 --fragment-retries 5 --extractor-retries 3 --file-access-retries 3 --retry-sleep exp=1:30 --buffer-size 16M --trim-filenames 200 --skip-unavailable-fragments -o C:\Users\Administrator\Desktop\下载\_download_temp\job_16_1787380870\source.%(ext)s --no-js-runtimes --js-runtimes node:C:\Program Files\nodejs\node.exe --cookies REDACTED --referer https://www.tiktok.com/search?q=Jack%20Jerry%20prediction%20filter&t=1787376624627 --add-header Referer: https://www.tiktok.com/search?q=Jack%20Jerry%20prediction%20filter&t=1787376624627 --http-chunk-size 10M --add-header Accept: text/html,application/xhtml+xml,application/xml;q=0.9,image/avif,image/webp,image/apng,*/*;q=0.8 --add-header Accept-Language: en-US,en;q=0.9,zh-CN;q=0.8,zh;q=0.7 --add-header Accept-Encoding: gzip, deflate, br --add-header Connection: keep-alive --add-header Upgrade-Insecure-Requests: 1 --add-header Sec-Fetch-Dest: document --add-header Sec-Fetch-Mode: navigate --add-header Sec-Fetch-Site: none --add-header Sec-Fetch-User: ?1 -N 8 https://www.tiktok.com/@donot_smile/video/7520355981113429303
[RESOLVE] task_id=2BCB07 attempt=1 status=START
[CHALLENGE] task_id=2BCB07 attempt=1 challenge_solver=native_python
[RESOLVE] task_id=2BCB07 attempt=1 status=SUCCESS
[DOWNLOAD] task_id=2BCB07 attempt=1 status=SUCCESS
[YTDLP RESULT] task_id=2BCB07 attempt=1 resolve=SUCCESS download=SUCCESS error_class=NA
============================================================
[TIKTOK TASK END]
task_id=2BCB07
result=SUCCESS
attempts=1
elapsed=20.5s
initial_error_class=NONE
initial_error=NONE
initial_message=NONE
final_error_class=NONE
final_error=NONE
final_failed_stage=NA
============================================================

============================================================
[TASK END]
task_id=2BCB07
result=SUCCESS
attempts=1
elapsed=20.5s
initial_error_class=NONE
initial_error=NONE
final_error_class=NONE
final_error=NONE
============================================================

============================================================
[TASK START]
task_id=147160
platform=tiktok
url=https://www.tiktok.com/@mark.ohh7/video/7515847588898426158
start_time=2026-08-22 14:41:43
============================================================

[ENVIRONMENT]
python_version=3.11.9
os=Windows
yt_dlp_path=C:\Users\Administrator\Desktop\下载\bin\yt-dlp.exe
yt_dlp_version=2026.08.19
node_path=C:\Program Files\nodejs\node.EXE
ffmpeg_path=C:\Users\Administrator\Desktop\下载\ffmpeg\bin\ffmpeg.exe

============================================================
[TIKTOK TASK START]
task_id=147160
url=https://www.tiktok.com/@mark.ohh7/video/7515847588898426158
time=2026-08-22 14:41:47
============================================================

[REQUEST]
task_id=147160
cookie=true
ua=true
referer=true
concurrency=8
action=INITIAL_READ
js_runtime_args=--no-js-runtimes --js-runtimes node:C:\Program Files\nodejs\node.exe
cookie_exists=true
cookie_count=45
cookie_size=9923
cookie_mtime=2026-08-22 14:41:47
cookie_header=REDACTED
sessionid=absent
msToken=present
sid_tt=absent
ttwid=absent
tt_chain_token=absent
passport_csrf_token=absent

============================================================
[ATTEMPT]
task_id=147160
attempt=1
concurrency=8
============================================================

[COOKIE]
task_id=147160
source=extension
file=_all_cookies.txt
session_copy=_session_cookie_147160.txt
exists=true
size=9923
mtime=2026-08-22 14:41:05
refreshed=true

[UA]
task_id=147160
source=extension
length=111

[REFERER]
task_id=147160
source=extension
value=https://www.tiktok.com/search?q=Jack+Jerry+prediction+filter&t=1787376624627

[PROXY]
task_id=147160
enabled=false
source=system
value=default

[JS RUNTIME]
task_id=147160
attempt=1
enabled=true
runtime=node
path=C:\Program Files\nodejs\node.exe
js_runtime_args=--no-js-runtimes --js-runtimes node:C:\Program Files\nodejs\node.exe

[YTDLP]
task_id=147160
attempt=1
stage=RESOLVE+DOWNLOAD
concurrency=8
retries=5
extractor_retries=3
fragment_retries=5

[COMMAND] task_id=147160 C:\Users\Administrator\Desktop\下载\bin\yt-dlp.exe --newline --no-warnings --no-playlist --no-check-certificates --no-mtime --encoding utf-8 --user-agent Mozilla/5.0 (Windows NT 10.0; Win64; x64) AppleWebKit/537.36 (KHTML, like Gecko) Chrome/151.0.0.0 Safari/537.36 --ffmpeg-location C:\Users\Administrator\Desktop\下载\ffmpeg\bin\ffmpeg.exe -f bv*+ba/b --merge-output-format mp4 --windows-filenames --socket-timeout 30 --retries 5 --fragment-retries 5 --extractor-retries 3 --file-access-retries 3 --retry-sleep exp=1:30 --buffer-size 16M --trim-filenames 200 --skip-unavailable-fragments -o C:\Users\Administrator\Desktop\下载\_download_temp\job_17_1787380903\source.%(ext)s --no-js-runtimes --js-runtimes node:C:\Program Files\nodejs\node.exe --cookies REDACTED --referer https://www.tiktok.com/search?q=Jack%20Jerry%20prediction%20filter&t=1787376624627 --add-header Referer: https://www.tiktok.com/search?q=Jack%20Jerry%20prediction%20filter&t=1787376624627 --http-chunk-size 10M --add-header Accept: text/html,application/xhtml+xml,application/xml;q=0.9,image/avif,image/webp,image/apng,*/*;q=0.8 --add-header Accept-Language: en-US,en;q=0.9,zh-CN;q=0.8,zh;q=0.7 --add-header Accept-Encoding: gzip, deflate, br --add-header Connection: keep-alive --add-header Upgrade-Insecure-Requests: 1 --add-header Sec-Fetch-Dest: document --add-header Sec-Fetch-Mode: navigate --add-header Sec-Fetch-Site: none --add-header Sec-Fetch-User: ?1 -N 8 https://www.tiktok.com/@mark.ohh7/video/7515847588898426158
[RESOLVE] task_id=147160 attempt=1 status=START
[CHALLENGE] task_id=147160 attempt=1 challenge_solver=native_python
[RESOLVE] task_id=147160 attempt=1 status=FAILED
[YTDLP RESULT] task_id=147160 attempt=1 resolve=FAILED download=NA error_class=TIKTOK_RESOLVE reason=UNIVERSAL_DATA
[ERROR]
task_id=147160
attempt=1
class=EXTRACTOR
category=TIKTOK_RESOLVE
stage=RESOLVE
reason=UNIVERSAL_DATA
message=ERROR: [TikTok] 7515847588898426158: Unable to extract universal data for rehydration; please report this issue on  https://github.com/yt-dlp/yt-dlp/issues?q= , filling out the appropriate issue template. Confirm you are on the latest version using  yt-dlp -U
action=INITIAL_READ
challenge_solver=native_python

[YTDLP STDERR]
[TikTok] Extracting URL: https://www.tiktok.com/@mark.ohh7/video/7515847588898426158
[TikTok] 7515847588898426158: Downloading webpage
[TikTok] Solving JS challenge using native Python implementation
[TikTok] 7515847588898426158: Downloading webpage with challenge cookie
ERROR: [TikTok] 7515847588898426158: Unable to extract universal data for rehydration; please report this issue on  https://github.com/yt-dlp/yt-dlp/issues?q= , filling out the appropriate issue template. Confirm you are on the latest version using  yt-dlp -U

[TIKTOK RECOVERY]
task_id=147160
stage=RESOLVE
attempt=2
reason=UNIVERSAL_DATA
action=REFRESH_COOKIE
action=REFRESH_UA
action=REFRESH_REFERER
action=REBUILD_YTDLP_ARGS
concurrency=8
wait=2s

[REQUEST]
task_id=147160
cookie=true
ua=true
referer=true
concurrency=8
action=REFRESH_BROWSER_STATE
js_runtime_args=--no-js-runtimes --js-runtimes node:C:\Program Files\nodejs\node.exe
cookie_exists=true
cookie_count=45
cookie_size=9923
cookie_mtime=2026-08-22 14:42:01
cookie_header=REDACTED
retry_reason=ERROR: [TikTok] 7515847588898426158: Unable to extract universal data for rehydration; please report this issue on  https://github.com/yt-dlp/yt-dlp/issues?q= , filling out the appropriate issue template. Confirm you are on the latest version using  yt-dlp -U
sessionid=absent
msToken=present
sid_tt=absent
ttwid=absent
tt_chain_token=absent
passport_csrf_token=absent

============================================================
[ATTEMPT]
task_id=147160
attempt=2
concurrency=8
============================================================

[COOKIE]
task_id=147160
source=extension
file=_all_cookies.txt
session_copy=_session_cookie_147160.txt
exists=true
size=9923
mtime=2026-08-22 14:41:05
refreshed=true

[UA]
task_id=147160
source=extension
length=111

[REFERER]
task_id=147160
source=extension
value=https://www.tiktok.com/search?q=Jack+Jerry+prediction+filter&t=1787376624627

[PROXY]
task_id=147160
enabled=false
source=system
value=default

[JS RUNTIME]
task_id=147160
attempt=2
enabled=true
runtime=node
path=C:\Program Files\nodejs\node.exe
js_runtime_args=--no-js-runtimes --js-runtimes node:C:\Program Files\nodejs\node.exe

[YTDLP]
task_id=147160
attempt=2
stage=RESOLVE+DOWNLOAD
concurrency=8
retries=5
extractor_retries=3
fragment_retries=5

[COMMAND] task_id=147160 C:\Users\Administrator\Desktop\下载\bin\yt-dlp.exe --newline --no-warnings --no-playlist --no-check-certificates --no-mtime --encoding utf-8 --user-agent Mozilla/5.0 (Windows NT 10.0; Win64; x64) AppleWebKit/537.36 (KHTML, like Gecko) Chrome/151.0.0.0 Safari/537.36 --ffmpeg-location C:\Users\Administrator\Desktop\下载\ffmpeg\bin\ffmpeg.exe -f bv*+ba/b --merge-output-format mp4 --windows-filenames --socket-timeout 30 --retries 5 --fragment-retries 5 --extractor-retries 3 --file-access-retries 3 --retry-sleep exp=1:30 --buffer-size 16M --trim-filenames 200 --skip-unavailable-fragments -o C:\Users\Administrator\Desktop\下载\_download_temp\job_17_1787380903\source.%(ext)s --no-js-runtimes --js-runtimes node:C:\Program Files\nodejs\node.exe --cookies REDACTED --referer https://www.tiktok.com/search?q=Jack%20Jerry%20prediction%20filter&t=1787376624627 --add-header Referer: https://www.tiktok.com/search?q=Jack%20Jerry%20prediction%20filter&t=1787376624627 --http-chunk-size 10M --add-header Accept: text/html,application/xhtml+xml,application/xml;q=0.9,image/avif,image/webp,image/apng,*/*;q=0.8 --add-header Accept-Language: en-US,en;q=0.9,zh-CN;q=0.8,zh;q=0.7 --add-header Accept-Encoding: gzip, deflate, br --add-header Connection: keep-alive --add-header Upgrade-Insecure-Requests: 1 --add-header Sec-Fetch-Dest: document --add-header Sec-Fetch-Mode: navigate --add-header Sec-Fetch-Site: none --add-header Sec-Fetch-User: ?1 -N 8 https://www.tiktok.com/@mark.ohh7/video/7515847588898426158
[RESOLVE] task_id=147160 attempt=2 status=START
[CHALLENGE] task_id=147160 attempt=2 challenge_solver=native_python
[RESOLVE] task_id=147160 attempt=2 status=SUCCESS
[DOWNLOAD] task_id=147160 attempt=2 status=SUCCESS
[YTDLP RESULT] task_id=147160 attempt=2 resolve=SUCCESS download=SUCCESS error_class=NA
============================================================
[TIKTOK TASK END]
task_id=147160
result=SUCCESS
attempts=2
elapsed=41.8s
initial_error_class=TIKTOK_RESOLVE
initial_error=UNIVERSAL_DATA
initial_message=NONE
final_error_class=NONE
final_error=NONE
final_failed_stage=NA
============================================================

============================================================
[TASK END]
task_id=147160
result=SUCCESS
attempts=2
elapsed=41.9s
initial_error_class=TIKTOK_RESOLVE
initial_error=UNIVERSAL_DATA
final_error_class=NONE
final_error=NONE
============================================================

============================================================
[TASK START]
task_id=4E4153
platform=tiktok
url=https://www.tiktok.com/@gy.u/video/7488836428877679880
start_time=2026-08-22 14:51:29
============================================================

[ENVIRONMENT]
python_version=3.11.9
os=Windows
yt_dlp_path=C:\Users\Administrator\Desktop\下载\bin\yt-dlp.exe
yt_dlp_version=2026.08.19
node_path=C:\Program Files\nodejs\node.EXE
ffmpeg_path=C:\Users\Administrator\Desktop\下载\ffmpeg\bin\ffmpeg.exe

============================================================
[TIKTOK TASK START]
task_id=4E4153
url=https://www.tiktok.com/@gy.u/video/7488836428877679880
time=2026-08-22 14:51:33
============================================================

[REQUEST]
task_id=4E4153
cookie=true
ua=true
referer=true
concurrency=8
action=INITIAL_READ
js_runtime_args=--no-js-runtimes --js-runtimes node:C:\Program Files\nodejs\node.exe
cookie_exists=true
cookie_count=45
cookie_size=9923
cookie_mtime=2026-08-22 14:51:33
cookie_header=REDACTED
sessionid=absent
msToken=present
sid_tt=absent
ttwid=absent
tt_chain_token=absent
passport_csrf_token=absent

============================================================
[ATTEMPT]
task_id=4E4153
attempt=1
concurrency=8
============================================================

[COOKIE]
task_id=4E4153
source=extension
file=_all_cookies.txt
session_copy=_session_cookie_4E4153.txt
exists=true
size=9923
mtime=2026-08-22 14:51:05
refreshed=true

[UA]
task_id=4E4153
source=extension
length=111

[REFERER]
task_id=4E4153
source=extension
value=https://www.tiktok.com/search?q=Jack+Jerry+prediction+filter&t=1787376624627

[PROXY]
task_id=4E4153
enabled=false
source=system
value=default

[JS RUNTIME]
task_id=4E4153
attempt=1
enabled=true
runtime=node
path=C:\Program Files\nodejs\node.exe
js_runtime_args=--no-js-runtimes --js-runtimes node:C:\Program Files\nodejs\node.exe

[YTDLP]
task_id=4E4153
attempt=1
stage=RESOLVE+DOWNLOAD
concurrency=8
retries=5
extractor_retries=3
fragment_retries=5

[COMMAND] task_id=4E4153 C:\Users\Administrator\Desktop\下载\bin\yt-dlp.exe --newline --no-warnings --no-playlist --no-check-certificates --no-mtime --encoding utf-8 --user-agent Mozilla/5.0 (Windows NT 10.0; Win64; x64) AppleWebKit/537.36 (KHTML, like Gecko) Chrome/151.0.0.0 Safari/537.36 --ffmpeg-location C:\Users\Administrator\Desktop\下载\ffmpeg\bin\ffmpeg.exe -f bv*+ba/b --merge-output-format mp4 --windows-filenames --socket-timeout 30 --retries 5 --fragment-retries 5 --extractor-retries 3 --file-access-retries 3 --retry-sleep exp=1:30 --buffer-size 16M --trim-filenames 200 --skip-unavailable-fragments -o C:\Users\Administrator\Desktop\下载\_download_temp\job_1_1787381489\source.%(ext)s --no-js-runtimes --js-runtimes node:C:\Program Files\nodejs\node.exe --cookies REDACTED --referer https://www.tiktok.com/search?q=Jack%20Jerry%20prediction%20filter&t=1787376624627 --add-header Referer: https://www.tiktok.com/search?q=Jack%20Jerry%20prediction%20filter&t=1787376624627 --http-chunk-size 10M --add-header Accept: text/html,application/xhtml+xml,application/xml;q=0.9,image/avif,image/webp,image/apng,*/*;q=0.8 --add-header Accept-Language: en-US,en;q=0.9,zh-CN;q=0.8,zh;q=0.7 --add-header Accept-Encoding: gzip, deflate, br --add-header Connection: keep-alive --add-header Upgrade-Insecure-Requests: 1 --add-header Sec-Fetch-Dest: document --add-header Sec-Fetch-Mode: navigate --add-header Sec-Fetch-Site: none --add-header Sec-Fetch-User: ?1 -N 8 https://www.tiktok.com/@gy.u/video/7488836428877679880
[RESOLVE] task_id=4E4153 attempt=1 status=START
[CHALLENGE] task_id=4E4153 attempt=1 challenge_solver=native_python
[RESOLVE] task_id=4E4153 attempt=1 status=FAILED
[YTDLP RESULT] task_id=4E4153 attempt=1 resolve=FAILED download=NA error_class=TIKTOK_RESOLVE reason=UNIVERSAL_DATA
[ERROR]
task_id=4E4153
attempt=1
class=EXTRACTOR
category=TIKTOK_RESOLVE
stage=RESOLVE
reason=UNIVERSAL_DATA
message=ERROR: [TikTok] 7488836428877679880: Unable to extract universal data for rehydration; please report this issue on  https://github.com/yt-dlp/yt-dlp/issues?q= , filling out the appropriate issue template. Confirm you are on the latest version using  yt-dlp -U
action=INITIAL_READ
challenge_solver=native_python

[YTDLP STDERR]
[TikTok] Extracting URL: https://www.tiktok.com/@gy.u/video/7488836428877679880
[TikTok] 7488836428877679880: Downloading webpage
[TikTok] Solving JS challenge using native Python implementation
[TikTok] 7488836428877679880: Downloading webpage with challenge cookie
ERROR: [TikTok] 7488836428877679880: Unable to extract universal data for rehydration; please report this issue on  https://github.com/yt-dlp/yt-dlp/issues?q= , filling out the appropriate issue template. Confirm you are on the latest version using  yt-dlp -U

[TIKTOK RECOVERY]
task_id=4E4153
stage=RESOLVE
attempt=2
reason=UNIVERSAL_DATA
action=REFRESH_COOKIE
action=REFRESH_UA
action=REFRESH_REFERER
action=REBUILD_YTDLP_ARGS
concurrency=8
wait=2s

[REQUEST]
task_id=4E4153
cookie=true
ua=true
referer=true
concurrency=8
action=REFRESH_BROWSER_STATE
js_runtime_args=--no-js-runtimes --js-runtimes node:C:\Program Files\nodejs\node.exe
cookie_exists=true
cookie_count=45
cookie_size=9923
cookie_mtime=2026-08-22 14:51:46
cookie_header=REDACTED
retry_reason=ERROR: [TikTok] 7488836428877679880: Unable to extract universal data for rehydration; please report this issue on  https://github.com/yt-dlp/yt-dlp/issues?q= , filling out the appropriate issue template. Confirm you are on the latest version using  yt-dlp -U
sessionid=absent
msToken=present
sid_tt=absent
ttwid=absent
tt_chain_token=absent
passport_csrf_token=absent

============================================================
[ATTEMPT]
task_id=4E4153
attempt=2
concurrency=8
============================================================

[COOKIE]
task_id=4E4153
source=extension
file=_all_cookies.txt
session_copy=_session_cookie_4E4153.txt
exists=true
size=9923
mtime=2026-08-22 14:51:05
refreshed=true

[UA]
task_id=4E4153
source=extension
length=111

[REFERER]
task_id=4E4153
source=extension
value=https://www.tiktok.com/search?q=Jack+Jerry+prediction+filter&t=1787376624627

[PROXY]
task_id=4E4153
enabled=false
source=system
value=default

[JS RUNTIME]
task_id=4E4153
attempt=2
enabled=true
runtime=node
path=C:\Program Files\nodejs\node.exe
js_runtime_args=--no-js-runtimes --js-runtimes node:C:\Program Files\nodejs\node.exe

[YTDLP]
task_id=4E4153
attempt=2
stage=RESOLVE+DOWNLOAD
concurrency=8
retries=5
extractor_retries=3
fragment_retries=5

[COMMAND] task_id=4E4153 C:\Users\Administrator\Desktop\下载\bin\yt-dlp.exe --newline --no-warnings --no-playlist --no-check-certificates --no-mtime --encoding utf-8 --user-agent Mozilla/5.0 (Windows NT 10.0; Win64; x64) AppleWebKit/537.36 (KHTML, like Gecko) Chrome/151.0.0.0 Safari/537.36 --ffmpeg-location C:\Users\Administrator\Desktop\下载\ffmpeg\bin\ffmpeg.exe -f bv*+ba/b --merge-output-format mp4 --windows-filenames --socket-timeout 30 --retries 5 --fragment-retries 5 --extractor-retries 3 --file-access-retries 3 --retry-sleep exp=1:30 --buffer-size 16M --trim-filenames 200 --skip-unavailable-fragments -o C:\Users\Administrator\Desktop\下载\_download_temp\job_1_1787381489\source.%(ext)s --no-js-runtimes --js-runtimes node:C:\Program Files\nodejs\node.exe --cookies REDACTED --referer https://www.tiktok.com/search?q=Jack%20Jerry%20prediction%20filter&t=1787376624627 --add-header Referer: https://www.tiktok.com/search?q=Jack%20Jerry%20prediction%20filter&t=1787376624627 --http-chunk-size 10M --add-header Accept: text/html,application/xhtml+xml,application/xml;q=0.9,image/avif,image/webp,image/apng,*/*;q=0.8 --add-header Accept-Language: en-US,en;q=0.9,zh-CN;q=0.8,zh;q=0.7 --add-header Accept-Encoding: gzip, deflate, br --add-header Connection: keep-alive --add-header Upgrade-Insecure-Requests: 1 --add-header Sec-Fetch-Dest: document --add-header Sec-Fetch-Mode: navigate --add-header Sec-Fetch-Site: none --add-header Sec-Fetch-User: ?1 -N 8 https://www.tiktok.com/@gy.u/video/7488836428877679880
[RESOLVE] task_id=4E4153 attempt=2 status=START
[CHALLENGE] task_id=4E4153 attempt=2 challenge_solver=native_python
[RESOLVE] task_id=4E4153 attempt=2 status=FAILED
[YTDLP RESULT] task_id=4E4153 attempt=2 resolve=FAILED download=NA error_class=TIKTOK_RESOLVE reason=UNIVERSAL_DATA
[ERROR]
task_id=4E4153
attempt=2
class=EXTRACTOR
category=TIKTOK_RESOLVE
stage=RESOLVE
reason=UNIVERSAL_DATA
message=ERROR: [TikTok] 7488836428877679880: Unable to extract universal data for rehydration; please report this issue on  https://github.com/yt-dlp/yt-dlp/issues?q= , filling out the appropriate issue template. Confirm you are on the latest version using  yt-dlp -U
action=REFRESH_BROWSER_STATE
challenge_solver=native_python

[YTDLP STDERR]
[TikTok] Extracting URL: https://www.tiktok.com/@gy.u/video/7488836428877679880
[TikTok] 7488836428877679880: Downloading webpage
[TikTok] Solving JS challenge using native Python implementation
[TikTok] 7488836428877679880: Downloading webpage with challenge cookie
ERROR: [TikTok] 7488836428877679880: Unable to extract universal data for rehydration; please report this issue on  https://github.com/yt-dlp/yt-dlp/issues?q= , filling out the appropriate issue template. Confirm you are on the latest version using  yt-dlp -U

[TIKTOK RECOVERY]
task_id=4E4153
stage=RESOLVE
attempt=3
reason=UNIVERSAL_DATA
action=REFRESH_COOKIE
action=REFRESH_UA
action=REFRESH_REFERER
action=REBUILD_YTDLP_ARGS
concurrency=8
wait=6s

[REQUEST]
task_id=4E4153
cookie=true
ua=true
referer=true
concurrency=8
action=REFRESH_BROWSER_STATE
js_runtime_args=--no-js-runtimes --js-runtimes node:C:\Program Files\nodejs\node.exe
cookie_exists=true
cookie_count=45
cookie_size=9923
cookie_mtime=2026-08-22 14:52:01
cookie_header=REDACTED
retry_reason=ERROR: [TikTok] 7488836428877679880: Unable to extract universal data for rehydration; please report this issue on  https://github.com/yt-dlp/yt-dlp/issues?q= , filling out the appropriate issue template. Confirm you are on the latest version using  yt-dlp -U
sessionid=absent
msToken=present
sid_tt=absent
ttwid=absent
tt_chain_token=absent
passport_csrf_token=absent

============================================================
[ATTEMPT]
task_id=4E4153
attempt=3
concurrency=8
============================================================

[COOKIE]
task_id=4E4153
source=extension
file=_all_cookies.txt
session_copy=_session_cookie_4E4153.txt
exists=true
size=9923
mtime=2026-08-22 14:51:05
refreshed=true

[UA]
task_id=4E4153
source=extension
length=111

[REFERER]
task_id=4E4153
source=extension
value=https://www.tiktok.com/search?q=Jack+Jerry+prediction+filter&t=1787376624627

[PROXY]
task_id=4E4153
enabled=false
source=system
value=default

[JS RUNTIME]
task_id=4E4153
attempt=3
enabled=true
runtime=node
path=C:\Program Files\nodejs\node.exe
js_runtime_args=--no-js-runtimes --js-runtimes node:C:\Program Files\nodejs\node.exe

[YTDLP]
task_id=4E4153
attempt=3
stage=RESOLVE+DOWNLOAD
concurrency=8
retries=5
extractor_retries=3
fragment_retries=5

[COMMAND] task_id=4E4153 C:\Users\Administrator\Desktop\下载\bin\yt-dlp.exe --newline --no-warnings --no-playlist --no-check-certificates --no-mtime --encoding utf-8 --user-agent Mozilla/5.0 (Windows NT 10.0; Win64; x64) AppleWebKit/537.36 (KHTML, like Gecko) Chrome/151.0.0.0 Safari/537.36 --ffmpeg-location C:\Users\Administrator\Desktop\下载\ffmpeg\bin\ffmpeg.exe -f bv*+ba/b --merge-output-format mp4 --windows-filenames --socket-timeout 30 --retries 5 --fragment-retries 5 --extractor-retries 3 --file-access-retries 3 --retry-sleep exp=1:30 --buffer-size 16M --trim-filenames 200 --skip-unavailable-fragments -o C:\Users\Administrator\Desktop\下载\_download_temp\job_1_1787381489\source.%(ext)s --no-js-runtimes --js-runtimes node:C:\Program Files\nodejs\node.exe --cookies REDACTED --referer https://www.tiktok.com/search?q=Jack%20Jerry%20prediction%20filter&t=1787376624627 --add-header Referer: https://www.tiktok.com/search?q=Jack%20Jerry%20prediction%20filter&t=1787376624627 --http-chunk-size 10M --add-header Accept: text/html,application/xhtml+xml,application/xml;q=0.9,image/avif,image/webp,image/apng,*/*;q=0.8 --add-header Accept-Language: en-US,en;q=0.9,zh-CN;q=0.8,zh;q=0.7 --add-header Accept-Encoding: gzip, deflate, br --add-header Connection: keep-alive --add-header Upgrade-Insecure-Requests: 1 --add-header Sec-Fetch-Dest: document --add-header Sec-Fetch-Mode: navigate --add-header Sec-Fetch-Site: none --add-header Sec-Fetch-User: ?1 -N 8 https://www.tiktok.com/@gy.u/video/7488836428877679880
[RESOLVE] task_id=4E4153 attempt=3 status=START
[CHALLENGE] task_id=4E4153 attempt=3 challenge_solver=native_python
[RESOLVE] task_id=4E4153 attempt=3 status=FAILED
[YTDLP RESULT] task_id=4E4153 attempt=3 resolve=FAILED download=NA error_class=TIKTOK_RESOLVE reason=UNIVERSAL_DATA
[ERROR]
task_id=4E4153
attempt=3
class=EXTRACTOR
category=TIKTOK_RESOLVE
stage=RESOLVE
reason=UNIVERSAL_DATA
message=ERROR: [TikTok] 7488836428877679880: Unable to extract universal data for rehydration; please report this issue on  https://github.com/yt-dlp/yt-dlp/issues?q= , filling out the appropriate issue template. Confirm you are on the latest version using  yt-dlp -U
action=REFRESH_BROWSER_STATE
challenge_solver=native_python

[YTDLP STDERR]
[TikTok] Extracting URL: https://www.tiktok.com/@gy.u/video/7488836428877679880
[TikTok] 7488836428877679880: Downloading webpage
[TikTok] Solving JS challenge using native Python implementation
[TikTok] 7488836428877679880: Downloading webpage with challenge cookie
ERROR: [TikTok] 7488836428877679880: Unable to extract universal data for rehydration; please report this issue on  https://github.com/yt-dlp/yt-dlp/issues?q= , filling out the appropriate issue template. Confirm you are on the latest version using  yt-dlp -U

[TIKTOK RECOVERY]
task_id=4E4153
stage=RESOLVE
attempt=4
reason=UNIVERSAL_DATA
action=REFRESH_COOKIE
action=REFRESH_UA
action=REFRESH_REFERER
action=REBUILD_YTDLP_ARGS
concurrency=8
wait=12s

[REQUEST]
task_id=4E4153
cookie=true
ua=true
referer=true
concurrency=8
action=REFRESH_BROWSER_STATE
js_runtime_args=--no-js-runtimes --js-runtimes node:C:\Program Files\nodejs\node.exe
cookie_exists=true
cookie_count=45
cookie_size=9923
cookie_mtime=2026-08-22 14:52:23
cookie_header=REDACTED
retry_reason=ERROR: [TikTok] 7488836428877679880: Unable to extract universal data for rehydration; please report this issue on  https://github.com/yt-dlp/yt-dlp/issues?q= , filling out the appropriate issue template. Confirm you are on the latest version using  yt-dlp -U
sessionid=absent
msToken=present
sid_tt=absent
ttwid=absent
tt_chain_token=absent
passport_csrf_token=absent

============================================================
[ATTEMPT]
task_id=4E4153
attempt=4
concurrency=8
============================================================

[COOKIE]
task_id=4E4153
source=extension
file=_all_cookies.txt
session_copy=_session_cookie_4E4153.txt
exists=true
size=9923
mtime=2026-08-22 14:51:05
refreshed=true

[UA]
task_id=4E4153
source=extension
length=111

[REFERER]
task_id=4E4153
source=extension
value=https://www.tiktok.com/search?q=Jack+Jerry+prediction+filter&t=1787376624627

[PROXY]
task_id=4E4153
enabled=false
source=system
value=default

[JS RUNTIME]
task_id=4E4153
attempt=4
enabled=true
runtime=node
path=C:\Program Files\nodejs\node.exe
js_runtime_args=--no-js-runtimes --js-runtimes node:C:\Program Files\nodejs\node.exe

[YTDLP]
task_id=4E4153
attempt=4
stage=RESOLVE+DOWNLOAD
concurrency=8
retries=5
extractor_retries=3
fragment_retries=5

[COMMAND] task_id=4E4153 C:\Users\Administrator\Desktop\下载\bin\yt-dlp.exe --newline --no-warnings --no-playlist --no-check-certificates --no-mtime --encoding utf-8 --user-agent Mozilla/5.0 (Windows NT 10.0; Win64; x64) AppleWebKit/537.36 (KHTML, like Gecko) Chrome/151.0.0.0 Safari/537.36 --ffmpeg-location C:\Users\Administrator\Desktop\下载\ffmpeg\bin\ffmpeg.exe -f bv*+ba/b --merge-output-format mp4 --windows-filenames --socket-timeout 30 --retries 5 --fragment-retries 5 --extractor-retries 3 --file-access-retries 3 --retry-sleep exp=1:30 --buffer-size 16M --trim-filenames 200 --skip-unavailable-fragments -o C:\Users\Administrator\Desktop\下载\_download_temp\job_1_1787381489\source.%(ext)s --no-js-runtimes --js-runtimes node:C:\Program Files\nodejs\node.exe --cookies REDACTED --referer https://www.tiktok.com/search?q=Jack%20Jerry%20prediction%20filter&t=1787376624627 --add-header Referer: https://www.tiktok.com/search?q=Jack%20Jerry%20prediction%20filter&t=1787376624627 --http-chunk-size 10M --add-header Accept: text/html,application/xhtml+xml,application/xml;q=0.9,image/avif,image/webp,image/apng,*/*;q=0.8 --add-header Accept-Language: en-US,en;q=0.9,zh-CN;q=0.8,zh;q=0.7 --add-header Accept-Encoding: gzip, deflate, br --add-header Connection: keep-alive --add-header Upgrade-Insecure-Requests: 1 --add-header Sec-Fetch-Dest: document --add-header Sec-Fetch-Mode: navigate --add-header Sec-Fetch-Site: none --add-header Sec-Fetch-User: ?1 -N 8 https://www.tiktok.com/@gy.u/video/7488836428877679880
[RESOLVE] task_id=4E4153 attempt=4 status=START
[CHALLENGE] task_id=4E4153 attempt=4 challenge_solver=native_python
[RESOLVE] task_id=4E4153 attempt=4 status=SUCCESS
[DOWNLOAD] task_id=4E4153 attempt=4 status=SUCCESS
[YTDLP RESULT] task_id=4E4153 attempt=4 resolve=SUCCESS download=SUCCESS error_class=NA
============================================================
[TIKTOK TASK END]
task_id=4E4153
result=SUCCESS
attempts=4
elapsed=68.4s
initial_error_class=TIKTOK_RESOLVE
initial_error=UNIVERSAL_DATA
initial_message=NONE
final_error_class=NONE
final_error=NONE
final_failed_stage=NA
============================================================

============================================================
[TASK END]
task_id=4E4153
result=SUCCESS
attempts=4
elapsed=68.4s
initial_error_class=TIKTOK_RESOLVE
initial_error=UNIVERSAL_DATA
final_error_class=NONE
final_error=NONE
============================================================

============================================================
[TASK START]
task_id=B69611
platform=tiktok
url=https://www.tiktok.com/@sam_mashiya/video/7496501007552154935
start_time=2026-08-22 14:52:49
============================================================

[ENVIRONMENT]
python_version=3.11.9
os=Windows
yt_dlp_path=C:\Users\Administrator\Desktop\下载\bin\yt-dlp.exe
yt_dlp_version=2026.08.19
node_path=C:\Program Files\nodejs\node.EXE
ffmpeg_path=C:\Users\Administrator\Desktop\下载\ffmpeg\bin\ffmpeg.exe

============================================================
[TIKTOK TASK START]
task_id=B69611
url=https://www.tiktok.com/@sam_mashiya/video/7496501007552154935
time=2026-08-22 14:52:53
============================================================

[REQUEST]
task_id=B69611
cookie=true
ua=true
referer=true
concurrency=8
action=INITIAL_READ
js_runtime_args=--no-js-runtimes --js-runtimes node:C:\Program Files\nodejs\node.exe
cookie_exists=true
cookie_count=45
cookie_size=9923
cookie_mtime=2026-08-22 14:52:53
cookie_header=REDACTED
sessionid=absent
msToken=present
sid_tt=absent
ttwid=absent
tt_chain_token=absent
passport_csrf_token=absent

============================================================
[ATTEMPT]
task_id=B69611
attempt=1
concurrency=8
============================================================

[COOKIE]
task_id=B69611
source=extension
file=_all_cookies.txt
session_copy=_session_cookie_B69611.txt
exists=true
size=9923
mtime=2026-08-22 14:51:05
refreshed=true

[UA]
task_id=B69611
source=extension
length=111

[REFERER]
task_id=B69611
source=extension
value=https://www.tiktok.com/search?q=Jack+Jerry+prediction+filter&t=1787376624627

[PROXY]
task_id=B69611
enabled=false
source=system
value=default

[JS RUNTIME]
task_id=B69611
attempt=1
enabled=true
runtime=node
path=C:\Program Files\nodejs\node.exe
js_runtime_args=--no-js-runtimes --js-runtimes node:C:\Program Files\nodejs\node.exe

[YTDLP]
task_id=B69611
attempt=1
stage=RESOLVE+DOWNLOAD
concurrency=8
retries=5
extractor_retries=3
fragment_retries=5

[COMMAND] task_id=B69611 C:\Users\Administrator\Desktop\下载\bin\yt-dlp.exe --newline --no-warnings --no-playlist --no-check-certificates --no-mtime --encoding utf-8 --user-agent Mozilla/5.0 (Windows NT 10.0; Win64; x64) AppleWebKit/537.36 (KHTML, like Gecko) Chrome/151.0.0.0 Safari/537.36 --ffmpeg-location C:\Users\Administrator\Desktop\下载\ffmpeg\bin\ffmpeg.exe -f bv*+ba/b --merge-output-format mp4 --windows-filenames --socket-timeout 30 --retries 5 --fragment-retries 5 --extractor-retries 3 --file-access-retries 3 --retry-sleep exp=1:30 --buffer-size 16M --trim-filenames 200 --skip-unavailable-fragments -o C:\Users\Administrator\Desktop\下载\_download_temp\job_2_1787381569\source.%(ext)s --no-js-runtimes --js-runtimes node:C:\Program Files\nodejs\node.exe --cookies REDACTED --referer https://www.tiktok.com/search?q=Jack%20Jerry%20prediction%20filter&t=1787376624627 --add-header Referer: https://www.tiktok.com/search?q=Jack%20Jerry%20prediction%20filter&t=1787376624627 --http-chunk-size 10M --add-header Accept: text/html,application/xhtml+xml,application/xml;q=0.9,image/avif,image/webp,image/apng,*/*;q=0.8 --add-header Accept-Language: en-US,en;q=0.9,zh-CN;q=0.8,zh;q=0.7 --add-header Accept-Encoding: gzip, deflate, br --add-header Connection: keep-alive --add-header Upgrade-Insecure-Requests: 1 --add-header Sec-Fetch-Dest: document --add-header Sec-Fetch-Mode: navigate --add-header Sec-Fetch-Site: none --add-header Sec-Fetch-User: ?1 -N 8 https://www.tiktok.com/@sam_mashiya/video/7496501007552154935
[RESOLVE] task_id=B69611 attempt=1 status=START
[CHALLENGE] task_id=B69611 attempt=1 challenge_solver=native_python
[RESOLVE] task_id=B69611 attempt=1 status=SUCCESS
[DOWNLOAD] task_id=B69611 attempt=1 status=SUCCESS
[YTDLP RESULT] task_id=B69611 attempt=1 resolve=SUCCESS download=SUCCESS error_class=NA
============================================================
[TIKTOK TASK END]
task_id=B69611
result=SUCCESS
attempts=1
elapsed=33.1s
initial_error_class=NONE
initial_error=NONE
initial_message=NONE
final_error_class=NONE
final_error=NONE
final_failed_stage=NA
============================================================

============================================================
[TASK END]
task_id=B69611
result=SUCCESS
attempts=1
elapsed=33.1s
initial_error_class=NONE
initial_error=NONE
final_error_class=NONE
final_error=NONE
============================================================

============================================================
[TASK START]
task_id=D0F59F
platform=tiktok
url=https://www.tiktok.com/@mark.ohh7/video/7580527621587406135
start_time=2026-08-22 14:53:38
============================================================

[ENVIRONMENT]
python_version=3.11.9
os=Windows
yt_dlp_path=C:\Users\Administrator\Desktop\下载\bin\yt-dlp.exe
yt_dlp_version=2026.08.19
node_path=C:\Program Files\nodejs\node.EXE
ffmpeg_path=C:\Users\Administrator\Desktop\下载\ffmpeg\bin\ffmpeg.exe

============================================================
[TIKTOK TASK START]
task_id=D0F59F
url=https://www.tiktok.com/@mark.ohh7/video/7580527621587406135
time=2026-08-22 14:53:42
============================================================

[REQUEST]
task_id=D0F59F
cookie=true
ua=true
referer=true
concurrency=8
action=INITIAL_READ
js_runtime_args=--no-js-runtimes --js-runtimes node:C:\Program Files\nodejs\node.exe
cookie_exists=true
cookie_count=45
cookie_size=9923
cookie_mtime=2026-08-22 14:53:42
cookie_header=REDACTED
sessionid=absent
msToken=present
sid_tt=absent
ttwid=absent
tt_chain_token=absent
passport_csrf_token=absent

============================================================
[ATTEMPT]
task_id=D0F59F
attempt=1
concurrency=8
============================================================

[COOKIE]
task_id=D0F59F
source=extension
file=_all_cookies.txt
session_copy=_session_cookie_D0F59F.txt
exists=true
size=9923
mtime=2026-08-22 14:53:06
refreshed=true

[UA]
task_id=D0F59F
source=extension
length=111

[REFERER]
task_id=D0F59F
source=extension
value=https://www.tiktok.com/search?q=Jack+Jerry+prediction+filter&t=1787376624627

[PROXY]
task_id=D0F59F
enabled=false
source=system
value=default

[JS RUNTIME]
task_id=D0F59F
attempt=1
enabled=true
runtime=node
path=C:\Program Files\nodejs\node.exe
js_runtime_args=--no-js-runtimes --js-runtimes node:C:\Program Files\nodejs\node.exe

[YTDLP]
task_id=D0F59F
attempt=1
stage=RESOLVE+DOWNLOAD
concurrency=8
retries=5
extractor_retries=3
fragment_retries=5

[COMMAND] task_id=D0F59F C:\Users\Administrator\Desktop\下载\bin\yt-dlp.exe --newline --no-warnings --no-playlist --no-check-certificates --no-mtime --encoding utf-8 --user-agent Mozilla/5.0 (Windows NT 10.0; Win64; x64) AppleWebKit/537.36 (KHTML, like Gecko) Chrome/151.0.0.0 Safari/537.36 --ffmpeg-location C:\Users\Administrator\Desktop\下载\ffmpeg\bin\ffmpeg.exe -f bv*+ba/b --merge-output-format mp4 --windows-filenames --socket-timeout 30 --retries 5 --fragment-retries 5 --extractor-retries 3 --file-access-retries 3 --retry-sleep exp=1:30 --buffer-size 16M --trim-filenames 200 --skip-unavailable-fragments -o C:\Users\Administrator\Desktop\下载\_download_temp\job_3_1787381618\source.%(ext)s --no-js-runtimes --js-runtimes node:C:\Program Files\nodejs\node.exe --cookies REDACTED --referer https://www.tiktok.com/search?q=Jack%20Jerry%20prediction%20filter&t=1787376624627 --add-header Referer: https://www.tiktok.com/search?q=Jack%20Jerry%20prediction%20filter&t=1787376624627 --http-chunk-size 10M --add-header Accept: text/html,application/xhtml+xml,application/xml;q=0.9,image/avif,image/webp,image/apng,*/*;q=0.8 --add-header Accept-Language: en-US,en;q=0.9,zh-CN;q=0.8,zh;q=0.7 --add-header Accept-Encoding: gzip, deflate, br --add-header Connection: keep-alive --add-header Upgrade-Insecure-Requests: 1 --add-header Sec-Fetch-Dest: document --add-header Sec-Fetch-Mode: navigate --add-header Sec-Fetch-Site: none --add-header Sec-Fetch-User: ?1 -N 8 https://www.tiktok.com/@mark.ohh7/video/7580527621587406135
[RESOLVE] task_id=D0F59F attempt=1 status=START
[CHALLENGE] task_id=D0F59F attempt=1 challenge_solver=native_python
[RESOLVE] task_id=D0F59F attempt=1 status=FAILED
[YTDLP RESULT] task_id=D0F59F attempt=1 resolve=FAILED download=NA error_class=TIKTOK_RESOLVE reason=UNIVERSAL_DATA
[ERROR]
task_id=D0F59F
attempt=1
class=EXTRACTOR
category=TIKTOK_RESOLVE
stage=RESOLVE
reason=UNIVERSAL_DATA
message=ERROR: [TikTok] 7580527621587406135: Unable to extract universal data for rehydration; please report this issue on  https://github.com/yt-dlp/yt-dlp/issues?q= , filling out the appropriate issue template. Confirm you are on the latest version using  yt-dlp -U
action=INITIAL_READ
challenge_solver=native_python

[YTDLP STDERR]
[TikTok] Extracting URL: https://www.tiktok.com/@mark.ohh7/video/7580527621587406135
[TikTok] 7580527621587406135: Downloading webpage
[TikTok] Solving JS challenge using native Python implementation
[TikTok] 7580527621587406135: Downloading webpage with challenge cookie
ERROR: [TikTok] 7580527621587406135: Unable to extract universal data for rehydration; please report this issue on  https://github.com/yt-dlp/yt-dlp/issues?q= , filling out the appropriate issue template. Confirm you are on the latest version using  yt-dlp -U

[TIKTOK RECOVERY]
task_id=D0F59F
stage=RESOLVE
attempt=2
reason=UNIVERSAL_DATA
action=REFRESH_COOKIE
action=REFRESH_UA
action=REFRESH_REFERER
action=REBUILD_YTDLP_ARGS
concurrency=8
wait=2s

[REQUEST]
task_id=D0F59F
cookie=true
ua=true
referer=true
concurrency=8
action=REFRESH_BROWSER_STATE
js_runtime_args=--no-js-runtimes --js-runtimes node:C:\Program Files\nodejs\node.exe
cookie_exists=true
cookie_count=45
cookie_size=9923
cookie_mtime=2026-08-22 14:53:55
cookie_header=REDACTED
retry_reason=ERROR: [TikTok] 7580527621587406135: Unable to extract universal data for rehydration; please report this issue on  https://github.com/yt-dlp/yt-dlp/issues?q= , filling out the appropriate issue template. Confirm you are on the latest version using  yt-dlp -U
sessionid=absent
msToken=present
sid_tt=absent
ttwid=absent
tt_chain_token=absent
passport_csrf_token=absent

============================================================
[ATTEMPT]
task_id=D0F59F
attempt=2
concurrency=8
============================================================

[COOKIE]
task_id=D0F59F
source=extension
file=_all_cookies.txt
session_copy=_session_cookie_D0F59F.txt
exists=true
size=9923
mtime=2026-08-22 14:53:06
refreshed=true

[UA]
task_id=D0F59F
source=extension
length=111

[REFERER]
task_id=D0F59F
source=extension
value=https://www.tiktok.com/search?q=Jack+Jerry+prediction+filter&t=1787376624627

[PROXY]
task_id=D0F59F
enabled=false
source=system
value=default

[JS RUNTIME]
task_id=D0F59F
attempt=2
enabled=true
runtime=node
path=C:\Program Files\nodejs\node.exe
js_runtime_args=--no-js-runtimes --js-runtimes node:C:\Program Files\nodejs\node.exe

[YTDLP]
task_id=D0F59F
attempt=2
stage=RESOLVE+DOWNLOAD
concurrency=8
retries=5
extractor_retries=3
fragment_retries=5

[COMMAND] task_id=D0F59F C:\Users\Administrator\Desktop\下载\bin\yt-dlp.exe --newline --no-warnings --no-playlist --no-check-certificates --no-mtime --encoding utf-8 --user-agent Mozilla/5.0 (Windows NT 10.0; Win64; x64) AppleWebKit/537.36 (KHTML, like Gecko) Chrome/151.0.0.0 Safari/537.36 --ffmpeg-location C:\Users\Administrator\Desktop\下载\ffmpeg\bin\ffmpeg.exe -f bv*+ba/b --merge-output-format mp4 --windows-filenames --socket-timeout 30 --retries 5 --fragment-retries 5 --extractor-retries 3 --file-access-retries 3 --retry-sleep exp=1:30 --buffer-size 16M --trim-filenames 200 --skip-unavailable-fragments -o C:\Users\Administrator\Desktop\下载\_download_temp\job_3_1787381618\source.%(ext)s --no-js-runtimes --js-runtimes node:C:\Program Files\nodejs\node.exe --cookies REDACTED --referer https://www.tiktok.com/search?q=Jack%20Jerry%20prediction%20filter&t=1787376624627 --add-header Referer: https://www.tiktok.com/search?q=Jack%20Jerry%20prediction%20filter&t=1787376624627 --http-chunk-size 10M --add-header Accept: text/html,application/xhtml+xml,application/xml;q=0.9,image/avif,image/webp,image/apng,*/*;q=0.8 --add-header Accept-Language: en-US,en;q=0.9,zh-CN;q=0.8,zh;q=0.7 --add-header Accept-Encoding: gzip, deflate, br --add-header Connection: keep-alive --add-header Upgrade-Insecure-Requests: 1 --add-header Sec-Fetch-Dest: document --add-header Sec-Fetch-Mode: navigate --add-header Sec-Fetch-Site: none --add-header Sec-Fetch-User: ?1 -N 8 https://www.tiktok.com/@mark.ohh7/video/7580527621587406135
[RESOLVE] task_id=D0F59F attempt=2 status=START
[CHALLENGE] task_id=D0F59F attempt=2 challenge_solver=native_python
[RESOLVE] task_id=D0F59F attempt=2 status=FAILED
[YTDLP RESULT] task_id=D0F59F attempt=2 resolve=FAILED download=NA error_class=TIKTOK_RESOLVE reason=UNIVERSAL_DATA
[ERROR]
task_id=D0F59F
attempt=2
class=EXTRACTOR
category=TIKTOK_RESOLVE
stage=RESOLVE
reason=UNIVERSAL_DATA
message=ERROR: [TikTok] 7580527621587406135: Unable to extract universal data for rehydration; please report this issue on  https://github.com/yt-dlp/yt-dlp/issues?q= , filling out the appropriate issue template. Confirm you are on the latest version using  yt-dlp -U
action=REFRESH_BROWSER_STATE
challenge_solver=native_python

[YTDLP STDERR]
[TikTok] Extracting URL: https://www.tiktok.com/@mark.ohh7/video/7580527621587406135
[TikTok] 7580527621587406135: Downloading webpage
[TikTok] Solving JS challenge using native Python implementation
[TikTok] 7580527621587406135: Downloading webpage with challenge cookie
ERROR: [TikTok] 7580527621587406135: Unable to extract universal data for rehydration; please report this issue on  https://github.com/yt-dlp/yt-dlp/issues?q= , filling out the appropriate issue template. Confirm you are on the latest version using  yt-dlp -U

[TIKTOK RECOVERY]
task_id=D0F59F
stage=RESOLVE
attempt=3
reason=UNIVERSAL_DATA
action=REFRESH_COOKIE
action=REFRESH_UA
action=REFRESH_REFERER
action=REBUILD_YTDLP_ARGS
concurrency=8
wait=6s

[REQUEST]
task_id=D0F59F
cookie=true
ua=true
referer=true
concurrency=8
action=REFRESH_BROWSER_STATE
js_runtime_args=--no-js-runtimes --js-runtimes node:C:\Program Files\nodejs\node.exe
cookie_exists=true
cookie_count=45
cookie_size=9923
cookie_mtime=2026-08-22 14:54:11
cookie_header=REDACTED
retry_reason=ERROR: [TikTok] 7580527621587406135: Unable to extract universal data for rehydration; please report this issue on  https://github.com/yt-dlp/yt-dlp/issues?q= , filling out the appropriate issue template. Confirm you are on the latest version using  yt-dlp -U
sessionid=absent
msToken=present
sid_tt=absent
ttwid=absent
tt_chain_token=absent
passport_csrf_token=absent

============================================================
[ATTEMPT]
task_id=D0F59F
attempt=3
concurrency=8
============================================================

[COOKIE]
task_id=D0F59F
source=extension
file=_all_cookies.txt
session_copy=_session_cookie_D0F59F.txt
exists=true
size=9923
mtime=2026-08-22 14:53:06
refreshed=true

[UA]
task_id=D0F59F
source=extension
length=111

[REFERER]
task_id=D0F59F
source=extension
value=https://www.tiktok.com/search?q=Jack+Jerry+prediction+filter&t=1787376624627

[PROXY]
task_id=D0F59F
enabled=false
source=system
value=default

[JS RUNTIME]
task_id=D0F59F
attempt=3
enabled=true
runtime=node
path=C:\Program Files\nodejs\node.exe
js_runtime_args=--no-js-runtimes --js-runtimes node:C:\Program Files\nodejs\node.exe

[YTDLP]
task_id=D0F59F
attempt=3
stage=RESOLVE+DOWNLOAD
concurrency=8
retries=5
extractor_retries=3
fragment_retries=5

[COMMAND] task_id=D0F59F C:\Users\Administrator\Desktop\下载\bin\yt-dlp.exe --newline --no-warnings --no-playlist --no-check-certificates --no-mtime --encoding utf-8 --user-agent Mozilla/5.0 (Windows NT 10.0; Win64; x64) AppleWebKit/537.36 (KHTML, like Gecko) Chrome/151.0.0.0 Safari/537.36 --ffmpeg-location C:\Users\Administrator\Desktop\下载\ffmpeg\bin\ffmpeg.exe -f bv*+ba/b --merge-output-format mp4 --windows-filenames --socket-timeout 30 --retries 5 --fragment-retries 5 --extractor-retries 3 --file-access-retries 3 --retry-sleep exp=1:30 --buffer-size 16M --trim-filenames 200 --skip-unavailable-fragments -o C:\Users\Administrator\Desktop\下载\_download_temp\job_3_1787381618\source.%(ext)s --no-js-runtimes --js-runtimes node:C:\Program Files\nodejs\node.exe --cookies REDACTED --referer https://www.tiktok.com/search?q=Jack%20Jerry%20prediction%20filter&t=1787376624627 --add-header Referer: https://www.tiktok.com/search?q=Jack%20Jerry%20prediction%20filter&t=1787376624627 --http-chunk-size 10M --add-header Accept: text/html,application/xhtml+xml,application/xml;q=0.9,image/avif,image/webp,image/apng,*/*;q=0.8 --add-header Accept-Language: en-US,en;q=0.9,zh-CN;q=0.8,zh;q=0.7 --add-header Accept-Encoding: gzip, deflate, br --add-header Connection: keep-alive --add-header Upgrade-Insecure-Requests: 1 --add-header Sec-Fetch-Dest: document --add-header Sec-Fetch-Mode: navigate --add-header Sec-Fetch-Site: none --add-header Sec-Fetch-User: ?1 -N 8 https://www.tiktok.com/@mark.ohh7/video/7580527621587406135
[RESOLVE] task_id=D0F59F attempt=3 status=START
[CHALLENGE] task_id=D0F59F attempt=3 challenge_solver=native_python
[RESOLVE] task_id=D0F59F attempt=3 status=FAILED
[YTDLP RESULT] task_id=D0F59F attempt=3 resolve=FAILED download=NA error_class=TIKTOK_RESOLVE reason=WEBPAGE_DOWNLOAD
[ERROR]
task_id=D0F59F
attempt=3
class=EXTRACTOR
category=TIKTOK_RESOLVE
stage=RESOLVE
reason=WEBPAGE_DOWNLOAD
message=ERROR: [TikTok] 7580527621587406135: Unable to download webpage: Failed to perform, curl: (35) BoringSSL SSL_connect: Connection closed abruptly (SSL_ERROR_SYSCALL; error queue empty) in connection to www.tiktok.com:443. See https://curl.se/libcurl/c/libcurl-errors.html first for more details. (caus
action=REFRESH_BROWSER_STATE
challenge_solver=native_python

[YTDLP STDERR]
[TikTok] Extracting URL: https://www.tiktok.com/@mark.ohh7/video/7580527621587406135
[TikTok] 7580527621587406135: Downloading webpage
[TikTok] Solving JS challenge using native Python implementation
[TikTok] 7580527621587406135: Downloading webpage with challenge cookie
ERROR: [TikTok] 7580527621587406135: Unable to download webpage: Failed to perform, curl: (35) BoringSSL SSL_connect: Connection closed abruptly (SSL_ERROR_SYSCALL; error queue empty) in connection to www.tiktok.com:443. See https://curl.se/libcurl/c/libcurl-errors.html first for more details. (caused by SSLError('Failed to perform, curl: (35) BoringSSL SSL_connect: Connection closed abruptly (SSL_ERROR_SYSCALL; error queue empty) in connection to www.tiktok.com:443. See https://curl.se/libcurl/c/libcurl-errors.html first for more details.')); please report this issue on  https://github.com/yt-dlp/yt-dlp/issues?q= , filling out the appropriate issue template. Confirm you are on the latest version using  yt-dlp -U

[TIKTOK RECOVERY]
task_id=D0F59F
stage=RESOLVE
attempt=4
reason=WEBPAGE_DOWNLOAD
action=REFRESH_COOKIE
action=REFRESH_UA
action=REFRESH_REFERER
action=REBUILD_YTDLP_ARGS
concurrency=8
wait=12s

[REQUEST]
task_id=D0F59F
cookie=true
ua=true
referer=true
concurrency=8
action=REFRESH_BROWSER_STATE
js_runtime_args=--no-js-runtimes --js-runtimes node:C:\Program Files\nodejs\node.exe
cookie_exists=true
cookie_count=45
cookie_size=9923
cookie_mtime=2026-08-22 14:54:40
cookie_header=REDACTED
retry_reason=ERROR: [TikTok] 7580527621587406135: Unable to download webpage: Failed to perform, curl: (35) BoringSSL SSL_connect: Connection closed abruptly (SSL_ERROR_SYSCALL; error queue empty) in connection to www.tiktok.com:443. See https://curl.se/libcurl/c/libcurl-errors.html first for more details. (caus
sessionid=absent
msToken=present
sid_tt=absent
ttwid=absent
tt_chain_token=absent
passport_csrf_token=absent

============================================================
[ATTEMPT]
task_id=D0F59F
attempt=4
concurrency=8
============================================================

[COOKIE]
task_id=D0F59F
source=extension
file=_all_cookies.txt
session_copy=_session_cookie_D0F59F.txt
exists=true
size=9923
mtime=2026-08-22 14:53:06
refreshed=true

[UA]
task_id=D0F59F
source=extension
length=111

[REFERER]
task_id=D0F59F
source=extension
value=https://www.tiktok.com/search?q=Jack+Jerry+prediction+filter&t=1787376624627

[PROXY]
task_id=D0F59F
enabled=false
source=system
value=default

[JS RUNTIME]
task_id=D0F59F
attempt=4
enabled=true
runtime=node
path=C:\Program Files\nodejs\node.exe
js_runtime_args=--no-js-runtimes --js-runtimes node:C:\Program Files\nodejs\node.exe

[YTDLP]
task_id=D0F59F
attempt=4
stage=RESOLVE+DOWNLOAD
concurrency=8
retries=5
extractor_retries=3
fragment_retries=5

[COMMAND] task_id=D0F59F C:\Users\Administrator\Desktop\下载\bin\yt-dlp.exe --newline --no-warnings --no-playlist --no-check-certificates --no-mtime --encoding utf-8 --user-agent Mozilla/5.0 (Windows NT 10.0; Win64; x64) AppleWebKit/537.36 (KHTML, like Gecko) Chrome/151.0.0.0 Safari/537.36 --ffmpeg-location C:\Users\Administrator\Desktop\下载\ffmpeg\bin\ffmpeg.exe -f bv*+ba/b --merge-output-format mp4 --windows-filenames --socket-timeout 30 --retries 5 --fragment-retries 5 --extractor-retries 3 --file-access-retries 3 --retry-sleep exp=1:30 --buffer-size 16M --trim-filenames 200 --skip-unavailable-fragments -o C:\Users\Administrator\Desktop\下载\_download_temp\job_3_1787381618\source.%(ext)s --no-js-runtimes --js-runtimes node:C:\Program Files\nodejs\node.exe --cookies REDACTED --referer https://www.tiktok.com/search?q=Jack%20Jerry%20prediction%20filter&t=1787376624627 --add-header Referer: https://www.tiktok.com/search?q=Jack%20Jerry%20prediction%20filter&t=1787376624627 --http-chunk-size 10M --add-header Accept: text/html,application/xhtml+xml,application/xml;q=0.9,image/avif,image/webp,image/apng,*/*;q=0.8 --add-header Accept-Language: en-US,en;q=0.9,zh-CN;q=0.8,zh;q=0.7 --add-header Accept-Encoding: gzip, deflate, br --add-header Connection: keep-alive --add-header Upgrade-Insecure-Requests: 1 --add-header Sec-Fetch-Dest: document --add-header Sec-Fetch-Mode: navigate --add-header Sec-Fetch-Site: none --add-header Sec-Fetch-User: ?1 -N 8 https://www.tiktok.com/@mark.ohh7/video/7580527621587406135
[RESOLVE] task_id=D0F59F attempt=4 status=START
[CHALLENGE] task_id=D0F59F attempt=4 challenge_solver=native_python
[RESOLVE] task_id=D0F59F attempt=4 status=FAILED
[YTDLP RESULT] task_id=D0F59F attempt=4 resolve=FAILED download=NA error_class=TIKTOK_RESOLVE reason=UNIVERSAL_DATA
[ERROR]
task_id=D0F59F
attempt=4
class=EXTRACTOR
category=TIKTOK_RESOLVE
stage=RESOLVE
reason=UNIVERSAL_DATA
message=ERROR: [TikTok] 7580527621587406135: Unable to extract universal data for rehydration; please report this issue on  https://github.com/yt-dlp/yt-dlp/issues?q= , filling out the appropriate issue template. Confirm you are on the latest version using  yt-dlp -U
action=REFRESH_BROWSER_STATE
challenge_solver=native_python

[YTDLP STDERR]
[TikTok] Extracting URL: https://www.tiktok.com/@mark.ohh7/video/7580527621587406135
[TikTok] 7580527621587406135: Downloading webpage
[TikTok] Solving JS challenge using native Python implementation
[TikTok] 7580527621587406135: Downloading webpage with challenge cookie
ERROR: [TikTok] 7580527621587406135: Unable to extract universal data for rehydration; please report this issue on  https://github.com/yt-dlp/yt-dlp/issues?q= , filling out the appropriate issue template. Confirm you are on the latest version using  yt-dlp -U

============================================================
[TIKTOK TASK END]
task_id=D0F59F
result=FAILED
attempts=4
elapsed=75.4s
initial_error_class=TIKTOK_RESOLVE
initial_error=UNIVERSAL_DATA
initial_message=ERROR: [TikTok] 7580527621587406135: Unable to extract universal data for rehydration; please report this issue on  https://github.com/yt-dlp/yt-dlp/issues?q= , filling out the appropriate issue template. Confirm you are on the latest version using  yt-dlp -U
final_error_class=TIKTOK_RESOLVE
final_error=UNIVERSAL_DATA
final_failed_stage=RESOLVE
============================================================

============================================================
[TASK END]
task_id=D0F59F
result=FAILED
attempts=4
elapsed=75.4s
initial_error_class=TIKTOK_RESOLVE
initial_error=UNIVERSAL_DATA
final_error_class=TIKTOK_RESOLVE
final_error=UNIVERSAL_DATA
============================================================

============================================================
[TEST #1]
url=https://www.tiktok.com/@tiktok/video/7486922641006202154
time=2026-08-22 14:59:41
============================================================

============================================================
[TEST #1]
url=https://www.tiktok.com/@tiktok/video/7486922641006202154
time=2026-08-22 15:00:18
============================================================

[TEST #1] FAILED elapsed=2.3s error=__UNIVERSAL_DATA_FOR_REHYDRATION__ not found
============================================================
[TEST #2]
url=https://www.tiktok.com/@tiktok/video/7555663509661469969
time=2026-08-22 15:00:20
============================================================

[TEST #2] FAILED elapsed=2.4s error=__UNIVERSAL_DATA_FOR_REHYDRATION__ not found
============================================================
[TEST #3]
url=https://www.tiktok.com/@tiktok/video/7600887507210849566
time=2026-08-22 15:00:23
============================================================

[TEST #3] FAILED elapsed=3.5s error=__UNIVERSAL_DATA_FOR_REHYDRATION__ not found
============================================================
[TEST SUMMARY]
total=3
success=0
failed=3
avg_elapsed=2.7s
============================================================

============================================================
[TEST #1]
url=https://www.tiktok.com/@i/video/7486922641006202154
time=2026-08-22 15:07:29
============================================================

============================================================
[TEST #1]
url=https://www.tiktok.com/@i/video/7486922641006202154
time=2026-08-22 15:08:39
============================================================

============================================================
[TEST #1]
url=https://www.tiktok.com/@i/video/7486922641006202154
time=2026-08-22 15:09:34
============================================================

============================================================
[TEST #1]
url=https://www.tiktok.com/@i/video/7486922641006202154
time=2026-08-22 15:10:08
============================================================

[TEST #1] DOWNLOAD FAILED in 2.2s
============================================================
[TEST #2]
url=https://www.tiktok.com/@i/video/7555663509661469969
time=2026-08-22 15:10:13
============================================================

[TEST #2] DOWNLOAD FAILED in 1.7s
============================================================
[TEST #3]
url=https://www.tiktok.com/@i/video/7600887507210849566
time=2026-08-22 15:10:19
============================================================

[TEST #3] DOWNLOAD FAILED in 1.7s
============================================================
[TEST SUMMARY]
total=3
success=0
failed=3
avg_elapsed=5.2s
============================================================

============================================================
[TEST #1]
url=https://www.tiktok.com/@i/video/7486922641006202154
============================================================

[TEST #1] OK 10.9s author=filterdudemain size=9.4MB
============================================================
[TEST #2]
url=https://www.tiktok.com/@i/video/7555663509661469969
============================================================

[TEST #2] OK 9.0s author=gerrylynch79 size=3.7MB
============================================================
[TEST #3]
url=https://www.tiktok.com/@i/video/7600887507210849566
============================================================

[TEST #3] OK 14.6s author=jackjerry size=8.9MB
============================================================
[TEST SUMMARY]
total=3
success=3
failed=0
avg_elapsed=11.5s
============================================================

[YT-DLP]
path=C:\Users\Administrator\Desktop\下载\bin\yt-dlp.exe
version=2026.08.19
source=local

[ENVIRONMENT CHECK]
Python=OK (3.9.0)
FFmpeg=OK
NVENC=OK
Node.js=OK
yt-dlp=OK
yt-dlp版本=2026.08.19
Cookie=OK
Extension=OK
Proxy=SYSTEM
Chrome CDP=DISABLED

[yt-dlp] version=2026.08.19 source=local update_check=skipped(1h ago)
============================================================
[TASK START]
task_id=7A33E7
platform=tiktok
url=https://www.tiktok.com/@jackjerry/video/7500265346356563231
start_time=2026-08-22 15:18:40
============================================================

[ENVIRONMENT]
python_version=3.9.0
os=Windows
yt_dlp_path=C:\Users\Administrator\Desktop\下载\bin\yt-dlp.exe
yt_dlp_version=2026.08.19
node_path=C:\Program Files\nodejs\node.EXE
ffmpeg_path=C:\Users\Administrator\Desktop\下载\ffmpeg\bin\ffmpeg.exe

============================================================
[TIKTOK TASK START]
task_id=7A33E7
url=https://www.tiktok.com/@jackjerry/video/7500265346356563231
time=2026-08-22 15:18:44
============================================================

[NATIVE] task_id=7A33E7 attempting native extract
[NATIVE] fetch_url=https://www.tiktok.com/@i/video/7500265346356563231 post_id=7500265346356563231
[NATIVE] curl_cffi not installed, native extract unavailable
[NATIVE] task_id=7A33E7 native extract FAILED, falling back to yt-dlp
[REQUEST]
task_id=7A33E7
cookie=true
ua=true
referer=true
concurrency=8
action=INITIAL_READ
js_runtime_args=--no-js-runtimes --js-runtimes node:C:\Program Files\nodejs\node.exe
cookie_exists=true
cookie_count=45
cookie_size=9923
cookie_mtime=2026-08-22 15:18:44
cookie_header=REDACTED
sessionid=absent
msToken=present
sid_tt=absent
ttwid=absent
tt_chain_token=absent
passport_csrf_token=absent

============================================================
[ATTEMPT]
task_id=7A33E7
attempt=1
concurrency=8
============================================================

[COOKIE]
task_id=7A33E7
source=extension
file=_all_cookies.txt
session_copy=_session_cookie_7A33E7.txt
exists=true
size=9923
mtime=2026-08-22 15:18:37
refreshed=true

[UA]
task_id=7A33E7
source=extension
length=111

[REFERER]
task_id=7A33E7
source=extension
value=https://www.tiktok.com/search?q=Jack+Jerry+prediction+filter&t=1787376624627

[PROXY]
task_id=7A33E7
enabled=false
source=system
value=default

[JS RUNTIME]
task_id=7A33E7
attempt=1
enabled=true
runtime=node
path=C:\Program Files\nodejs\node.exe
js_runtime_args=--no-js-runtimes --js-runtimes node:C:\Program Files\nodejs\node.exe

[YTDLP]
task_id=7A33E7
attempt=1
stage=RESOLVE+DOWNLOAD
concurrency=8
retries=5
extractor_retries=3
fragment_retries=5

[COMMAND] task_id=7A33E7 C:\Users\Administrator\Desktop\下载\bin\yt-dlp.exe --newline --no-warnings --no-playlist --no-check-certificates --no-mtime --encoding utf-8 --user-agent Mozilla/5.0 (Windows NT 10.0; Win64; x64) AppleWebKit/537.36 (KHTML, like Gecko) Chrome/151.0.0.0 Safari/537.36 --ffmpeg-location C:\Users\Administrator\Desktop\下载\ffmpeg\bin\ffmpeg.exe -f bv*+ba/b --merge-output-format mp4 --windows-filenames --socket-timeout 30 --retries 5 --fragment-retries 5 --extractor-retries 3 --file-access-retries 3 --retry-sleep exp=1:30 --buffer-size 16M --trim-filenames 200 --skip-unavailable-fragments -o C:\Users\Administrator\Desktop\下载\_download_temp\job_1_1787383120\source.%(ext)s --no-js-runtimes --js-runtimes node:C:\Program Files\nodejs\node.exe --cookies REDACTED --referer https://www.tiktok.com/search?q=Jack%20Jerry%20prediction%20filter&t=1787376624627 --add-header Referer: https://www.tiktok.com/search?q=Jack%20Jerry%20prediction%20filter&t=1787376624627 --http-chunk-size 10M --add-header Accept: text/html,application/xhtml+xml,application/xml;q=0.9,image/avif,image/webp,image/apng,*/*;q=0.8 --add-header Accept-Language: en-US,en;q=0.9,zh-CN;q=0.8,zh;q=0.7 --add-header Accept-Encoding: gzip, deflate, br --add-header Connection: keep-alive --add-header Upgrade-Insecure-Requests: 1 --add-header Sec-Fetch-Dest: document --add-header Sec-Fetch-Mode: navigate --add-header Sec-Fetch-Site: none --add-header Sec-Fetch-User: ?1 -N 8 https://www.tiktok.com/@jackjerry/video/7500265346356563231
[RESOLVE] task_id=7A33E7 attempt=1 status=START
[CHALLENGE] task_id=7A33E7 attempt=1 challenge_solver=native_python
[RESOLVE] task_id=7A33E7 attempt=1 status=FAILED
[YTDLP RESULT] task_id=7A33E7 attempt=1 resolve=FAILED download=NA error_class=TIKTOK_RESOLVE reason=UNIVERSAL_DATA
[ERROR]
task_id=7A33E7
attempt=1
class=EXTRACTOR
category=TIKTOK_RESOLVE
stage=RESOLVE
reason=UNIVERSAL_DATA
message=ERROR: [TikTok] 7500265346356563231: Unable to extract universal data for rehydration; please report this issue on  https://github.com/yt-dlp/yt-dlp/issues?q= , filling out the appropriate issue template. Confirm you are on the latest version using  yt-dlp -U
action=INITIAL_READ
challenge_solver=native_python

[YTDLP STDERR]
[TikTok] Extracting URL: https://www.tiktok.com/@jackjerry/video/7500265346356563231
[TikTok] 7500265346356563231: Downloading webpage
[TikTok] Solving JS challenge using native Python implementation
[TikTok] 7500265346356563231: Downloading webpage with challenge cookie
ERROR: [TikTok] 7500265346356563231: Unable to extract universal data for rehydration; please report this issue on  https://github.com/yt-dlp/yt-dlp/issues?q= , filling out the appropriate issue template. Confirm you are on the latest version using  yt-dlp -U

[TIKTOK RECOVERY]
task_id=7A33E7
stage=RESOLVE
attempt=2
reason=UNIVERSAL_DATA
action=REFRESH_COOKIE
action=REFRESH_UA
action=REFRESH_REFERER
action=REBUILD_YTDLP_ARGS
concurrency=8
wait=2s

[REQUEST]
task_id=7A33E7
cookie=true
ua=true
referer=true
concurrency=8
action=REFRESH_BROWSER_STATE
js_runtime_args=--no-js-runtimes --js-runtimes node:C:\Program Files\nodejs\node.exe
cookie_exists=true
cookie_count=45
cookie_size=9923
cookie_mtime=2026-08-22 15:18:57
cookie_header=REDACTED
retry_reason=ERROR: [TikTok] 7500265346356563231: Unable to extract universal data for rehydration; please report this issue on  https://github.com/yt-dlp/yt-dlp/issues?q= , filling out the appropriate issue template. Confirm you are on the latest version using  yt-dlp -U
sessionid=absent
msToken=present
sid_tt=absent
ttwid=absent
tt_chain_token=absent
passport_csrf_token=absent

============================================================
[ATTEMPT]
task_id=7A33E7
attempt=2
concurrency=8
============================================================

[COOKIE]
task_id=7A33E7
source=extension
file=_all_cookies.txt
session_copy=_session_cookie_7A33E7.txt
exists=true
size=9923
mtime=2026-08-22 15:18:37
refreshed=true

[UA]
task_id=7A33E7
source=extension
length=111

[REFERER]
task_id=7A33E7
source=extension
value=https://www.tiktok.com/search?q=Jack+Jerry+prediction+filter&t=1787376624627

[PROXY]
task_id=7A33E7
enabled=false
source=system
value=default

[JS RUNTIME]
task_id=7A33E7
attempt=2
enabled=true
runtime=node
path=C:\Program Files\nodejs\node.exe
js_runtime_args=--no-js-runtimes --js-runtimes node:C:\Program Files\nodejs\node.exe

[YTDLP]
task_id=7A33E7
attempt=2
stage=RESOLVE+DOWNLOAD
concurrency=8
retries=5
extractor_retries=3
fragment_retries=5

[COMMAND] task_id=7A33E7 C:\Users\Administrator\Desktop\下载\bin\yt-dlp.exe --newline --no-warnings --no-playlist --no-check-certificates --no-mtime --encoding utf-8 --user-agent Mozilla/5.0 (Windows NT 10.0; Win64; x64) AppleWebKit/537.36 (KHTML, like Gecko) Chrome/151.0.0.0 Safari/537.36 --ffmpeg-location C:\Users\Administrator\Desktop\下载\ffmpeg\bin\ffmpeg.exe -f bv*+ba/b --merge-output-format mp4 --windows-filenames --socket-timeout 30 --retries 5 --fragment-retries 5 --extractor-retries 3 --file-access-retries 3 --retry-sleep exp=1:30 --buffer-size 16M --trim-filenames 200 --skip-unavailable-fragments -o C:\Users\Administrator\Desktop\下载\_download_temp\job_1_1787383120\source.%(ext)s --no-js-runtimes --js-runtimes node:C:\Program Files\nodejs\node.exe --cookies REDACTED --referer https://www.tiktok.com/search?q=Jack%20Jerry%20prediction%20filter&t=1787376624627 --add-header Referer: https://www.tiktok.com/search?q=Jack%20Jerry%20prediction%20filter&t=1787376624627 --http-chunk-size 10M --add-header Accept: text/html,application/xhtml+xml,application/xml;q=0.9,image/avif,image/webp,image/apng,*/*;q=0.8 --add-header Accept-Language: en-US,en;q=0.9,zh-CN;q=0.8,zh;q=0.7 --add-header Accept-Encoding: gzip, deflate, br --add-header Connection: keep-alive --add-header Upgrade-Insecure-Requests: 1 --add-header Sec-Fetch-Dest: document --add-header Sec-Fetch-Mode: navigate --add-header Sec-Fetch-Site: none --add-header Sec-Fetch-User: ?1 -N 8 https://www.tiktok.com/@jackjerry/video/7500265346356563231
[RESOLVE] task_id=7A33E7 attempt=2 status=START
[CHALLENGE] task_id=7A33E7 attempt=2 challenge_solver=native_python
[RESOLVE] task_id=7A33E7 attempt=2 status=SUCCESS
[DOWNLOAD] task_id=7A33E7 attempt=2 status=SUCCESS
[YTDLP RESULT] task_id=7A33E7 attempt=2 resolve=SUCCESS download=SUCCESS error_class=NA
============================================================
[TIKTOK TASK END]
task_id=7A33E7
result=SUCCESS
attempts=2
elapsed=33.1s
initial_error_class=TIKTOK_RESOLVE
initial_error=UNIVERSAL_DATA
initial_message=NONE
final_error_class=NONE
final_error=NONE
final_failed_stage=NA
============================================================

============================================================
[TASK END]
task_id=7A33E7
result=SUCCESS
attempts=2
elapsed=33.2s
initial_error_class=TIKTOK_RESOLVE
initial_error=UNIVERSAL_DATA
final_error_class=NONE
final_error=NONE
============================================================

============================================================
[TASK START]
task_id=E90A1E
platform=tiktok
url=https://www.tiktok.com/@jackjerry/video/7524072117596327198
start_time=2026-08-22 15:19:30
============================================================

[ENVIRONMENT]
python_version=3.9.0
os=Windows
yt_dlp_path=C:\Users\Administrator\Desktop\下载\bin\yt-dlp.exe
yt_dlp_version=2026.08.19
node_path=C:\Program Files\nodejs\node.EXE
ffmpeg_path=C:\Users\Administrator\Desktop\下载\ffmpeg\bin\ffmpeg.exe

============================================================
[TIKTOK TASK START]
task_id=E90A1E
url=https://www.tiktok.com/@jackjerry/video/7524072117596327198
time=2026-08-22 15:19:34
============================================================

[NATIVE] task_id=E90A1E attempting native extract
[NATIVE] fetch_url=https://www.tiktok.com/@i/video/7524072117596327198 post_id=7524072117596327198
[NATIVE] curl_cffi not installed, native extract unavailable
[NATIVE] task_id=E90A1E native extract FAILED, falling back to yt-dlp
[REQUEST]
task_id=E90A1E
cookie=true
ua=true
referer=true
concurrency=8
action=INITIAL_READ
js_runtime_args=--no-js-runtimes --js-runtimes node:C:\Program Files\nodejs\node.exe
cookie_exists=true
cookie_count=45
cookie_size=9923
cookie_mtime=2026-08-22 15:19:34
cookie_header=REDACTED
sessionid=absent
msToken=present
sid_tt=absent
ttwid=absent
tt_chain_token=absent
passport_csrf_token=absent

============================================================
[ATTEMPT]
task_id=E90A1E
attempt=1
concurrency=8
============================================================

[COOKIE]
task_id=E90A1E
source=extension
file=_all_cookies.txt
session_copy=_session_cookie_E90A1E.txt
exists=true
size=9923
mtime=2026-08-22 15:19:06
refreshed=true

[UA]
task_id=E90A1E
source=extension
length=111

[REFERER]
task_id=E90A1E
source=extension
value=https://www.tiktok.com/search?q=Jack+Jerry+prediction+filter&t=1787376624627

[PROXY]
task_id=E90A1E
enabled=false
source=system
value=default

[JS RUNTIME]
task_id=E90A1E
attempt=1
enabled=true
runtime=node
path=C:\Program Files\nodejs\node.exe
js_runtime_args=--no-js-runtimes --js-runtimes node:C:\Program Files\nodejs\node.exe

[YTDLP]
task_id=E90A1E
attempt=1
stage=RESOLVE+DOWNLOAD
concurrency=8
retries=5
extractor_retries=3
fragment_retries=5

[COMMAND] task_id=E90A1E C:\Users\Administrator\Desktop\下载\bin\yt-dlp.exe --newline --no-warnings --no-playlist --no-check-certificates --no-mtime --encoding utf-8 --user-agent Mozilla/5.0 (Windows NT 10.0; Win64; x64) AppleWebKit/537.36 (KHTML, like Gecko) Chrome/151.0.0.0 Safari/537.36 --ffmpeg-location C:\Users\Administrator\Desktop\下载\ffmpeg\bin\ffmpeg.exe -f bv*+ba/b --merge-output-format mp4 --windows-filenames --socket-timeout 30 --retries 5 --fragment-retries 5 --extractor-retries 3 --file-access-retries 3 --retry-sleep exp=1:30 --buffer-size 16M --trim-filenames 200 --skip-unavailable-fragments -o C:\Users\Administrator\Desktop\下载\_download_temp\job_2_1787383170\source.%(ext)s --no-js-runtimes --js-runtimes node:C:\Program Files\nodejs\node.exe --cookies REDACTED --referer https://www.tiktok.com/search?q=Jack%20Jerry%20prediction%20filter&t=1787376624627 --add-header Referer: https://www.tiktok.com/search?q=Jack%20Jerry%20prediction%20filter&t=1787376624627 --http-chunk-size 10M --add-header Accept: text/html,application/xhtml+xml,application/xml;q=0.9,image/avif,image/webp,image/apng,*/*;q=0.8 --add-header Accept-Language: en-US,en;q=0.9,zh-CN;q=0.8,zh;q=0.7 --add-header Accept-Encoding: gzip, deflate, br --add-header Connection: keep-alive --add-header Upgrade-Insecure-Requests: 1 --add-header Sec-Fetch-Dest: document --add-header Sec-Fetch-Mode: navigate --add-header Sec-Fetch-Site: none --add-header Sec-Fetch-User: ?1 -N 8 https://www.tiktok.com/@jackjerry/video/7524072117596327198
[RESOLVE] task_id=E90A1E attempt=1 status=START
[CHALLENGE] task_id=E90A1E attempt=1 challenge_solver=native_python
[RESOLVE] task_id=E90A1E attempt=1 status=SUCCESS
[DOWNLOAD] task_id=E90A1E attempt=1 status=SUCCESS
[YTDLP RESULT] task_id=E90A1E attempt=1 resolve=SUCCESS download=SUCCESS error_class=NA
============================================================
[TIKTOK TASK END]
task_id=E90A1E
result=SUCCESS
attempts=1
elapsed=27.6s
initial_error_class=NONE
initial_error=NONE
initial_message=NONE
final_error_class=NONE
final_error=NONE
final_failed_stage=NA
============================================================

============================================================
[TASK END]
task_id=E90A1E
result=SUCCESS
attempts=1
elapsed=27.7s
initial_error_class=NONE
initial_error=NONE
final_error_class=NONE
final_error=NONE
============================================================

============================================================
[TASK START]
task_id=F5F4B5
platform=tiktok
url=https://www.tiktok.com/@jackjerry/video/7497344948853869855
start_time=2026-08-22 15:20:16
============================================================

[ENVIRONMENT]
python_version=3.9.0
os=Windows
yt_dlp_path=C:\Users\Administrator\Desktop\下载\bin\yt-dlp.exe
yt_dlp_version=2026.08.19
node_path=C:\Program Files\nodejs\node.EXE
ffmpeg_path=C:\Users\Administrator\Desktop\下载\ffmpeg\bin\ffmpeg.exe

============================================================
[TIKTOK TASK START]
task_id=F5F4B5
url=https://www.tiktok.com/@jackjerry/video/7497344948853869855
time=2026-08-22 15:20:19
============================================================

[NATIVE] task_id=F5F4B5 attempting native extract
[NATIVE] fetch_url=https://www.tiktok.com/@i/video/7497344948853869855 post_id=7497344948853869855
[NATIVE] curl_cffi not installed, native extract unavailable
[NATIVE] task_id=F5F4B5 native extract FAILED, falling back to yt-dlp
[REQUEST]
task_id=F5F4B5
cookie=true
ua=true
referer=true
concurrency=8
action=INITIAL_READ
js_runtime_args=--no-js-runtimes --js-runtimes node:C:\Program Files\nodejs\node.exe
cookie_exists=true
cookie_count=45
cookie_size=9923
cookie_mtime=2026-08-22 15:20:19
cookie_header=REDACTED
sessionid=absent
msToken=present
sid_tt=absent
ttwid=absent
tt_chain_token=absent
passport_csrf_token=absent

============================================================
[ATTEMPT]
task_id=F5F4B5
attempt=1
concurrency=8
============================================================

[COOKIE]
task_id=F5F4B5
source=extension
file=_all_cookies.txt
session_copy=_session_cookie_F5F4B5.txt
exists=true
size=9923
mtime=2026-08-22 15:20:15
refreshed=true

[UA]
task_id=F5F4B5
source=extension
length=111

[REFERER]
task_id=F5F4B5
source=extension
value=https://www.tiktok.com/search?q=Jack+Jerry+prediction+filter&t=1787376624627

[PROXY]
task_id=F5F4B5
enabled=false
source=system
value=default

[JS RUNTIME]
task_id=F5F4B5
attempt=1
enabled=true
runtime=node
path=C:\Program Files\nodejs\node.exe
js_runtime_args=--no-js-runtimes --js-runtimes node:C:\Program Files\nodejs\node.exe

[YTDLP]
task_id=F5F4B5
attempt=1
stage=RESOLVE+DOWNLOAD
concurrency=8
retries=5
extractor_retries=3
fragment_retries=5

[COMMAND] task_id=F5F4B5 C:\Users\Administrator\Desktop\下载\bin\yt-dlp.exe --newline --no-warnings --no-playlist --no-check-certificates --no-mtime --encoding utf-8 --user-agent Mozilla/5.0 (Windows NT 10.0; Win64; x64) AppleWebKit/537.36 (KHTML, like Gecko) Chrome/151.0.0.0 Safari/537.36 --ffmpeg-location C:\Users\Administrator\Desktop\下载\ffmpeg\bin\ffmpeg.exe -f bv*+ba/b --merge-output-format mp4 --windows-filenames --socket-timeout 30 --retries 5 --fragment-retries 5 --extractor-retries 3 --file-access-retries 3 --retry-sleep exp=1:30 --buffer-size 16M --trim-filenames 200 --skip-unavailable-fragments -o C:\Users\Administrator\Desktop\下载\_download_temp\job_3_1787383216\source.%(ext)s --no-js-runtimes --js-runtimes node:C:\Program Files\nodejs\node.exe --cookies REDACTED --referer https://www.tiktok.com/search?q=Jack%20Jerry%20prediction%20filter&t=1787376624627 --add-header Referer: https://www.tiktok.com/search?q=Jack%20Jerry%20prediction%20filter&t=1787376624627 --http-chunk-size 10M --add-header Accept: text/html,application/xhtml+xml,application/xml;q=0.9,image/avif,image/webp,image/apng,*/*;q=0.8 --add-header Accept-Language: en-US,en;q=0.9,zh-CN;q=0.8,zh;q=0.7 --add-header Accept-Encoding: gzip, deflate, br --add-header Connection: keep-alive --add-header Upgrade-Insecure-Requests: 1 --add-header Sec-Fetch-Dest: document --add-header Sec-Fetch-Mode: navigate --add-header Sec-Fetch-Site: none --add-header Sec-Fetch-User: ?1 -N 8 https://www.tiktok.com/@jackjerry/video/7497344948853869855
[RESOLVE] task_id=F5F4B5 attempt=1 status=START
[CHALLENGE] task_id=F5F4B5 attempt=1 challenge_solver=native_python
[RESOLVE] task_id=F5F4B5 attempt=1 status=FAILED
[YTDLP RESULT] task_id=F5F4B5 attempt=1 resolve=FAILED download=NA error_class=TIKTOK_RESOLVE reason=UNIVERSAL_DATA
[ERROR]
task_id=F5F4B5
attempt=1
class=EXTRACTOR
category=TIKTOK_RESOLVE
stage=RESOLVE
reason=UNIVERSAL_DATA
message=ERROR: [TikTok] 7497344948853869855: Unable to extract universal data for rehydration; please report this issue on  https://github.com/yt-dlp/yt-dlp/issues?q= , filling out the appropriate issue template. Confirm you are on the latest version using  yt-dlp -U
action=INITIAL_READ
challenge_solver=native_python

[YTDLP STDERR]
[TikTok] Extracting URL: https://www.tiktok.com/@jackjerry/video/7497344948853869855
[TikTok] 7497344948853869855: Downloading webpage
[TikTok] Solving JS challenge using native Python implementation
[TikTok] 7497344948853869855: Downloading webpage with challenge cookie
ERROR: [TikTok] 7497344948853869855: Unable to extract universal data for rehydration; please report this issue on  https://github.com/yt-dlp/yt-dlp/issues?q= , filling out the appropriate issue template. Confirm you are on the latest version using  yt-dlp -U

[TIKTOK RECOVERY]
task_id=F5F4B5
stage=RESOLVE
attempt=2
reason=UNIVERSAL_DATA
action=REFRESH_COOKIE
action=REFRESH_UA
action=REFRESH_REFERER
action=REBUILD_YTDLP_ARGS
concurrency=8
wait=2s

[REQUEST]
task_id=F5F4B5
cookie=true
ua=true
referer=true
concurrency=8
action=REFRESH_BROWSER_STATE
js_runtime_args=--no-js-runtimes --js-runtimes node:C:\Program Files\nodejs\node.exe
cookie_exists=true
cookie_count=45
cookie_size=9923
cookie_mtime=2026-08-22 15:20:32
cookie_header=REDACTED
retry_reason=ERROR: [TikTok] 7497344948853869855: Unable to extract universal data for rehydration; please report this issue on  https://github.com/yt-dlp/yt-dlp/issues?q= , filling out the appropriate issue template. Confirm you are on the latest version using  yt-dlp -U
sessionid=absent
msToken=present
sid_tt=absent
ttwid=absent
tt_chain_token=absent
passport_csrf_token=absent

============================================================
[ATTEMPT]
task_id=F5F4B5
attempt=2
concurrency=8
============================================================

[COOKIE]
task_id=F5F4B5
source=extension
file=_all_cookies.txt
session_copy=_session_cookie_F5F4B5.txt
exists=true
size=9923
mtime=2026-08-22 15:20:15
refreshed=true

[UA]
task_id=F5F4B5
source=extension
length=111

[REFERER]
task_id=F5F4B5
source=extension
value=https://www.tiktok.com/search?q=Jack+Jerry+prediction+filter&t=1787376624627

[PROXY]
task_id=F5F4B5
enabled=false
source=system
value=default

[JS RUNTIME]
task_id=F5F4B5
attempt=2
enabled=true
runtime=node
path=C:\Program Files\nodejs\node.exe
js_runtime_args=--no-js-runtimes --js-runtimes node:C:\Program Files\nodejs\node.exe

[YTDLP]
task_id=F5F4B5
attempt=2
stage=RESOLVE+DOWNLOAD
concurrency=8
retries=5
extractor_retries=3
fragment_retries=5

[COMMAND] task_id=F5F4B5 C:\Users\Administrator\Desktop\下载\bin\yt-dlp.exe --newline --no-warnings --no-playlist --no-check-certificates --no-mtime --encoding utf-8 --user-agent Mozilla/5.0 (Windows NT 10.0; Win64; x64) AppleWebKit/537.36 (KHTML, like Gecko) Chrome/151.0.0.0 Safari/537.36 --ffmpeg-location C:\Users\Administrator\Desktop\下载\ffmpeg\bin\ffmpeg.exe -f bv*+ba/b --merge-output-format mp4 --windows-filenames --socket-timeout 30 --retries 5 --fragment-retries 5 --extractor-retries 3 --file-access-retries 3 --retry-sleep exp=1:30 --buffer-size 16M --trim-filenames 200 --skip-unavailable-fragments -o C:\Users\Administrator\Desktop\下载\_download_temp\job_3_1787383216\source.%(ext)s --no-js-runtimes --js-runtimes node:C:\Program Files\nodejs\node.exe --cookies REDACTED --referer https://www.tiktok.com/search?q=Jack%20Jerry%20prediction%20filter&t=1787376624627 --add-header Referer: https://www.tiktok.com/search?q=Jack%20Jerry%20prediction%20filter&t=1787376624627 --http-chunk-size 10M --add-header Accept: text/html,application/xhtml+xml,application/xml;q=0.9,image/avif,image/webp,image/apng,*/*;q=0.8 --add-header Accept-Language: en-US,en;q=0.9,zh-CN;q=0.8,zh;q=0.7 --add-header Accept-Encoding: gzip, deflate, br --add-header Connection: keep-alive --add-header Upgrade-Insecure-Requests: 1 --add-header Sec-Fetch-Dest: document --add-header Sec-Fetch-Mode: navigate --add-header Sec-Fetch-Site: none --add-header Sec-Fetch-User: ?1 -N 8 https://www.tiktok.com/@jackjerry/video/7497344948853869855
[RESOLVE] task_id=F5F4B5 attempt=2 status=START
[CHALLENGE] task_id=F5F4B5 attempt=2 challenge_solver=native_python
[RESOLVE] task_id=F5F4B5 attempt=2 status=FAILED
[YTDLP RESULT] task_id=F5F4B5 attempt=2 resolve=FAILED download=NA error_class=TIKTOK_RESOLVE reason=UNIVERSAL_DATA
[ERROR]
task_id=F5F4B5
attempt=2
class=EXTRACTOR
category=TIKTOK_RESOLVE
stage=RESOLVE
reason=UNIVERSAL_DATA
message=ERROR: [TikTok] 7497344948853869855: Unable to extract universal data for rehydration; please report this issue on  https://github.com/yt-dlp/yt-dlp/issues?q= , filling out the appropriate issue template. Confirm you are on the latest version using  yt-dlp -U
action=REFRESH_BROWSER_STATE
challenge_solver=native_python

[YTDLP STDERR]
[TikTok] Extracting URL: https://www.tiktok.com/@jackjerry/video/7497344948853869855
[TikTok] 7497344948853869855: Downloading webpage
[TikTok] Solving JS challenge using native Python implementation
[TikTok] 7497344948853869855: Downloading webpage with challenge cookie
ERROR: [TikTok] 7497344948853869855: Unable to extract universal data for rehydration; please report this issue on  https://github.com/yt-dlp/yt-dlp/issues?q= , filling out the appropriate issue template. Confirm you are on the latest version using  yt-dlp -U

[TIKTOK RECOVERY]
task_id=F5F4B5
stage=RESOLVE
attempt=3
reason=UNIVERSAL_DATA
action=REFRESH_COOKIE
action=REFRESH_UA
action=REFRESH_REFERER
action=REBUILD_YTDLP_ARGS
concurrency=8
wait=6s

[REQUEST]
task_id=F5F4B5
cookie=true
ua=true
referer=true
concurrency=8
action=REFRESH_BROWSER_STATE
js_runtime_args=--no-js-runtimes --js-runtimes node:C:\Program Files\nodejs\node.exe
cookie_exists=true
cookie_count=45
cookie_size=9923
cookie_mtime=2026-08-22 15:20:49
cookie_header=REDACTED
retry_reason=ERROR: [TikTok] 7497344948853869855: Unable to extract universal data for rehydration; please report this issue on  https://github.com/yt-dlp/yt-dlp/issues?q= , filling out the appropriate issue template. Confirm you are on the latest version using  yt-dlp -U
sessionid=absent
msToken=present
sid_tt=absent
ttwid=absent
tt_chain_token=absent
passport_csrf_token=absent

============================================================
[ATTEMPT]
task_id=F5F4B5
attempt=3
concurrency=8
============================================================

[COOKIE]
task_id=F5F4B5
source=extension
file=_all_cookies.txt
session_copy=_session_cookie_F5F4B5.txt
exists=true
size=9923
mtime=2026-08-22 15:20:15
refreshed=true

[UA]
task_id=F5F4B5
source=extension
length=111

[REFERER]
task_id=F5F4B5
source=extension
value=https://www.tiktok.com/search?q=Jack+Jerry+prediction+filter&t=1787376624627

[PROXY]
task_id=F5F4B5
enabled=false
source=system
value=default

[JS RUNTIME]
task_id=F5F4B5
attempt=3
enabled=true
runtime=node
path=C:\Program Files\nodejs\node.exe
js_runtime_args=--no-js-runtimes --js-runtimes node:C:\Program Files\nodejs\node.exe

[YTDLP]
task_id=F5F4B5
attempt=3
stage=RESOLVE+DOWNLOAD
concurrency=8
retries=5
extractor_retries=3
fragment_retries=5

[COMMAND] task_id=F5F4B5 C:\Users\Administrator\Desktop\下载\bin\yt-dlp.exe --newline --no-warnings --no-playlist --no-check-certificates --no-mtime --encoding utf-8 --user-agent Mozilla/5.0 (Windows NT 10.0; Win64; x64) AppleWebKit/537.36 (KHTML, like Gecko) Chrome/151.0.0.0 Safari/537.36 --ffmpeg-location C:\Users\Administrator\Desktop\下载\ffmpeg\bin\ffmpeg.exe -f bv*+ba/b --merge-output-format mp4 --windows-filenames --socket-timeout 30 --retries 5 --fragment-retries 5 --extractor-retries 3 --file-access-retries 3 --retry-sleep exp=1:30 --buffer-size 16M --trim-filenames 200 --skip-unavailable-fragments -o C:\Users\Administrator\Desktop\下载\_download_temp\job_3_1787383216\source.%(ext)s --no-js-runtimes --js-runtimes node:C:\Program Files\nodejs\node.exe --cookies REDACTED --referer https://www.tiktok.com/search?q=Jack%20Jerry%20prediction%20filter&t=1787376624627 --add-header Referer: https://www.tiktok.com/search?q=Jack%20Jerry%20prediction%20filter&t=1787376624627 --http-chunk-size 10M --add-header Accept: text/html,application/xhtml+xml,application/xml;q=0.9,image/avif,image/webp,image/apng,*/*;q=0.8 --add-header Accept-Language: en-US,en;q=0.9,zh-CN;q=0.8,zh;q=0.7 --add-header Accept-Encoding: gzip, deflate, br --add-header Connection: keep-alive --add-header Upgrade-Insecure-Requests: 1 --add-header Sec-Fetch-Dest: document --add-header Sec-Fetch-Mode: navigate --add-header Sec-Fetch-Site: none --add-header Sec-Fetch-User: ?1 -N 8 https://www.tiktok.com/@jackjerry/video/7497344948853869855
[RESOLVE] task_id=F5F4B5 attempt=3 status=START
[CHALLENGE] task_id=F5F4B5 attempt=3 challenge_solver=native_python
[RESOLVE] task_id=F5F4B5 attempt=3 status=FAILED
[YTDLP RESULT] task_id=F5F4B5 attempt=3 resolve=FAILED download=NA error_class=TIKTOK_RESOLVE reason=UNIVERSAL_DATA
[ERROR]
task_id=F5F4B5
attempt=3
class=EXTRACTOR
category=TIKTOK_RESOLVE
stage=RESOLVE
reason=UNIVERSAL_DATA
message=ERROR: [TikTok] 7497344948853869855: Unable to extract universal data for rehydration; please report this issue on  https://github.com/yt-dlp/yt-dlp/issues?q= , filling out the appropriate issue template. Confirm you are on the latest version using  yt-dlp -U
action=REFRESH_BROWSER_STATE
challenge_solver=native_python

[YTDLP STDERR]
[TikTok] Extracting URL: https://www.tiktok.com/@jackjerry/video/7497344948853869855
[TikTok] 7497344948853869855: Downloading webpage
[TikTok] Solving JS challenge using native Python implementation
[TikTok] 7497344948853869855: Downloading webpage with challenge cookie
ERROR: [TikTok] 7497344948853869855: Unable to extract universal data for rehydration; please report this issue on  https://github.com/yt-dlp/yt-dlp/issues?q= , filling out the appropriate issue template. Confirm you are on the latest version using  yt-dlp -U

[TIKTOK RECOVERY]
task_id=F5F4B5
stage=RESOLVE
attempt=4
reason=UNIVERSAL_DATA
action=REFRESH_COOKIE
action=REFRESH_UA
action=REFRESH_REFERER
action=REBUILD_YTDLP_ARGS
concurrency=8
wait=12s

[REQUEST]
task_id=F5F4B5
cookie=true
ua=true
referer=true
concurrency=8
action=REFRESH_BROWSER_STATE
js_runtime_args=--no-js-runtimes --js-runtimes node:C:\Program Files\nodejs\node.exe
cookie_exists=true
cookie_count=45
cookie_size=9923
cookie_mtime=2026-08-22 15:21:10
cookie_header=REDACTED
retry_reason=ERROR: [TikTok] 7497344948853869855: Unable to extract universal data for rehydration; please report this issue on  https://github.com/yt-dlp/yt-dlp/issues?q= , filling out the appropriate issue template. Confirm you are on the latest version using  yt-dlp -U
sessionid=absent
msToken=present
sid_tt=absent
ttwid=absent
tt_chain_token=absent
passport_csrf_token=absent

============================================================
[ATTEMPT]
task_id=F5F4B5
attempt=4
concurrency=8
============================================================

[COOKIE]
task_id=F5F4B5
source=extension
file=_all_cookies.txt
session_copy=_session_cookie_F5F4B5.txt
exists=true
size=9923
mtime=2026-08-22 15:21:05
refreshed=true

[UA]
task_id=F5F4B5
source=extension
length=111

[REFERER]
task_id=F5F4B5
source=extension
value=https://www.tiktok.com/search?q=Jack+Jerry+prediction+filter&t=1787376624627

[PROXY]
task_id=F5F4B5
enabled=false
source=system
value=default

[JS RUNTIME]
task_id=F5F4B5
attempt=4
enabled=true
runtime=node
path=C:\Program Files\nodejs\node.exe
js_runtime_args=--no-js-runtimes --js-runtimes node:C:\Program Files\nodejs\node.exe

[YTDLP]
task_id=F5F4B5
attempt=4
stage=RESOLVE+DOWNLOAD
concurrency=8
retries=5
extractor_retries=3
fragment_retries=5

[COMMAND] task_id=F5F4B5 C:\Users\Administrator\Desktop\下载\bin\yt-dlp.exe --newline --no-warnings --no-playlist --no-check-certificates --no-mtime --encoding utf-8 --user-agent Mozilla/5.0 (Windows NT 10.0; Win64; x64) AppleWebKit/537.36 (KHTML, like Gecko) Chrome/151.0.0.0 Safari/537.36 --ffmpeg-location C:\Users\Administrator\Desktop\下载\ffmpeg\bin\ffmpeg.exe -f bv*+ba/b --merge-output-format mp4 --windows-filenames --socket-timeout 30 --retries 5 --fragment-retries 5 --extractor-retries 3 --file-access-retries 3 --retry-sleep exp=1:30 --buffer-size 16M --trim-filenames 200 --skip-unavailable-fragments -o C:\Users\Administrator\Desktop\下载\_download_temp\job_3_1787383216\source.%(ext)s --no-js-runtimes --js-runtimes node:C:\Program Files\nodejs\node.exe --cookies REDACTED --referer https://www.tiktok.com/search?q=Jack%20Jerry%20prediction%20filter&t=1787376624627 --add-header Referer: https://www.tiktok.com/search?q=Jack%20Jerry%20prediction%20filter&t=1787376624627 --http-chunk-size 10M --add-header Accept: text/html,application/xhtml+xml,application/xml;q=0.9,image/avif,image/webp,image/apng,*/*;q=0.8 --add-header Accept-Language: en-US,en;q=0.9,zh-CN;q=0.8,zh;q=0.7 --add-header Accept-Encoding: gzip, deflate, br --add-header Connection: keep-alive --add-header Upgrade-Insecure-Requests: 1 --add-header Sec-Fetch-Dest: document --add-header Sec-Fetch-Mode: navigate --add-header Sec-Fetch-Site: none --add-header Sec-Fetch-User: ?1 -N 8 https://www.tiktok.com/@jackjerry/video/7497344948853869855
[RESOLVE] task_id=F5F4B5 attempt=4 status=START
[CHALLENGE] task_id=F5F4B5 attempt=4 challenge_solver=native_python
[RESOLVE] task_id=F5F4B5 attempt=4 status=FAILED
[YTDLP RESULT] task_id=F5F4B5 attempt=4 resolve=FAILED download=NA error_class=TIKTOK_RESOLVE reason=UNIVERSAL_DATA
[ERROR]
task_id=F5F4B5
attempt=4
class=EXTRACTOR
category=TIKTOK_RESOLVE
stage=RESOLVE
reason=UNIVERSAL_DATA
message=ERROR: [TikTok] 7497344948853869855: Unable to extract universal data for rehydration; please report this issue on  https://github.com/yt-dlp/yt-dlp/issues?q= , filling out the appropriate issue template. Confirm you are on the latest version using  yt-dlp -U
action=REFRESH_BROWSER_STATE
challenge_solver=native_python

[YTDLP STDERR]
[TikTok] Extracting URL: https://www.tiktok.com/@jackjerry/video/7497344948853869855
[TikTok] 7497344948853869855: Downloading webpage
[TikTok] Solving JS challenge using native Python implementation
[TikTok] 7497344948853869855: Downloading webpage with challenge cookie
ERROR: [TikTok] 7497344948853869855: Unable to extract universal data for rehydration; please report this issue on  https://github.com/yt-dlp/yt-dlp/issues?q= , filling out the appropriate issue template. Confirm you are on the latest version using  yt-dlp -U

============================================================
[TIKTOK TASK END]
task_id=F5F4B5
result=FAILED
attempts=4
elapsed=65.3s
initial_error_class=TIKTOK_RESOLVE
initial_error=UNIVERSAL_DATA
initial_message=ERROR: [TikTok] 7497344948853869855: Unable to extract universal data for rehydration; please report this issue on  https://github.com/yt-dlp/yt-dlp/issues?q= , filling out the appropriate issue template. Confirm you are on the latest version using  yt-dlp -U
final_error_class=TIKTOK_RESOLVE
final_error=UNIVERSAL_DATA
final_failed_stage=RESOLVE
============================================================

============================================================
[TASK END]
task_id=F5F4B5
result=FAILED
attempts=4
elapsed=65.4s
initial_error_class=TIKTOK_RESOLVE
initial_error=UNIVERSAL_DATA
final_error_class=TIKTOK_RESOLVE
final_error=UNIVERSAL_DATA
============================================================

============================================================
[TASK START]
task_id=4258F1
platform=tiktok
url=https://www.tiktok.com/@jackjerry/video/7495861420622351647
start_time=2026-08-22 15:21:21
============================================================

[ENVIRONMENT]
python_version=3.9.0
os=Windows
yt_dlp_path=C:\Users\Administrator\Desktop\下载\bin\yt-dlp.exe
yt_dlp_version=2026.08.19
node_path=C:\Program Files\nodejs\node.EXE
ffmpeg_path=C:\Users\Administrator\Desktop\下载\ffmpeg\bin\ffmpeg.exe

============================================================
[TIKTOK TASK START]
task_id=4258F1
url=https://www.tiktok.com/@jackjerry/video/7495861420622351647
time=2026-08-22 15:21:24
============================================================

[NATIVE] task_id=4258F1 attempting native extract
[NATIVE] fetch_url=https://www.tiktok.com/@i/video/7495861420622351647 post_id=7495861420622351647
[NATIVE] curl_cffi not installed, native extract unavailable
[NATIVE] task_id=4258F1 native extract FAILED, falling back to yt-dlp
[REQUEST]
task_id=4258F1
cookie=true
ua=true
referer=true
concurrency=8
action=INITIAL_READ
js_runtime_args=--no-js-runtimes --js-runtimes node:C:\Program Files\nodejs\node.exe
cookie_exists=true
cookie_count=45
cookie_size=9923
cookie_mtime=2026-08-22 15:21:25
cookie_header=REDACTED
sessionid=absent
msToken=present
sid_tt=absent
ttwid=absent
tt_chain_token=absent
passport_csrf_token=absent

============================================================
[ATTEMPT]
task_id=4258F1
attempt=1
concurrency=8
============================================================

[COOKIE]
task_id=4258F1
source=extension
file=_all_cookies.txt
session_copy=_session_cookie_4258F1.txt
exists=true
size=9923
mtime=2026-08-22 15:21:05
refreshed=true

[UA]
task_id=4258F1
source=extension
length=111

[REFERER]
task_id=4258F1
source=extension
value=https://www.tiktok.com/search?q=Jack+Jerry+prediction+filter&t=1787376624627

[PROXY]
task_id=4258F1
enabled=false
source=system
value=default

[JS RUNTIME]
task_id=4258F1
attempt=1
enabled=true
runtime=node
path=C:\Program Files\nodejs\node.exe
js_runtime_args=--no-js-runtimes --js-runtimes node:C:\Program Files\nodejs\node.exe

[YTDLP]
task_id=4258F1
attempt=1
stage=RESOLVE+DOWNLOAD
concurrency=8
retries=5
extractor_retries=3
fragment_retries=5

[COMMAND] task_id=4258F1 C:\Users\Administrator\Desktop\下载\bin\yt-dlp.exe --newline --no-warnings --no-playlist --no-check-certificates --no-mtime --encoding utf-8 --user-agent Mozilla/5.0 (Windows NT 10.0; Win64; x64) AppleWebKit/537.36 (KHTML, like Gecko) Chrome/151.0.0.0 Safari/537.36 --ffmpeg-location C:\Users\Administrator\Desktop\下载\ffmpeg\bin\ffmpeg.exe -f bv*+ba/b --merge-output-format mp4 --windows-filenames --socket-timeout 30 --retries 5 --fragment-retries 5 --extractor-retries 3 --file-access-retries 3 --retry-sleep exp=1:30 --buffer-size 16M --trim-filenames 200 --skip-unavailable-fragments -o C:\Users\Administrator\Desktop\下载\_download_temp\job_4_1787383281\source.%(ext)s --no-js-runtimes --js-runtimes node:C:\Program Files\nodejs\node.exe --cookies REDACTED --referer https://www.tiktok.com/search?q=Jack%20Jerry%20prediction%20filter&t=1787376624627 --add-header Referer: https://www.tiktok.com/search?q=Jack%20Jerry%20prediction%20filter&t=1787376624627 --http-chunk-size 10M --add-header Accept: text/html,application/xhtml+xml,application/xml;q=0.9,image/avif,image/webp,image/apng,*/*;q=0.8 --add-header Accept-Language: en-US,en;q=0.9,zh-CN;q=0.8,zh;q=0.7 --add-header Accept-Encoding: gzip, deflate, br --add-header Connection: keep-alive --add-header Upgrade-Insecure-Requests: 1 --add-header Sec-Fetch-Dest: document --add-header Sec-Fetch-Mode: navigate --add-header Sec-Fetch-Site: none --add-header Sec-Fetch-User: ?1 -N 8 https://www.tiktok.com/@jackjerry/video/7495861420622351647
[RESOLVE] task_id=4258F1 attempt=1 status=START
[CHALLENGE] task_id=4258F1 attempt=1 challenge_solver=native_python
[RESOLVE] task_id=4258F1 attempt=1 status=FAILED
[YTDLP RESULT] task_id=4258F1 attempt=1 resolve=FAILED download=NA error_class=TIKTOK_RESOLVE reason=UNIVERSAL_DATA
[ERROR]
task_id=4258F1
attempt=1
class=EXTRACTOR
category=TIKTOK_RESOLVE
stage=RESOLVE
reason=UNIVERSAL_DATA
message=ERROR: [TikTok] 7495861420622351647: Unable to extract universal data for rehydration; please report this issue on  https://github.com/yt-dlp/yt-dlp/issues?q= , filling out the appropriate issue template. Confirm you are on the latest version using  yt-dlp -U
action=INITIAL_READ
challenge_solver=native_python

[YTDLP STDERR]
[TikTok] Extracting URL: https://www.tiktok.com/@jackjerry/video/7495861420622351647
[TikTok] 7495861420622351647: Downloading webpage
[TikTok] Solving JS challenge using native Python implementation
[TikTok] 7495861420622351647: Downloading webpage with challenge cookie
ERROR: [TikTok] 7495861420622351647: Unable to extract universal data for rehydration; please report this issue on  https://github.com/yt-dlp/yt-dlp/issues?q= , filling out the appropriate issue template. Confirm you are on the latest version using  yt-dlp -U

[TIKTOK RECOVERY]
task_id=4258F1
stage=RESOLVE
attempt=2
reason=UNIVERSAL_DATA
action=REFRESH_COOKIE
action=REFRESH_UA
action=REFRESH_REFERER
action=REBUILD_YTDLP_ARGS
concurrency=8
wait=2s

[REQUEST]
task_id=4258F1
cookie=true
ua=true
referer=true
concurrency=8
action=REFRESH_BROWSER_STATE
js_runtime_args=--no-js-runtimes --js-runtimes node:C:\Program Files\nodejs\node.exe
cookie_exists=true
cookie_count=45
cookie_size=9923
cookie_mtime=2026-08-22 15:21:39
cookie_header=REDACTED
retry_reason=ERROR: [TikTok] 7495861420622351647: Unable to extract universal data for rehydration; please report this issue on  https://github.com/yt-dlp/yt-dlp/issues?q= , filling out the appropriate issue template. Confirm you are on the latest version using  yt-dlp -U
sessionid=absent
msToken=present
sid_tt=absent
ttwid=absent
tt_chain_token=absent
passport_csrf_token=absent

============================================================
[ATTEMPT]
task_id=4258F1
attempt=2
concurrency=8
============================================================

[COOKIE]
task_id=4258F1
source=extension
file=_all_cookies.txt
session_copy=_session_cookie_4258F1.txt
exists=true
size=9923
mtime=2026-08-22 15:21:05
refreshed=true

[UA]
task_id=4258F1
source=extension
length=111

[REFERER]
task_id=4258F1
source=extension
value=https://www.tiktok.com/search?q=Jack+Jerry+prediction+filter&t=1787376624627

[PROXY]
task_id=4258F1
enabled=false
source=system
value=default

[JS RUNTIME]
task_id=4258F1
attempt=2
enabled=true
runtime=node
path=C:\Program Files\nodejs\node.exe
js_runtime_args=--no-js-runtimes --js-runtimes node:C:\Program Files\nodejs\node.exe

[YTDLP]
task_id=4258F1
attempt=2
stage=RESOLVE+DOWNLOAD
concurrency=8
retries=5
extractor_retries=3
fragment_retries=5

[COMMAND] task_id=4258F1 C:\Users\Administrator\Desktop\下载\bin\yt-dlp.exe --newline --no-warnings --no-playlist --no-check-certificates --no-mtime --encoding utf-8 --user-agent Mozilla/5.0 (Windows NT 10.0; Win64; x64) AppleWebKit/537.36 (KHTML, like Gecko) Chrome/151.0.0.0 Safari/537.36 --ffmpeg-location C:\Users\Administrator\Desktop\下载\ffmpeg\bin\ffmpeg.exe -f bv*+ba/b --merge-output-format mp4 --windows-filenames --socket-timeout 30 --retries 5 --fragment-retries 5 --extractor-retries 3 --file-access-retries 3 --retry-sleep exp=1:30 --buffer-size 16M --trim-filenames 200 --skip-unavailable-fragments -o C:\Users\Administrator\Desktop\下载\_download_temp\job_4_1787383281\source.%(ext)s --no-js-runtimes --js-runtimes node:C:\Program Files\nodejs\node.exe --cookies REDACTED --referer https://www.tiktok.com/search?q=Jack%20Jerry%20prediction%20filter&t=1787376624627 --add-header Referer: https://www.tiktok.com/search?q=Jack%20Jerry%20prediction%20filter&t=1787376624627 --http-chunk-size 10M --add-header Accept: text/html,application/xhtml+xml,application/xml;q=0.9,image/avif,image/webp,image/apng,*/*;q=0.8 --add-header Accept-Language: en-US,en;q=0.9,zh-CN;q=0.8,zh;q=0.7 --add-header Accept-Encoding: gzip, deflate, br --add-header Connection: keep-alive --add-header Upgrade-Insecure-Requests: 1 --add-header Sec-Fetch-Dest: document --add-header Sec-Fetch-Mode: navigate --add-header Sec-Fetch-Site: none --add-header Sec-Fetch-User: ?1 -N 8 https://www.tiktok.com/@jackjerry/video/7495861420622351647
[RESOLVE] task_id=4258F1 attempt=2 status=START
[CHALLENGE] task_id=4258F1 attempt=2 challenge_solver=native_python
============================================================
[TIKTOK TASK END]
task_id=4258F1
result=ABORTED
attempts=2
elapsed=103.3s
initial_error_class=TIKTOK_RESOLVE
initial_error=UNIVERSAL_DATA
initial_message=ERROR: [TikTok] 7495861420622351647: Unable to extract universal data for rehydration; please report this issue on  https://github.com/yt-dlp/yt-dlp/issues?q= , filling out the appropriate issue template. Confirm you are on the latest version using  yt-dlp -U
final_error_class=TIKTOK_RESOLVE
final_error=UNIVERSAL_DATA
final_failed_stage=NA
============================================================

============================================================
[TASK END]
task_id=4258F1
result=ABORTED
attempts=2
elapsed=103.4s
initial_error_class=TIKTOK_RESOLVE
initial_error=UNIVERSAL_DATA
final_error_class=TIKTOK_RESOLVE
final_error=UNIVERSAL_DATA
============================================================

============================================================
[TASK START]
task_id=4F6D7A
platform=tiktok
url=https://www.tiktok.com/@dasha.eg0o/video/7511751966347775254
start_time=2026-08-22 15:23:05
============================================================

[ENVIRONMENT]
python_version=3.9.0
os=Windows
yt_dlp_path=C:\Users\Administrator\Desktop\下载\bin\yt-dlp.exe
yt_dlp_version=2026.08.19
node_path=C:\Program Files\nodejs\node.EXE
ffmpeg_path=C:\Users\Administrator\Desktop\下载\ffmpeg\bin\ffmpeg.exe

============================================================
[TIKTOK TASK START]
task_id=4F6D7A
url=https://www.tiktok.com/@dasha.eg0o/video/7511751966347775254
time=2026-08-22 15:23:09
============================================================

[NATIVE] task_id=4F6D7A attempting native extract
[NATIVE] fetch_url=https://www.tiktok.com/@i/video/7511751966347775254 post_id=7511751966347775254
[NATIVE] curl_cffi not installed, native extract unavailable
[NATIVE] task_id=4F6D7A native extract FAILED, falling back to yt-dlp
[REQUEST]
task_id=4F6D7A
cookie=true
ua=true
referer=true
concurrency=8
action=INITIAL_READ
js_runtime_args=--no-js-runtimes --js-runtimes node:C:\Program Files\nodejs\node.exe
cookie_exists=true
cookie_count=47
cookie_size=10071
cookie_mtime=2026-08-22 15:23:10
cookie_header=REDACTED
sessionid=absent
msToken=present
sid_tt=absent
ttwid=absent
tt_chain_token=absent
passport_csrf_token=absent

============================================================
[ATTEMPT]
task_id=4F6D7A
attempt=1
concurrency=8
============================================================

[COOKIE]
task_id=4F6D7A
source=extension
file=_all_cookies.txt
session_copy=_session_cookie_4F6D7A.txt
exists=true
size=10071
mtime=2026-08-22 15:23:05
refreshed=true

[UA]
task_id=4F6D7A
source=extension
length=111

[REFERER]
task_id=4F6D7A
source=extension
value=https://www.tiktok.com/

[PROXY]
task_id=4F6D7A
enabled=false
source=system
value=default

[JS RUNTIME]
task_id=4F6D7A
attempt=1
enabled=true
runtime=node
path=C:\Program Files\nodejs\node.exe
js_runtime_args=--no-js-runtimes --js-runtimes node:C:\Program Files\nodejs\node.exe

[YTDLP]
task_id=4F6D7A
attempt=1
stage=RESOLVE+DOWNLOAD
concurrency=8
retries=5
extractor_retries=3
fragment_retries=5

[COMMAND] task_id=4F6D7A C:\Users\Administrator\Desktop\下载\bin\yt-dlp.exe --newline --no-warnings --no-playlist --no-check-certificates --no-mtime --encoding utf-8 --user-agent Mozilla/5.0 (Windows NT 10.0; Win64; x64) AppleWebKit/537.36 (KHTML, like Gecko) Chrome/151.0.0.0 Safari/537.36 --ffmpeg-location C:\Users\Administrator\Desktop\下载\ffmpeg\bin\ffmpeg.exe -f bv*+ba/b --merge-output-format mp4 --windows-filenames --socket-timeout 30 --retries 5 --fragment-retries 5 --extractor-retries 3 --file-access-retries 3 --retry-sleep exp=1:30 --buffer-size 16M --trim-filenames 200 --skip-unavailable-fragments -o C:\Users\Administrator\Desktop\下载\_download_temp\job_1_1787383385\source.%(ext)s --no-js-runtimes --js-runtimes node:C:\Program Files\nodejs\node.exe --cookies REDACTED --referer https://www.tiktok.com/ --add-header Referer: https://www.tiktok.com/ --http-chunk-size 10M --add-header Accept: text/html,application/xhtml+xml,application/xml;q=0.9,image/avif,image/webp,image/apng,*/*;q=0.8 --add-header Accept-Language: en-US,en;q=0.9,zh-CN;q=0.8,zh;q=0.7 --add-header Accept-Encoding: gzip, deflate, br --add-header Connection: keep-alive --add-header Upgrade-Insecure-Requests: 1 --add-header Sec-Fetch-Dest: document --add-header Sec-Fetch-Mode: navigate --add-header Sec-Fetch-Site: none --add-header Sec-Fetch-User: ?1 -N 8 https://www.tiktok.com/@dasha.eg0o/video/7511751966347775254
[RESOLVE] task_id=4F6D7A attempt=1 status=START
[CHALLENGE] task_id=4F6D7A attempt=1 challenge_solver=native_python
[RESOLVE] task_id=4F6D7A attempt=1 status=SUCCESS
[DOWNLOAD] task_id=4F6D7A attempt=1 status=SUCCESS
[YTDLP RESULT] task_id=4F6D7A attempt=1 resolve=SUCCESS download=SUCCESS error_class=NA
============================================================
[TIKTOK TASK END]
task_id=4F6D7A
result=SUCCESS
attempts=1
elapsed=23.4s
initial_error_class=NONE
initial_error=NONE
initial_message=NONE
final_error_class=NONE
final_error=NONE
final_failed_stage=NA
============================================================

============================================================
[TASK END]
task_id=4F6D7A
result=SUCCESS
attempts=1
elapsed=23.5s
initial_error_class=NONE
initial_error=NONE
final_error_class=NONE
final_error=NONE
============================================================

============================================================
[TASK START]
task_id=434E62
platform=tiktok
url=https://www.tiktok.com/
start_time=2026-08-22 15:23:46
============================================================

[ENVIRONMENT]
python_version=3.9.0
os=Windows
yt_dlp_path=C:\Users\Administrator\Desktop\下载\bin\yt-dlp.exe
yt_dlp_version=2026.08.19
node_path=C:\Program Files\nodejs\node.EXE
ffmpeg_path=C:\Users\Administrator\Desktop\下载\ffmpeg\bin\ffmpeg.exe

============================================================
[TIKTOK TASK START]
task_id=434E62
url=https://www.tiktok.com/
time=2026-08-22 15:23:49
============================================================

[NATIVE] task_id=434E62 attempting native extract
[NATIVE] Cannot extract post_id from URL
[NATIVE] task_id=434E62 native extract FAILED, falling back to yt-dlp
[REQUEST]
task_id=434E62
cookie=true
ua=true
referer=true
concurrency=8
action=INITIAL_READ
js_runtime_args=--no-js-runtimes --js-runtimes node:C:\Program Files\nodejs\node.exe
cookie_exists=true
cookie_count=47
cookie_size=10071
cookie_mtime=2026-08-22 15:23:53
cookie_header=REDACTED
sessionid=absent
msToken=present
sid_tt=absent
ttwid=absent
tt_chain_token=absent
passport_csrf_token=absent

============================================================
[ATTEMPT]
task_id=434E62
attempt=1
concurrency=8
============================================================

[COOKIE]
task_id=434E62
source=extension
file=_all_cookies.txt
session_copy=_session_cookie_434E62.txt
exists=true
size=10071
mtime=2026-08-22 15:23:05
refreshed=true

[UA]
task_id=434E62
source=extension
length=111

[REFERER]
task_id=434E62
source=extension
value=https://www.tiktok.com/

[PROXY]
task_id=434E62
enabled=false
source=system
value=default

[JS RUNTIME]
task_id=434E62
attempt=1
enabled=true
runtime=node
path=C:\Program Files\nodejs\node.exe
js_runtime_args=--no-js-runtimes --js-runtimes node:C:\Program Files\nodejs\node.exe

[YTDLP]
task_id=434E62
attempt=1
stage=RESOLVE+DOWNLOAD
concurrency=8
retries=5
extractor_retries=3
fragment_retries=5

[COMMAND] task_id=434E62 C:\Users\Administrator\Desktop\下载\bin\yt-dlp.exe --newline --no-warnings --no-playlist --no-check-certificates --no-mtime --encoding utf-8 --user-agent Mozilla/5.0 (Windows NT 10.0; Win64; x64) AppleWebKit/537.36 (KHTML, like Gecko) Chrome/151.0.0.0 Safari/537.36 --ffmpeg-location C:\Users\Administrator\Desktop\下载\ffmpeg\bin\ffmpeg.exe -f bv*+ba/b --merge-output-format mp4 --windows-filenames --socket-timeout 30 --retries 5 --fragment-retries 5 --extractor-retries 3 --file-access-retries 3 --retry-sleep exp=1:30 --buffer-size 16M --trim-filenames 200 --skip-unavailable-fragments -o C:\Users\Administrator\Desktop\下载\_download_temp\job_2_1787383426\source.%(ext)s --no-js-runtimes --js-runtimes node:C:\Program Files\nodejs\node.exe --cookies REDACTED --referer https://www.tiktok.com/ --add-header Referer: https://www.tiktok.com/ --http-chunk-size 10M --add-header Accept: text/html,application/xhtml+xml,application/xml;q=0.9,image/avif,image/webp,image/apng,*/*;q=0.8 --add-header Accept-Language: en-US,en;q=0.9,zh-CN;q=0.8,zh;q=0.7 --add-header Accept-Encoding: gzip, deflate, br --add-header Connection: keep-alive --add-header Upgrade-Insecure-Requests: 1 --add-header Sec-Fetch-Dest: document --add-header Sec-Fetch-Mode: navigate --add-header Sec-Fetch-Site: none --add-header Sec-Fetch-User: ?1 -N 8 https://www.tiktok.com/
[RESOLVE] task_id=434E62 attempt=1 status=START
[CHALLENGE] task_id=434E62 attempt=1 challenge_solver=NA
[RESOLVE] task_id=434E62 attempt=1 status=FAILED
[YTDLP RESULT] task_id=434E62 attempt=1 resolve=FAILED download=NA error_class=TIKTOK_RESOLVE reason=EXTRACTOR
[ERROR]
task_id=434E62
attempt=1
class=EXTRACTOR
category=TIKTOK_RESOLVE
stage=RESOLVE
reason=EXTRACTOR
message=ERROR: Unsupported URL: https://www.tiktok.com/
action=INITIAL_READ
challenge_solver=NA

[YTDLP STDERR]
[generic] Extracting URL: https://www.tiktok.com/
[generic] www.tiktok: Downloading webpage
[generic] www.tiktok: Extracting information
ERROR: Unsupported URL: https://www.tiktok.com/

[TIKTOK RECOVERY]
task_id=434E62
stage=RESOLVE
attempt=2
reason=EXTRACTOR
action=REFRESH_COOKIE
action=REFRESH_UA
action=REFRESH_REFERER
action=REBUILD_YTDLP_ARGS
concurrency=8
wait=2s

[REQUEST]
task_id=434E62
cookie=true
ua=true
referer=true
concurrency=8
action=REFRESH_BROWSER_STATE
js_runtime_args=--no-js-runtimes --js-runtimes node:C:\Program Files\nodejs\node.exe
cookie_exists=true
cookie_count=47
cookie_size=10055
cookie_mtime=2026-08-22 15:24:03
cookie_header=REDACTED
retry_reason=ERROR: Unsupported URL: https://www.tiktok.com/
sessionid=absent
msToken=present
sid_tt=absent
ttwid=absent
tt_chain_token=absent
passport_csrf_token=absent

============================================================
[ATTEMPT]
task_id=434E62
attempt=2
concurrency=8
============================================================

[COOKIE]
task_id=434E62
source=extension
file=_all_cookies.txt
session_copy=_session_cookie_434E62.txt
exists=true
size=10055
mtime=2026-08-22 15:24:00
refreshed=true

[UA]
task_id=434E62
source=extension
length=111

[REFERER]
task_id=434E62
source=extension
value=https://www.tiktok.com/

[PROXY]
task_id=434E62
enabled=false
source=system
value=default

[JS RUNTIME]
task_id=434E62
attempt=2
enabled=true
runtime=node
path=C:\Program Files\nodejs\node.exe
js_runtime_args=--no-js-runtimes --js-runtimes node:C:\Program Files\nodejs\node.exe

[YTDLP]
task_id=434E62
attempt=2
stage=RESOLVE+DOWNLOAD
concurrency=8
retries=5
extractor_retries=3
fragment_retries=5

[COMMAND] task_id=434E62 C:\Users\Administrator\Desktop\下载\bin\yt-dlp.exe --newline --no-warnings --no-playlist --no-check-certificates --no-mtime --encoding utf-8 --user-agent Mozilla/5.0 (Windows NT 10.0; Win64; x64) AppleWebKit/537.36 (KHTML, like Gecko) Chrome/151.0.0.0 Safari/537.36 --ffmpeg-location C:\Users\Administrator\Desktop\下载\ffmpeg\bin\ffmpeg.exe -f bv*+ba/b --merge-output-format mp4 --windows-filenames --socket-timeout 30 --retries 5 --fragment-retries 5 --extractor-retries 3 --file-access-retries 3 --retry-sleep exp=1:30 --buffer-size 16M --trim-filenames 200 --skip-unavailable-fragments -o C:\Users\Administrator\Desktop\下载\_download_temp\job_2_1787383426\source.%(ext)s --no-js-runtimes --js-runtimes node:C:\Program Files\nodejs\node.exe --cookies REDACTED --referer https://www.tiktok.com/ --add-header Referer: https://www.tiktok.com/ --http-chunk-size 10M --add-header Accept: text/html,application/xhtml+xml,application/xml;q=0.9,image/avif,image/webp,image/apng,*/*;q=0.8 --add-header Accept-Language: en-US,en;q=0.9,zh-CN;q=0.8,zh;q=0.7 --add-header Accept-Encoding: gzip, deflate, br --add-header Connection: keep-alive --add-header Upgrade-Insecure-Requests: 1 --add-header Sec-Fetch-Dest: document --add-header Sec-Fetch-Mode: navigate --add-header Sec-Fetch-Site: none --add-header Sec-Fetch-User: ?1 -N 8 https://www.tiktok.com/
[RESOLVE] task_id=434E62 attempt=2 status=START
[CHALLENGE] task_id=434E62 attempt=2 challenge_solver=NA
[RESOLVE] task_id=434E62 attempt=2 status=FAILED
[YTDLP RESULT] task_id=434E62 attempt=2 resolve=FAILED download=NA error_class=TIKTOK_RESOLVE reason=EXTRACTOR
[ERROR]
task_id=434E62
attempt=2
class=EXTRACTOR
category=TIKTOK_RESOLVE
stage=RESOLVE
reason=EXTRACTOR
message=ERROR: Unsupported URL: https://www.tiktok.com/
action=REFRESH_BROWSER_STATE
challenge_solver=NA

[YTDLP STDERR]
[generic] Extracting URL: https://www.tiktok.com/
[generic] www.tiktok: Downloading webpage
[generic] www.tiktok: Extracting information
ERROR: Unsupported URL: https://www.tiktok.com/

[TIKTOK RECOVERY]
task_id=434E62
stage=RESOLVE
attempt=3
reason=EXTRACTOR
action=REFRESH_COOKIE
action=REFRESH_UA
action=REFRESH_REFERER
action=REBUILD_YTDLP_ARGS
concurrency=8
wait=6s

[REQUEST]
task_id=434E62
cookie=true
ua=true
referer=true
concurrency=8
action=REFRESH_BROWSER_STATE
js_runtime_args=--no-js-runtimes --js-runtimes node:C:\Program Files\nodejs\node.exe
cookie_exists=true
cookie_count=47
cookie_size=10055
cookie_mtime=2026-08-22 15:24:17
cookie_header=REDACTED
retry_reason=ERROR: Unsupported URL: https://www.tiktok.com/
sessionid=absent
msToken=present
sid_tt=absent
ttwid=absent
tt_chain_token=absent
passport_csrf_token=absent

============================================================
[ATTEMPT]
task_id=434E62
attempt=3
concurrency=8
============================================================

[COOKIE]
task_id=434E62
source=extension
file=_all_cookies.txt
session_copy=_session_cookie_434E62.txt
exists=true
size=10055
mtime=2026-08-22 15:24:00
refreshed=true

[UA]
task_id=434E62
source=extension
length=111

[REFERER]
task_id=434E62
source=extension
value=https://www.tiktok.com/

[PROXY]
task_id=434E62
enabled=false
source=system
value=default

[JS RUNTIME]
task_id=434E62
attempt=3
enabled=true
runtime=node
path=C:\Program Files\nodejs\node.exe
js_runtime_args=--no-js-runtimes --js-runtimes node:C:\Program Files\nodejs\node.exe

[YTDLP]
task_id=434E62
attempt=3
stage=RESOLVE+DOWNLOAD
concurrency=8
retries=5
extractor_retries=3
fragment_retries=5

[COMMAND] task_id=434E62 C:\Users\Administrator\Desktop\下载\bin\yt-dlp.exe --newline --no-warnings --no-playlist --no-check-certificates --no-mtime --encoding utf-8 --user-agent Mozilla/5.0 (Windows NT 10.0; Win64; x64) AppleWebKit/537.36 (KHTML, like Gecko) Chrome/151.0.0.0 Safari/537.36 --ffmpeg-location C:\Users\Administrator\Desktop\下载\ffmpeg\bin\ffmpeg.exe -f bv*+ba/b --merge-output-format mp4 --windows-filenames --socket-timeout 30 --retries 5 --fragment-retries 5 --extractor-retries 3 --file-access-retries 3 --retry-sleep exp=1:30 --buffer-size 16M --trim-filenames 200 --skip-unavailable-fragments -o C:\Users\Administrator\Desktop\下载\_download_temp\job_2_1787383426\source.%(ext)s --no-js-runtimes --js-runtimes node:C:\Program Files\nodejs\node.exe --cookies REDACTED --referer https://www.tiktok.com/ --add-header Referer: https://www.tiktok.com/ --http-chunk-size 10M --add-header Accept: text/html,application/xhtml+xml,application/xml;q=0.9,image/avif,image/webp,image/apng,*/*;q=0.8 --add-header Accept-Language: en-US,en;q=0.9,zh-CN;q=0.8,zh;q=0.7 --add-header Accept-Encoding: gzip, deflate, br --add-header Connection: keep-alive --add-header Upgrade-Insecure-Requests: 1 --add-header Sec-Fetch-Dest: document --add-header Sec-Fetch-Mode: navigate --add-header Sec-Fetch-Site: none --add-header Sec-Fetch-User: ?1 -N 8 https://www.tiktok.com/
[RESOLVE] task_id=434E62 attempt=3 status=START
[CHALLENGE] task_id=434E62 attempt=3 challenge_solver=NA
[RESOLVE] task_id=434E62 attempt=3 status=FAILED
[YTDLP RESULT] task_id=434E62 attempt=3 resolve=FAILED download=NA error_class=TIKTOK_RESOLVE reason=EXTRACTOR
[ERROR]
task_id=434E62
attempt=3
class=EXTRACTOR
category=TIKTOK_RESOLVE
stage=RESOLVE
reason=EXTRACTOR
message=ERROR: Unsupported URL: https://www.tiktok.com/
action=REFRESH_BROWSER_STATE
challenge_solver=NA

[YTDLP STDERR]
[generic] Extracting URL: https://www.tiktok.com/
[generic] www.tiktok: Downloading webpage
[generic] www.tiktok: Extracting information
ERROR: Unsupported URL: https://www.tiktok.com/

[TIKTOK RECOVERY]
task_id=434E62
stage=RESOLVE
attempt=4
reason=EXTRACTOR
action=REFRESH_COOKIE
action=REFRESH_UA
action=REFRESH_REFERER
action=REBUILD_YTDLP_ARGS
concurrency=8
wait=12s

[REQUEST]
task_id=434E62
cookie=true
ua=true
referer=true
concurrency=8
action=REFRESH_BROWSER_STATE
js_runtime_args=--no-js-runtimes --js-runtimes node:C:\Program Files\nodejs\node.exe
cookie_exists=true
cookie_count=47
cookie_size=10055
cookie_mtime=2026-08-22 15:24:38
cookie_header=REDACTED
retry_reason=ERROR: Unsupported URL: https://www.tiktok.com/
sessionid=absent
msToken=present
sid_tt=absent
ttwid=absent
tt_chain_token=absent
passport_csrf_token=absent

============================================================
[ATTEMPT]
task_id=434E62
attempt=4
concurrency=8
============================================================

[COOKIE]
task_id=434E62
source=extension
file=_all_cookies.txt
session_copy=_session_cookie_434E62.txt
exists=true
size=10055
mtime=2026-08-22 15:24:00
refreshed=true

[UA]
task_id=434E62
source=extension
length=111

[REFERER]
task_id=434E62
source=extension
value=https://www.tiktok.com/

[PROXY]
task_id=434E62
enabled=false
source=system
value=default

[JS RUNTIME]
task_id=434E62
attempt=4
enabled=true
runtime=node
path=C:\Program Files\nodejs\node.exe
js_runtime_args=--no-js-runtimes --js-runtimes node:C:\Program Files\nodejs\node.exe

[YTDLP]
task_id=434E62
attempt=4
stage=RESOLVE+DOWNLOAD
concurrency=8
retries=5
extractor_retries=3
fragment_retries=5

[COMMAND] task_id=434E62 C:\Users\Administrator\Desktop\下载\bin\yt-dlp.exe --newline --no-warnings --no-playlist --no-check-certificates --no-mtime --encoding utf-8 --user-agent Mozilla/5.0 (Windows NT 10.0; Win64; x64) AppleWebKit/537.36 (KHTML, like Gecko) Chrome/151.0.0.0 Safari/537.36 --ffmpeg-location C:\Users\Administrator\Desktop\下载\ffmpeg\bin\ffmpeg.exe -f bv*+ba/b --merge-output-format mp4 --windows-filenames --socket-timeout 30 --retries 5 --fragment-retries 5 --extractor-retries 3 --file-access-retries 3 --retry-sleep exp=1:30 --buffer-size 16M --trim-filenames 200 --skip-unavailable-fragments -o C:\Users\Administrator\Desktop\下载\_download_temp\job_2_1787383426\source.%(ext)s --no-js-runtimes --js-runtimes node:C:\Program Files\nodejs\node.exe --cookies REDACTED --referer https://www.tiktok.com/ --add-header Referer: https://www.tiktok.com/ --http-chunk-size 10M --add-header Accept: text/html,application/xhtml+xml,application/xml;q=0.9,image/avif,image/webp,image/apng,*/*;q=0.8 --add-header Accept-Language: en-US,en;q=0.9,zh-CN;q=0.8,zh;q=0.7 --add-header Accept-Encoding: gzip, deflate, br --add-header Connection: keep-alive --add-header Upgrade-Insecure-Requests: 1 --add-header Sec-Fetch-Dest: document --add-header Sec-Fetch-Mode: navigate --add-header Sec-Fetch-Site: none --add-header Sec-Fetch-User: ?1 -N 8 https://www.tiktok.com/
[RESOLVE] task_id=434E62 attempt=4 status=START
[CHALLENGE] task_id=434E62 attempt=4 challenge_solver=NA
[RESOLVE] task_id=434E62 attempt=4 status=FAILED
[YTDLP RESULT] task_id=434E62 attempt=4 resolve=FAILED download=NA error_class=TIKTOK_RESOLVE reason=EXTRACTOR
[ERROR]
task_id=434E62
attempt=4
class=EXTRACTOR
category=TIKTOK_RESOLVE
stage=RESOLVE
reason=EXTRACTOR
message=ERROR: Unsupported URL: https://www.tiktok.com/
action=REFRESH_BROWSER_STATE
challenge_solver=NA

[YTDLP STDERR]
[generic] Extracting URL: https://www.tiktok.com/
[generic] www.tiktok: Downloading webpage
[generic] www.tiktok: Extracting information
ERROR: Unsupported URL: https://www.tiktok.com/

============================================================
[TIKTOK TASK END]
task_id=434E62
result=FAILED
attempts=4
elapsed=62.8s
initial_error_class=TIKTOK_RESOLVE
initial_error=EXTRACTOR
initial_message=ERROR: Unsupported URL: https://www.tiktok.com/
final_error_class=TIKTOK_RESOLVE
final_error=EXTRACTOR
final_failed_stage=RESOLVE
============================================================

============================================================
[TASK END]
task_id=434E62
result=FAILED
attempts=4
elapsed=62.8s
initial_error_class=TIKTOK_RESOLVE
initial_error=EXTRACTOR
final_error_class=TIKTOK_RESOLVE
final_error=EXTRACTOR
============================================================

